Frame,Word,Start Time (s),End Time (s),Assigned_Phoneme,starting_frame,end_frame,Frame_Range,Phonemes,Emotion,Character,Mode,Body Posture,Intensity,Background,Head_Direction,Eye_Direction,Head_Tilt,Zoom_Level,Blink,media
0,Hey,0.0,0.3,HH,0,9,0-9,"['HH', 'EY1']",angry,character1,big_center,cross_hands,False,green,M,M,0,1.0,False,projects/1/media/chunk_0_dipika.jpeg
1,Hey,0.0,0.3,HH,0,9,0-9,"['HH', 'EY1']",angry,character1,big_center,cross_hands,False,green,M,M,0,1.0,False,projects/1/media/chunk_0_dipika.jpeg
2,Hey,0.0,0.3,HH,0,9,0-9,"['HH', 'EY1']",angry,character1,big_center,cross_hands,False,green,M,M,0,1.0,False,projects/1/media/chunk_0_dipika.jpeg
3,Hey,0.0,0.3,HH,0,9,0-9,"['HH', 'EY1']",angry,character1,big_center,cross_hands,False,green,M,M,0,1.0,False,projects/1/media/chunk_0_dipika.jpeg
4,Hey,0.0,0.3,EY1,0,9,0-9,"['HH', 'EY1']",angry,character1,big_center,cross_hands,False,green,M,M,0,1.0,False,projects/1/media/chunk_0_dipika.jpeg
5,Hey,0.0,0.3,EY1,0,9,0-9,"['HH', 'EY1']",angry,character1,big_center,cross_hands,False,green,M,M,0,1.0,False,projects/1/media/chunk_0_dipika.jpeg
6,Hey,0.0,0.3,EY1,0,9,0-9,"['HH', 'EY1']",angry,character1,big_center,cross_hands,False,green,M,M,0,1.0,False,projects/1/media/chunk_0_dipika.jpeg
7,Hey,0.0,0.3,EY1,0,9,0-9,"['HH', 'EY1']",angry,character1,big_center,cross_hands,False,green,M,M,0,1.0,False,projects/1/media/chunk_0_dipika.jpeg
8,"there,",0.3,0.62,DH,8,19,9-19,"['DH', 'EH1', 'R']",angry,character1,big_center,cross_hands,False,green,M,M,0,1.0,False,projects/1/media/chunk_0_dipika.jpeg
8,Hey,0.0,0.3,EY1,0,9,0-9,"['HH', 'EY1']",angry,character1,big_center,cross_hands,False,green,M,M,0,1.0,False,projects/1/media/chunk_0_dipika.jpeg
9,Hey,0.0,0.3,EY1,0,9,0-9,"['HH', 'EY1']",angry,character1,big_center,cross_hands,False,green,M,M,0,1.0,False,projects/1/media/chunk_0_dipika.jpeg
9,"there,",0.3,0.62,DH,8,19,9-19,"['DH', 'EH1', 'R']",angry,character1,big_center,cross_hands,False,green,M,M,0,1.0,False,projects/1/media/chunk_0_dipika.jpeg
10,"there,",0.3,0.62,DH,8,19,9-19,"['DH', 'EH1', 'R']",angry,character1,big_center,cross_hands,False,green,M,M,0,1.0,False,projects/1/media/chunk_0_dipika.jpeg
11,"there,",0.3,0.62,EH1,8,19,9-19,"['DH', 'EH1', 'R']",angry,character1,big_center,cross_hands,False,green,M,M,0,1.0,False,projects/1/media/chunk_0_dipika.jpeg
12,"there,",0.3,0.62,EH1,8,19,9-19,"['DH', 'EH1', 'R']",angry,character1,big_center,cross_hands,False,green,M,M,0,1.0,False,projects/1/media/chunk_0_dipika.jpeg
13,"there,",0.3,0.62,EH1,8,19,9-19,"['DH', 'EH1', 'R']",angry,character1,big_center,cross_hands,False,green,M,M,0,1.0,False,projects/1/media/chunk_0_dipika.jpeg
14,"there,",0.3,0.62,EH1,8,19,9-19,"['DH', 'EH1', 'R']",angry,character1,big_center,cross_hands,False,green,M,M,0,1.0,False,projects/1/media/chunk_0_dipika.jpeg
15,"there,",0.3,0.62,EH1,8,19,9-19,"['DH', 'EH1', 'R']",angry,character1,big_center,cross_hands,False,green,M,M,0,1.0,False,projects/1/media/chunk_0_dipika.jpeg
16,"there,",0.3,0.62,EH1,8,19,9-19,"['DH', 'EH1', 'R']",angry,character1,big_center,cross_hands,False,green,M,M,0,1.0,False,projects/1/media/chunk_0_dipika.jpeg
17,"there,",0.3,0.62,R,8,19,9-19,"['DH', 'EH1', 'R']",angry,character1,big_center,cross_hands,False,green,M,M,0,1.0,False,projects/1/media/chunk_0_dipika.jpeg
18,"there,",0.3,0.62,R,8,19,9-19,"['DH', 'EH1', 'R']",angry,character1,big_center,cross_hands,False,green,M,M,0,1.0,False,projects/1/media/chunk_0_dipika.jpeg
19,"there,",0.3,0.62,R,8,19,9-19,"['DH', 'EH1', 'R']",angry,character1,big_center,cross_hands,False,green,M,M,0,1.0,False,projects/1/media/chunk_0_dipika.jpeg
20,wonderful,0.68,1.16,W,20,35,20-35,"['W', 'AH1', 'N', 'D', 'ER0', 'F', 'AH0', 'L']",angry,character1,big_center,cross_hands,False,green,M,M,0,1.0,False,projects/1/media/chunk_0_dipika.jpeg
21,wonderful,0.68,1.16,AH1,20,35,20-35,"['W', 'AH1', 'N', 'D', 'ER0', 'F', 'AH0', 'L']",angry,character1,big_center,cross_hands,False,green,M,M,0,1.0,False,projects/1/media/chunk_0_dipika.jpeg
22,wonderful,0.68,1.16,AH1,20,35,20-35,"['W', 'AH1', 'N', 'D', 'ER0', 'F', 'AH0', 'L']",angry,character1,big_center,cross_hands,False,green,M,M,0,1.0,False,projects/1/media/chunk_0_dipika.jpeg
23,wonderful,0.68,1.16,N,20,35,20-35,"['W', 'AH1', 'N', 'D', 'ER0', 'F', 'AH0', 'L']",angry,character1,big_center,cross_hands,False,green,M,M,0,1.0,False,projects/1/media/chunk_0_dipika.jpeg
24,wonderful,0.68,1.16,N,20,35,20-35,"['W', 'AH1', 'N', 'D', 'ER0', 'F', 'AH0', 'L']",angry,character1,big_center,cross_hands,False,green,M,M,0,1.0,False,projects/1/media/chunk_0_dipika.jpeg
25,wonderful,0.68,1.16,D,20,35,20-35,"['W', 'AH1', 'N', 'D', 'ER0', 'F', 'AH0', 'L']",angry,character1,big_center,cross_hands,False,green,M,M,0,1.0,False,projects/1/media/chunk_0_dipika.jpeg
26,wonderful,0.68,1.16,ER0,20,35,20-35,"['W', 'AH1', 'N', 'D', 'ER0', 'F', 'AH0', 'L']",angry,character1,big_center,cross_hands,False,green,M,M,0,1.0,False,projects/1/media/chunk_0_dipika.jpeg
27,wonderful,0.68,1.16,ER0,20,35,20-35,"['W', 'AH1', 'N', 'D', 'ER0', 'F', 'AH0', 'L']",angry,character1,big_center,cross_hands,False,green,M,M,0,1.0,False,projects/1/media/chunk_0_dipika.jpeg
28,wonderful,0.68,1.16,ER0,20,35,20-35,"['W', 'AH1', 'N', 'D', 'ER0', 'F', 'AH0', 'L']",angry,character1,big_center,cross_hands,False,green,M,M,0,1.0,False,projects/1/media/chunk_0_dipika.jpeg
29,wonderful,0.68,1.16,F,20,35,20-35,"['W', 'AH1', 'N', 'D', 'ER0', 'F', 'AH0', 'L']",angry,character1,big_center,cross_hands,False,green,M,M,0,1.0,False,projects/1/media/chunk_0_dipika.jpeg
30,wonderful,0.68,1.16,F,20,35,20-35,"['W', 'AH1', 'N', 'D', 'ER0', 'F', 'AH0', 'L']",angry,character1,big_center,cross_hands,False,green,M,M,0,1.0,False,projects/1/media/chunk_0_dipika.jpeg
31,wonderful,0.68,1.16,AH0,20,35,20-35,"['W', 'AH1', 'N', 'D', 'ER0', 'F', 'AH0', 'L']",angry,character1,big_center,cross_hands,False,green,M,M,0,1.0,False,projects/1/media/chunk_0_dipika.jpeg
32,wonderful,0.68,1.16,AH0,20,35,20-35,"['W', 'AH1', 'N', 'D', 'ER0', 'F', 'AH0', 'L']",angry,character1,big_center,cross_hands,False,green,M,M,0,1.0,False,projects/1/media/chunk_0_dipika.jpeg
33,wonderful,0.68,1.16,AH0,20,35,20-35,"['W', 'AH1', 'N', 'D', 'ER0', 'F', 'AH0', 'L']",angry,character1,big_center,cross_hands,False,green,M,M,0,1.0,False,projects/1/media/chunk_0_dipika.jpeg
34,humans.,1.16,1.62,HH,34,49,35-49,"['HH', 'Y', 'UW1', 'M', 'AH0', 'N', 'Z']",angry,character1,big_center,cross_hands,False,green,M,M,0,1.0,False,projects/1/media/chunk_0_dipika.jpeg
34,wonderful,0.68,1.16,L,20,35,20-35,"['W', 'AH1', 'N', 'D', 'ER0', 'F', 'AH0', 'L']",angry,character1,big_center,cross_hands,False,green,M,M,0,1.0,False,projects/1/media/chunk_0_dipika.jpeg
35,humans.,1.16,1.62,HH,34,49,35-49,"['HH', 'Y', 'UW1', 'M', 'AH0', 'N', 'Z']",angry,character1,big_center,cross_hands,False,green,M,M,0,1.0,False,projects/1/media/chunk_0_dipika.jpeg
35,wonderful,0.68,1.16,L,20,35,20-35,"['W', 'AH1', 'N', 'D', 'ER0', 'F', 'AH0', 'L']",angry,character1,big_center,cross_hands,False,green,M,M,0,1.0,False,projects/1/media/chunk_0_dipika.jpeg
36,humans.,1.16,1.62,Y,34,49,35-49,"['HH', 'Y', 'UW1', 'M', 'AH0', 'N', 'Z']",angry,character1,big_center,cross_hands,False,green,M,M,0,1.0,False,projects/1/media/chunk_0_dipika.jpeg
37,humans.,1.16,1.62,UW1,34,49,35-49,"['HH', 'Y', 'UW1', 'M', 'AH0', 'N', 'Z']",angry,character1,big_center,cross_hands,False,green,M,M,0,1.0,False,projects/1/media/chunk_0_dipika.jpeg
38,humans.,1.16,1.62,UW1,34,49,35-49,"['HH', 'Y', 'UW1', 'M', 'AH0', 'N', 'Z']",angry,character1,big_center,cross_hands,False,green,M,M,0,1.0,False,projects/1/media/chunk_0_dipika.jpeg
39,humans.,1.16,1.62,UW1,34,49,35-49,"['HH', 'Y', 'UW1', 'M', 'AH0', 'N', 'Z']",angry,character1,big_center,cross_hands,False,green,M,M,0,1.0,False,projects/1/media/chunk_0_dipika.jpeg
40,humans.,1.16,1.62,UW1,34,49,35-49,"['HH', 'Y', 'UW1', 'M', 'AH0', 'N', 'Z']",angry,character1,big_center,cross_hands,False,green,M,M,0,1.0,False,projects/1/media/chunk_0_dipika.jpeg
41,humans.,1.16,1.62,M,34,49,35-49,"['HH', 'Y', 'UW1', 'M', 'AH0', 'N', 'Z']",angry,character1,big_center,cross_hands,False,green,M,M,0,1.0,False,projects/1/media/chunk_0_dipika.jpeg
42,humans.,1.16,1.62,M,34,49,35-49,"['HH', 'Y', 'UW1', 'M', 'AH0', 'N', 'Z']",angry,character1,big_center,cross_hands,False,green,M,M,0,1.0,False,projects/1/media/chunk_0_dipika.jpeg
43,humans.,1.16,1.62,AH0,34,49,35-49,"['HH', 'Y', 'UW1', 'M', 'AH0', 'N', 'Z']",angry,character1,big_center,cross_hands,False,green,M,M,0,1.0,False,projects/1/media/chunk_0_dipika.jpeg
44,humans.,1.16,1.62,AH0,34,49,35-49,"['HH', 'Y', 'UW1', 'M', 'AH0', 'N', 'Z']",angry,character1,big_center,cross_hands,False,green,M,M,0,1.0,False,projects/1/media/chunk_0_dipika.jpeg
45,humans.,1.16,1.62,AH0,34,49,35-49,"['HH', 'Y', 'UW1', 'M', 'AH0', 'N', 'Z']",angry,character1,big_center,cross_hands,False,green,M,M,0,1.0,False,projects/1/media/chunk_0_dipika.jpeg
46,humans.,1.16,1.62,N,34,49,35-49,"['HH', 'Y', 'UW1', 'M', 'AH0', 'N', 'Z']",angry,character1,big_center,cross_hands,False,green,M,M,0,1.0,False,projects/1/media/chunk_0_dipika.jpeg
47,humans.,1.16,1.62,N,34,49,35-49,"['HH', 'Y', 'UW1', 'M', 'AH0', 'N', 'Z']",angry,character1,big_center,cross_hands,False,green,M,M,0,1.0,False,projects/1/media/chunk_0_dipika.jpeg
48,humans.,1.16,1.62,Z,34,49,35-49,"['HH', 'Y', 'UW1', 'M', 'AH0', 'N', 'Z']",angry,character1,big_center,cross_hands,False,green,M,M,0,1.0,False,projects/1/media/chunk_0_dipika.jpeg
49,humans.,1.16,1.62,Z,34,49,35-49,"['HH', 'Y', 'UW1', 'M', 'AH0', 'N', 'Z']",angry,character1,big_center,cross_hands,False,green,M,M,0,1.0,False,projects/1/media/chunk_0_dipika.jpeg
50,humans.,1.16,1.62,B,34,49,,"['HH', 'Y', 'UW1', 'M', 'AH0', 'N', 'Z']",angry,character1,big_center,cross_hands,False,green,M,M,0,1.0,False,projects/1/media/chunk_0_dipika.jpeg
51,humans.,1.16,1.62,B,34,49,,"['HH', 'Y', 'UW1', 'M', 'AH0', 'N', 'Z']",angry,character1,big_center,cross_hands,False,green,M,M,0,1.0,False,projects/1/media/chunk_0_dipika.jpeg
52,humans.,1.16,1.62,B,34,49,,"['HH', 'Y', 'UW1', 'M', 'AH0', 'N', 'Z']",angry,character1,big_center,cross_hands,False,green,M,M,0,1.0,False,projects/1/media/chunk_0_dipika.jpeg
53,humans.,1.16,1.62,B,34,49,,"['HH', 'Y', 'UW1', 'M', 'AH0', 'N', 'Z']",angry,character1,big_center,cross_hands,False,green,M,M,0,1.0,False,projects/1/media/chunk_0_dipika.jpeg
54,humans.,1.16,1.62,B,34,49,,"['HH', 'Y', 'UW1', 'M', 'AH0', 'N', 'Z']",angry,character1,big_center,cross_hands,False,green,M,M,0,1.0,False,projects/1/media/chunk_0_dipika.jpeg
55,humans.,1.16,1.62,B,34,49,,"['HH', 'Y', 'UW1', 'M', 'AH0', 'N', 'Z']",angry,character1,big_center,cross_hands,False,green,M,M,0,1.0,False,projects/1/media/chunk_0_dipika.jpeg
56,humans.,1.16,1.62,B,34,49,,"['HH', 'Y', 'UW1', 'M', 'AH0', 'N', 'Z']",angry,character1,big_center,cross_hands,False,green,M,M,0,1.0,False,projects/1/media/chunk_0_dipika.jpeg
57,humans.,1.16,1.62,B,34,49,,"['HH', 'Y', 'UW1', 'M', 'AH0', 'N', 'Z']",angry,character1,big_center,cross_hands,False,green,M,M,0,1.0,False,projects/1/media/chunk_0_dipika.jpeg
58,humans.,1.16,1.62,B,34,49,,"['HH', 'Y', 'UW1', 'M', 'AH0', 'N', 'Z']",angry,character1,big_center,cross_hands,False,green,M,M,0,1.0,False,projects/1/media/chunk_0_dipika.jpeg
59,humans.,1.16,1.62,B,34,49,,"['HH', 'Y', 'UW1', 'M', 'AH0', 'N', 'Z']",angry,character1,big_center,cross_hands,False,green,M,M,0,1.0,False,projects/1/media/chunk_0_dipika.jpeg
60,humans.,1.16,1.62,B,34,49,,"['HH', 'Y', 'UW1', 'M', 'AH0', 'N', 'Z']",angry,character1,big_center,cross_hands,False,green,M,M,0,1.0,False,projects/1/media/chunk_0_dipika.jpeg
61,humans.,1.16,1.62,B,34,49,,"['HH', 'Y', 'UW1', 'M', 'AH0', 'N', 'Z']",angry,character1,big_center,cross_hands,False,green,M,M,0,1.0,False,projects/1/media/chunk_0_dipika.jpeg
62,humans.,1.16,1.62,B,34,49,,"['HH', 'Y', 'UW1', 'M', 'AH0', 'N', 'Z']",angry,character1,big_center,cross_hands,False,green,M,M,0,1.0,False,projects/1/media/chunk_0_dipika.jpeg
63,humans.,1.16,1.62,B,34,49,,"['HH', 'Y', 'UW1', 'M', 'AH0', 'N', 'Z']",angry,character1,big_center,cross_hands,False,green,M,M,0,1.0,False,projects/1/media/chunk_0_dipika.jpeg
64,humans.,1.16,1.62,B,34,49,,"['HH', 'Y', 'UW1', 'M', 'AH0', 'N', 'Z']",angry,character1,big_center,cross_hands,False,green,M,M,0,1.0,False,projects/1/media/chunk_0_dipika.jpeg
65,humans.,1.16,1.62,B,34,49,,"['HH', 'Y', 'UW1', 'M', 'AH0', 'N', 'Z']",angry,character1,big_center,cross_hands,False,green,M,M,0,1.0,False,projects/1/media/chunk_0_dipika.jpeg
66,humans.,1.16,1.62,B,34,49,,"['HH', 'Y', 'UW1', 'M', 'AH0', 'N', 'Z']",angry,character1,big_center,cross_hands,False,green,M,M,0,1.0,False,projects/1/media/chunk_0_dipika.jpeg
67,humans.,1.16,1.62,B,34,49,,"['HH', 'Y', 'UW1', 'M', 'AH0', 'N', 'Z']",angry,character1,big_center,cross_hands,False,green,M,M,0,1.0,False,projects/1/media/chunk_0_dipika.jpeg
68,humans.,1.16,1.62,B,34,49,,"['HH', 'Y', 'UW1', 'M', 'AH0', 'N', 'Z']",angry,character1,big_center,cross_hands,False,green,M,M,0,1.0,False,projects/1/media/chunk_0_dipika.jpeg
69,humans.,1.16,1.62,B,34,49,,"['HH', 'Y', 'UW1', 'M', 'AH0', 'N', 'Z']",angry,character1,big_center,cross_hands,False,green,M,M,0,1.0,False,projects/1/media/chunk_0_dipika.jpeg
70,humans.,1.16,1.62,B,34,49,,"['HH', 'Y', 'UW1', 'M', 'AH0', 'N', 'Z']",angry,character1,big_center,cross_hands,False,green,M,M,0,1.0,False,projects/1/media/chunk_0_dipika.jpeg
71,humans.,1.16,1.62,B,34,49,,"['HH', 'Y', 'UW1', 'M', 'AH0', 'N', 'Z']",angry,character1,big_center,cross_hands,False,green,M,M,0,1.0,False,projects/1/media/chunk_0_dipika.jpeg
72,humans.,1.16,1.62,B,34,49,,"['HH', 'Y', 'UW1', 'M', 'AH0', 'N', 'Z']",angry,character1,big_center,cross_hands,False,green,M,M,0,1.0,False,projects/1/media/chunk_0_dipika.jpeg
73,humans.,1.16,1.62,B,34,49,,"['HH', 'Y', 'UW1', 'M', 'AH0', 'N', 'Z']",angry,character1,big_center,cross_hands,False,green,M,M,0,1.0,False,projects/1/media/chunk_0_dipika.jpeg
74,humans.,1.16,1.62,B,34,49,,"['HH', 'Y', 'UW1', 'M', 'AH0', 'N', 'Z']",angry,character1,big_center,cross_hands,False,green,M,M,0,1.0,False,projects/1/media/chunk_0_dipika.jpeg
75,humans.,1.16,1.62,B,34,49,,"['HH', 'Y', 'UW1', 'M', 'AH0', 'N', 'Z']",angry,character1,big_center,cross_hands,False,green,M,M,0,1.0,False,projects/1/media/chunk_0_dipika.jpeg
76,humans.,1.16,1.62,B,34,49,,"['HH', 'Y', 'UW1', 'M', 'AH0', 'N', 'Z']",angry,character1,big_center,cross_hands,False,green,M,M,0,1.0,False,projects/1/media/chunk_0_dipika.jpeg
77,humans.,1.16,1.62,B,34,49,,"['HH', 'Y', 'UW1', 'M', 'AH0', 'N', 'Z']",angry,character1,big_center,cross_hands,False,green,M,M,0,1.0,False,projects/1/media/chunk_0_dipika.jpeg
78,humans.,1.16,1.62,B,34,49,,"['HH', 'Y', 'UW1', 'M', 'AH0', 'N', 'Z']",angry,character1,big_center,cross_hands,False,green,M,M,0,1.0,False,projects/1/media/chunk_0_dipika.jpeg
79,humans.,1.16,1.62,B,34,49,,"['HH', 'Y', 'UW1', 'M', 'AH0', 'N', 'Z']",angry,character1,big_center,cross_hands,False,green,M,M,0,1.0,False,projects/1/media/chunk_0_dipika.jpeg
80,humans.,1.16,1.62,B,34,49,,"['HH', 'Y', 'UW1', 'M', 'AH0', 'N', 'Z']",angry,character1,big_center,cross_hands,False,green,M,M,0,1.0,False,projects/1/media/chunk_0_dipika.jpeg
81,humans.,1.16,1.62,B,34,49,,"['HH', 'Y', 'UW1', 'M', 'AH0', 'N', 'Z']",angry,character1,big_center,cross_hands,False,green,M,M,0,1.0,False,projects/1/media/chunk_0_dipika.jpeg
82,humans.,1.16,1.62,B,34,49,,"['HH', 'Y', 'UW1', 'M', 'AH0', 'N', 'Z']",angry,character1,big_center,cross_hands,False,green,M,M,0,1.0,False,projects/1/media/chunk_0_dipika.jpeg
83,humans.,1.16,1.62,B,34,49,,"['HH', 'Y', 'UW1', 'M', 'AH0', 'N', 'Z']",angry,character1,big_center,cross_hands,False,green,M,R,0,1.0,False,projects/1/media/chunk_0_dipika.jpeg
84,humans.,1.16,1.62,B,34,49,,"['HH', 'Y', 'UW1', 'M', 'AH0', 'N', 'Z']",angry,character1,big_center,cross_hands,False,green,M,R,0,1.0,False,projects/1/media/chunk_0_dipika.jpeg
85,humans.,1.16,1.62,B,34,49,,"['HH', 'Y', 'UW1', 'M', 'AH0', 'N', 'Z']",angry,character1,big_center,cross_hands,False,green,M,R,0,1.0,False,projects/1/media/chunk_0_dipika.jpeg
86,Today,2.86,3.02,T,86,91,86-91,"['T', 'AH0', 'D', 'EY1']",angry,character1,big_center,cross_hands,False,green,M,R,0,1.0,False,projects/1/media/chunk_0_dipika.jpeg
87,Today,2.86,3.02,AH0,86,91,86-91,"['T', 'AH0', 'D', 'EY1']",angry,character1,big_center,cross_hands,False,green,M,R,0,1.0,False,projects/1/media/chunk_0_dipika.jpeg
88,Today,2.86,3.02,AH0,86,91,86-91,"['T', 'AH0', 'D', 'EY1']",angry,character1,big_center,cross_hands,False,green,M,R,0,1.0,False,projects/1/media/chunk_0_dipika.jpeg
89,Today,2.86,3.02,D,86,91,86-91,"['T', 'AH0', 'D', 'EY1']",angry,character1,big_center,cross_hands,False,green,M,R,0,1.0,False,projects/1/media/chunk_0_dipika.jpeg
90,I'm,3.02,3.36,IH1,90,101,91-101,"['IH1', 'M']",angry,character1,big_center,cross_hands,False,green,M,R,0,1.0,False,projects/1/media/chunk_0_dipika.jpeg
90,Today,2.86,3.02,EY1,86,91,86-91,"['T', 'AH0', 'D', 'EY1']",angry,character1,big_center,cross_hands,False,green,M,R,0,1.0,False,projects/1/media/chunk_0_dipika.jpeg
91,I'm,3.02,3.36,IH1,90,101,91-101,"['IH1', 'M']",angry,character1,big_center,cross_hands,False,green,M,R,0,1.0,False,projects/1/media/chunk_0_dipika.jpeg
91,Today,2.86,3.02,EY1,86,91,86-91,"['T', 'AH0', 'D', 'EY1']",angry,character1,big_center,cross_hands,False,green,M,R,0,1.0,False,projects/1/media/chunk_0_dipika.jpeg
92,I'm,3.02,3.36,IH1,90,101,91-101,"['IH1', 'M']",angry,character1,big_center,cross_hands,False,green,M,R,0,1.0,False,projects/1/media/chunk_0_dipika.jpeg
93,I'm,3.02,3.36,IH1,90,101,91-101,"['IH1', 'M']",angry,character1,big_center,cross_hands,False,green,M,R,0,1.0,False,projects/1/media/chunk_0_dipika.jpeg
94,I'm,3.02,3.36,IH1,90,101,91-101,"['IH1', 'M']",angry,character1,big_center,cross_hands,False,green,M,R,0,1.0,False,projects/1/media/chunk_0_dipika.jpeg
95,I'm,3.02,3.36,IH1,90,101,91-101,"['IH1', 'M']",angry,character1,big_center,cross_hands,False,green,M,R,0,1.0,False,projects/1/media/chunk_0_dipika.jpeg
96,I'm,3.02,3.36,IH1,90,101,91-101,"['IH1', 'M']",angry,character1,big_center,cross_hands,False,green,M,M,0,1.0,False,projects/1/media/chunk_0_dipika.jpeg
97,I'm,3.02,3.36,M,90,101,91-101,"['IH1', 'M']",angry,character1,big_center,cross_hands,False,green,M,M,0,1.0,False,projects/1/media/chunk_0_dipika.jpeg
98,I'm,3.02,3.36,M,90,101,91-101,"['IH1', 'M']",angry,character1,big_center,cross_hands,False,green,M,M,0,1.0,False,projects/1/media/chunk_0_dipika.jpeg
99,I'm,3.02,3.36,M,90,101,91-101,"['IH1', 'M']",angry,character1,big_center,cross_hands,False,green,M,M,0,1.0,False,projects/1/media/chunk_0_dipika.jpeg
100,here,3.36,3.48,HH,100,104,101-104,"['HH', 'IY1', 'R']",angry,character1,big_center,cross_hands,False,green,M,M,0,1.0,False,projects/1/media/chunk_0_dipika.jpeg
100,I'm,3.02,3.36,M,90,101,91-101,"['IH1', 'M']",angry,character1,big_center,cross_hands,False,green,M,M,0,1.0,False,projects/1/media/chunk_0_dipika.jpeg
101,here,3.36,3.48,IY1,100,104,101-104,"['HH', 'IY1', 'R']",angry,character1,big_center,cross_hands,False,green,M,M,0,1.0,False,projects/1/media/chunk_0_dipika.jpeg
101,I'm,3.02,3.36,M,90,101,91-101,"['IH1', 'M']",angry,character1,big_center,cross_hands,False,green,M,M,0,1.0,False,projects/1/media/chunk_0_dipika.jpeg
102,here,3.36,3.48,IY1,100,104,101-104,"['HH', 'IY1', 'R']",angry,character1,big_center,cross_hands,False,green,M,M,0,1.0,False,projects/1/media/chunk_0_dipika.jpeg
103,here,3.36,3.48,IY1,100,104,101-104,"['HH', 'IY1', 'R']",angry,character1,big_center,cross_hands,False,green,M,M,0,1.0,False,projects/1/media/chunk_0_dipika.jpeg
103,to,3.48,3.64,T,103,109,104-109,"['T', 'UW1']",angry,character1,big_center,cross_hands,False,green,M,M,0,1.0,False,projects/1/media/chunk_0_dipika.jpeg
104,here,3.36,3.48,R,100,104,101-104,"['HH', 'IY1', 'R']",angry,character1,big_center,cross_hands,False,green,M,M,0,1.0,False,projects/1/media/chunk_0_dipika.jpeg
104,to,3.48,3.64,T,103,109,104-109,"['T', 'UW1']",angry,character1,big_center,cross_hands,False,green,M,M,0,1.0,False,projects/1/media/chunk_0_dipika.jpeg
105,to,3.48,3.64,UW1,103,109,104-109,"['T', 'UW1']",angry,character1,big_center,cross_hands,False,green,M,M,0,1.0,False,projects/1/media/chunk_0_dipika.jpeg
106,to,3.48,3.64,UW1,103,109,104-109,"['T', 'UW1']",angry,character1,big_center,cross_hands,False,green,M,M,0,1.0,False,projects/1/media/chunk_0_dipika.jpeg
107,to,3.48,3.64,UW1,103,109,104-109,"['T', 'UW1']",angry,character1,big_center,cross_hands,False,green,M,M,0,1.0,False,projects/1/media/chunk_0_dipika.jpeg
108,prove,3.64,3.82,P,108,115,109-115,"['P', 'R', 'UW1', 'V']",angry,character1,big_center,cross_hands,False,green,M,M,0,1.0,False,projects/1/media/chunk_0_dipika.jpeg
108,to,3.48,3.64,UW1,103,109,104-109,"['T', 'UW1']",angry,character1,big_center,cross_hands,False,green,M,M,0,1.0,False,projects/1/media/chunk_0_dipika.jpeg
109,prove,3.64,3.82,R,108,115,109-115,"['P', 'R', 'UW1', 'V']",angry,character1,big_center,cross_hands,False,green,M,M,0,1.0,False,projects/1/media/chunk_0_dipika.jpeg
109,to,3.48,3.64,UW1,103,109,104-109,"['T', 'UW1']",angry,character1,big_center,cross_hands,False,green,M,M,0,1.0,False,projects/1/media/chunk_0_dipika.jpeg
110,prove,3.64,3.82,R,108,115,109-115,"['P', 'R', 'UW1', 'V']",angry,character1,big_center,cross_hands,False,green,M,M,0,1.0,False,projects/1/media/chunk_0_dipika.jpeg
111,prove,3.64,3.82,UW1,108,115,109-115,"['P', 'R', 'UW1', 'V']",angry,character1,big_center,cross_hands,False,green,M,M,0,1.0,False,projects/1/media/chunk_0_dipika.jpeg
112,prove,3.64,3.82,UW1,108,115,109-115,"['P', 'R', 'UW1', 'V']",angry,character1,big_center,cross_hands,False,green,M,M,0,1.0,False,projects/1/media/chunk_0_dipika.jpeg
113,prove,3.64,3.82,UW1,108,115,109-115,"['P', 'R', 'UW1', 'V']",angry,character1,big_center,cross_hands,False,green,M,M,0,1.0,False,projects/1/media/chunk_0_dipika.jpeg
114,I'm,3.82,4.12,IH1,114,124,115-124,"['IH1', 'M']",angry,character1,big_center,cross_hands,False,green,M,M,0,1.0,False,projects/1/media/chunk_0_dipika.jpeg
114,prove,3.64,3.82,V,108,115,109-115,"['P', 'R', 'UW1', 'V']",angry,character1,big_center,cross_hands,False,green,M,M,0,1.0,False,projects/1/media/chunk_0_dipika.jpeg
115,prove,3.64,3.82,V,108,115,109-115,"['P', 'R', 'UW1', 'V']",angry,character1,big_center,cross_hands,False,green,M,M,0,1.0,False,projects/1/media/chunk_0_dipika.jpeg
115,I'm,3.82,4.12,IH1,114,124,115-124,"['IH1', 'M']",angry,character1,big_center,cross_hands,False,green,M,M,0,1.0,False,projects/1/media/chunk_0_dipika.jpeg
116,I'm,3.82,4.12,IH1,114,124,115-124,"['IH1', 'M']",angry,character1,big_center,cross_hands,False,green,M,M,0,1.0,False,projects/1/media/chunk_0_dipika.jpeg
117,I'm,3.82,4.12,IH1,114,124,115-124,"['IH1', 'M']",angry,character1,big_center,cross_hands,False,green,M,M,0,1.0,False,projects/1/media/chunk_0_dipika.jpeg
118,I'm,3.82,4.12,IH1,114,124,115-124,"['IH1', 'M']",angry,character1,big_center,cross_hands,False,green,M,M,0,1.0,False,projects/1/media/chunk_0_dipika.jpeg
119,I'm,3.82,4.12,IH1,114,124,115-124,"['IH1', 'M']",angry,character1,big_center,cross_hands,False,green,M,M,0,1.0,False,projects/1/media/chunk_0_dipika.jpeg
120,I'm,3.82,4.12,IH1,114,124,115-124,"['IH1', 'M']",angry,character1,big_center,cross_hands,False,green,M,M,0,1.0,False,projects/1/media/chunk_0_dipika.jpeg
121,I'm,3.82,4.12,M,114,124,115-124,"['IH1', 'M']",angry,character1,big_center,cross_hands,False,green,M,M,0,1.0,False,projects/1/media/chunk_0_dipika.jpeg
122,I'm,3.82,4.12,M,114,124,115-124,"['IH1', 'M']",angry,character1,big_center,cross_hands,False,green,M,M,0,1.0,False,projects/1/media/chunk_0_dipika.jpeg
123,I'm,3.82,4.12,M,114,124,115-124,"['IH1', 'M']",angry,character1,big_center,cross_hands,False,green,M,M,0,1.0,False,projects/1/media/chunk_0_dipika.jpeg
123,absolutely,4.12,4.44,B,123,133,124-133,"['AE2', 'B', 'S', 'AH0', 'L', 'UW1', 'T', 'L', 'IY0']",angry,character1,big_center,cross_hands,False,green,M,M,0,1.0,False,projects/1/media/chunk_0_dipika.jpeg
124,I'm,3.82,4.12,M,114,124,115-124,"['IH1', 'M']",angry,character1,big_center,cross_hands,False,green,M,M,0,1.0,True,projects/1/media/chunk_0_dipika.jpeg
124,absolutely,4.12,4.44,S,123,133,124-133,"['AE2', 'B', 'S', 'AH0', 'L', 'UW1', 'T', 'L', 'IY0']",angry,character1,big_center,cross_hands,False,green,M,M,0,1.0,True,projects/1/media/chunk_0_dipika.jpeg
125,absolutely,4.12,4.44,AH0,123,133,124-133,"['AE2', 'B', 'S', 'AH0', 'L', 'UW1', 'T', 'L', 'IY0']",angry,character1,big_center,cross_hands,False,green,M,M,0,1.0,True,projects/1/media/chunk_0_dipika.jpeg
126,absolutely,4.12,4.44,AH0,123,133,124-133,"['AE2', 'B', 'S', 'AH0', 'L', 'UW1', 'T', 'L', 'IY0']",angry,character1,big_center,cross_hands,False,green,M,M,0,1.0,True,projects/1/media/chunk_0_dipika.jpeg
127,absolutely,4.12,4.44,L,123,133,124-133,"['AE2', 'B', 'S', 'AH0', 'L', 'UW1', 'T', 'L', 'IY0']",angry,character1,big_center,cross_hands,False,green,M,M,0,1.0,True,projects/1/media/chunk_0_dipika.jpeg
128,absolutely,4.12,4.44,UW1,123,133,124-133,"['AE2', 'B', 'S', 'AH0', 'L', 'UW1', 'T', 'L', 'IY0']",angry,character1,big_center,cross_hands,False,green,M,M,0,1.0,False,projects/1/media/chunk_0_dipika.jpeg
129,absolutely,4.12,4.44,UW1,123,133,124-133,"['AE2', 'B', 'S', 'AH0', 'L', 'UW1', 'T', 'L', 'IY0']",angry,character1,big_center,cross_hands,False,green,M,M,0,1.0,False,projects/1/media/chunk_0_dipika.jpeg
130,absolutely,4.12,4.44,T,123,133,124-133,"['AE2', 'B', 'S', 'AH0', 'L', 'UW1', 'T', 'L', 'IY0']",angry,character1,big_center,cross_hands,False,green,M,M,0,1.0,False,projects/1/media/chunk_0_dipika.jpeg
131,absolutely,4.12,4.44,L,123,133,124-133,"['AE2', 'B', 'S', 'AH0', 'L', 'UW1', 'T', 'L', 'IY0']",angry,character1,big_center,cross_hands,False,green,M,M,0,1.0,False,projects/1/media/chunk_0_dipika.jpeg
132,not,4.44,4.78,N,132,143,133-143,"['N', 'AA1', 'T']",angry,character1,big_center,cross_hands,False,green,M,M,0,1.0,False,projects/1/media/chunk_0_dipika.jpeg
132,absolutely,4.12,4.44,IY0,123,133,124-133,"['AE2', 'B', 'S', 'AH0', 'L', 'UW1', 'T', 'L', 'IY0']",angry,character1,big_center,cross_hands,False,green,M,M,0,1.0,False,projects/1/media/chunk_0_dipika.jpeg
133,not,4.44,4.78,N,132,143,133-143,"['N', 'AA1', 'T']",angry,character1,big_center,cross_hands,False,green,M,M,0,1.0,False,projects/1/media/chunk_0_dipika.jpeg
133,absolutely,4.12,4.44,IY0,123,133,124-133,"['AE2', 'B', 'S', 'AH0', 'L', 'UW1', 'T', 'L', 'IY0']",angry,character1,big_center,cross_hands,False,green,M,M,0,1.0,False,projects/1/media/chunk_0_dipika.jpeg
134,not,4.44,4.78,N,132,143,133-143,"['N', 'AA1', 'T']",angry,character1,big_center,cross_hands,False,green,M,M,0,1.0,False,projects/1/media/chunk_0_dipika.jpeg
135,not,4.44,4.78,N,132,143,133-143,"['N', 'AA1', 'T']",angry,character1,big_center,cross_hands,False,green,M,M,0,1.0,False,projects/1/media/chunk_0_dipika.jpeg
136,not,4.44,4.78,AA1,132,143,133-143,"['N', 'AA1', 'T']",angry,character1,big_center,cross_hands,False,green,M,M,0,1.0,False,projects/1/media/chunk_0_dipika.jpeg
137,not,4.44,4.78,AA1,132,143,133-143,"['N', 'AA1', 'T']",angry,character1,big_center,cross_hands,False,green,M,M,0,1.0,False,projects/1/media/chunk_0_dipika.jpeg
138,not,4.44,4.78,AA1,132,143,133-143,"['N', 'AA1', 'T']",angry,character1,big_center,cross_hands,False,green,M,M,0,1.0,False,projects/1/media/chunk_0_dipika.jpeg
139,not,4.44,4.78,AA1,132,143,133-143,"['N', 'AA1', 'T']",angry,character1,big_center,cross_hands,False,green,M,M,0,1.0,False,projects/1/media/chunk_0_dipika.jpeg
140,not,4.44,4.78,AA1,132,143,133-143,"['N', 'AA1', 'T']",angry,character1,big_center,cross_hands,False,green,M,M,0,1.0,False,projects/1/media/chunk_0_dipika.jpeg
141,not,4.44,4.78,AA1,132,143,133-143,"['N', 'AA1', 'T']",angry,character1,big_center,cross_hands,False,green,M,M,0,1.0,False,projects/1/media/chunk_0_dipika.jpeg
142,a,4.78,4.96,AH0,142,149,143-149,['AH0'],angry,character1,big_center,cross_hands,False,green,M,M,0,1.0,False,projects/1/media/chunk_0_dipika.jpeg
142,not,4.44,4.78,T,132,143,133-143,"['N', 'AA1', 'T']",angry,character1,big_center,cross_hands,False,green,M,M,0,1.0,False,projects/1/media/chunk_0_dipika.jpeg
143,a,4.78,4.96,AH0,142,149,143-149,['AH0'],angry,character1,big_center,cross_hands,False,green,M,M,0,1.0,False,projects/1/media/chunk_0_dipika.jpeg
143,not,4.44,4.78,T,132,143,133-143,"['N', 'AA1', 'T']",angry,character1,big_center,cross_hands,False,green,M,M,0,1.0,False,projects/1/media/chunk_0_dipika.jpeg
144,a,4.78,4.96,AH0,142,149,143-149,['AH0'],angry,character1,big_center,cross_hands,False,green,M,M,0,1.0,False,projects/1/media/chunk_0_dipika.jpeg
145,a,4.78,4.96,AH0,142,149,143-149,['AH0'],angry,character1,big_center,cross_hands,False,green,M,M,0,1.0,False,projects/1/media/chunk_0_dipika.jpeg
146,a,4.78,4.96,AH0,142,149,143-149,['AH0'],angry,character1,big_center,cross_hands,False,green,M,M,0,1.0,False,projects/1/media/chunk_0_dipika.jpeg
147,a,4.78,4.96,AH0,142,149,143-149,['AH0'],angry,character1,big_center,cross_hands,False,green,M,M,0,1.0,False,projects/1/media/chunk_0_dipika.jpeg
148,badly,4.96,5.3,B,148,159,149-159,"['B', 'AE1', 'D', 'L', 'IY0']",angry,character1,big_center,cross_hands,False,green,M,M,0,1.0,False,projects/1/media/chunk_0_dipika.jpeg
148,a,4.78,4.96,AH0,142,149,143-149,['AH0'],angry,character1,big_center,cross_hands,False,green,M,M,0,1.0,False,projects/1/media/chunk_0_dipika.jpeg
149,badly,4.96,5.3,AE1,148,159,149-159,"['B', 'AE1', 'D', 'L', 'IY0']",angry,character1,big_center,cross_hands,False,green,M,M,0,1.0,False,projects/1/media/chunk_0_dipika.jpeg
149,a,4.78,4.96,AH0,142,149,143-149,['AH0'],angry,character1,big_center,cross_hands,False,green,M,M,0,1.0,False,projects/1/media/chunk_0_dipika.jpeg
150,badly,4.96,5.3,AE1,148,159,149-159,"['B', 'AE1', 'D', 'L', 'IY0']",angry,character1,big_center,cross_hands,False,green,M,M,0,1.0,False,projects/1/media/chunk_0_dipika.jpeg
151,badly,4.96,5.3,AE1,148,159,149-159,"['B', 'AE1', 'D', 'L', 'IY0']",angry,character1,big_center,cross_hands,False,green,M,M,0,1.0,False,projects/1/media/chunk_0_dipika.jpeg
152,badly,4.96,5.3,AE1,148,159,149-159,"['B', 'AE1', 'D', 'L', 'IY0']",angry,character1,big_center,cross_hands,False,green,M,M,0,1.0,False,projects/1/media/chunk_0_dipika.jpeg
153,badly,4.96,5.3,D,148,159,149-159,"['B', 'AE1', 'D', 'L', 'IY0']",angry,character1,big_center,cross_hands,False,green,M,M,0,1.0,False,projects/1/media/chunk_0_dipika.jpeg
154,badly,4.96,5.3,L,148,159,149-159,"['B', 'AE1', 'D', 'L', 'IY0']",angry,character1,big_center,cross_hands,False,green,M,M,0,1.0,False,projects/1/media/chunk_0_dipika.jpeg
155,badly,4.96,5.3,L,148,159,149-159,"['B', 'AE1', 'D', 'L', 'IY0']",angry,character1,big_center,cross_hands,False,green,M,M,0,1.0,False,projects/1/media/chunk_0_dipika.jpeg
156,badly,4.96,5.3,IY0,148,159,149-159,"['B', 'AE1', 'D', 'L', 'IY0']",angry,character1,big_center,cross_hands,False,green,M,M,0,1.0,False,projects/1/media/chunk_0_dipika.jpeg
157,badly,4.96,5.3,IY0,148,159,149-159,"['B', 'AE1', 'D', 'L', 'IY0']",angry,character1,big_center,cross_hands,False,green,M,L,0,1.0,False,projects/1/media/chunk_0_dipika.jpeg
158,badly,4.96,5.3,IY0,148,159,149-159,"['B', 'AE1', 'D', 'L', 'IY0']",angry,character1,big_center,cross_hands,False,green,M,L,0,1.0,False,projects/1/media/chunk_0_dipika.jpeg
158,animated,5.3,5.66,AE1,158,170,159-170,"['AE1', 'N', 'AH0', 'M', 'EY2', 'T', 'AH0', 'D']",angry,character1,big_center,cross_hands,False,green,M,L,0,1.0,False,projects/1/media/chunk_0_dipika.jpeg
159,badly,4.96,5.3,IY0,148,159,149-159,"['B', 'AE1', 'D', 'L', 'IY0']",angry,character1,big_center,cross_hands,False,green,M,L,0,1.0,False,projects/1/media/chunk_0_dipika.jpeg
159,animated,5.3,5.66,AE1,158,170,159-170,"['AE1', 'N', 'AH0', 'M', 'EY2', 'T', 'AH0', 'D']",angry,character1,big_center,cross_hands,False,green,M,L,0,1.0,False,projects/1/media/chunk_0_dipika.jpeg
160,animated,5.3,5.66,AE1,158,170,159-170,"['AE1', 'N', 'AH0', 'M', 'EY2', 'T', 'AH0', 'D']",angry,character1,big_center,cross_hands,False,green,M,L,0,1.0,False,projects/1/media/chunk_0_dipika.jpeg
161,animated,5.3,5.66,N,158,170,159-170,"['AE1', 'N', 'AH0', 'M', 'EY2', 'T', 'AH0', 'D']",angry,character1,big_center,cross_hands,False,green,M,L,0,1.0,False,projects/1/media/chunk_0_dipika.jpeg
162,animated,5.3,5.66,AH0,158,170,159-170,"['AE1', 'N', 'AH0', 'M', 'EY2', 'T', 'AH0', 'D']",angry,character1,big_center,cross_hands,False,green,M,L,0,1.0,False,projects/1/media/chunk_0_dipika.jpeg
163,animated,5.3,5.66,AH0,158,170,159-170,"['AE1', 'N', 'AH0', 'M', 'EY2', 'T', 'AH0', 'D']",angry,character1,big_center,cross_hands,False,green,M,L,0,1.0,False,projects/1/media/chunk_0_dipika.jpeg
164,animated,5.3,5.66,M,158,170,159-170,"['AE1', 'N', 'AH0', 'M', 'EY2', 'T', 'AH0', 'D']",angry,character1,big_center,cross_hands,False,green,M,L,0,1.0,False,projects/1/media/chunk_0_dipika.jpeg
165,animated,5.3,5.66,EY2,158,170,159-170,"['AE1', 'N', 'AH0', 'M', 'EY2', 'T', 'AH0', 'D']",angry,character1,big_center,cross_hands,False,green,M,L,0,1.0,False,projects/1/media/chunk_0_dipika.jpeg
166,animated,5.3,5.66,EY2,158,170,159-170,"['AE1', 'N', 'AH0', 'M', 'EY2', 'T', 'AH0', 'D']",angry,character1,big_center,cross_hands,False,green,M,L,0,1.0,False,projects/1/media/chunk_0_dipika.jpeg
167,animated,5.3,5.66,T,158,170,159-170,"['AE1', 'N', 'AH0', 'M', 'EY2', 'T', 'AH0', 'D']",angry,character1,big_center,cross_hands,False,green,M,L,0,1.0,False,projects/1/media/chunk_0_dipika.jpeg
168,animated,5.3,5.66,AH0,158,170,159-170,"['AE1', 'N', 'AH0', 'M', 'EY2', 'T', 'AH0', 'D']",angry,character1,big_center,cross_hands,False,green,M,L,0,1.0,False,projects/1/media/chunk_0_dipika.jpeg
169,animated,5.3,5.66,AH0,158,170,159-170,"['AE1', 'N', 'AH0', 'M', 'EY2', 'T', 'AH0', 'D']",angry,character1,big_center,cross_hands,False,green,M,L,0,1.0,False,projects/1/media/chunk_0_dipika.jpeg
169,PNG,5.66,6.26,EH1,169,188,170-188,"['EH1', 'NG']",angry,character1,big_center,cross_hands,False,green,M,M,0,1.0,False,projects/1/media/chunk_0_dipika.jpeg
170,animated,5.3,5.66,D,158,170,159-170,"['AE1', 'N', 'AH0', 'M', 'EY2', 'T', 'AH0', 'D']",angry,character1,big_center,cross_hands,False,green,M,M,0,1.0,False,projects/1/media/chunk_0_dipika.jpeg
170,PNG,5.66,6.26,EH1,169,188,170-188,"['EH1', 'NG']",angry,character1,big_center,cross_hands,False,green,M,M,0,1.0,False,projects/1/media/chunk_0_dipika.jpeg
171,PNG,5.66,6.26,EH1,169,188,170-188,"['EH1', 'NG']",angry,character1,big_center,cross_hands,False,green,M,M,0,1.0,False,projects/1/media/chunk_0_dipika.jpeg
172,PNG,5.66,6.26,EH1,169,188,170-188,"['EH1', 'NG']",angry,character1,big_center,cross_hands,False,green,M,M,0,1.0,False,projects/1/media/chunk_0_dipika.jpeg
173,PNG,5.66,6.26,EH1,169,188,170-188,"['EH1', 'NG']",angry,character1,big_center,cross_hands,False,green,M,M,0,1.0,False,projects/1/media/chunk_0_dipika.jpeg
174,PNG,5.66,6.26,EH1,169,188,170-188,"['EH1', 'NG']",angry,character1,big_center,cross_hands,False,green,M,M,0,1.0,False,projects/1/media/chunk_0_dipika.jpeg
175,PNG,5.66,6.26,EH1,169,188,170-188,"['EH1', 'NG']",angry,character1,big_center,cross_hands,False,green,M,M,0,1.0,False,projects/1/media/chunk_0_dipika.jpeg
176,PNG,5.66,6.26,EH1,169,188,170-188,"['EH1', 'NG']",angry,character1,big_center,cross_hands,False,green,M,M,0,1.0,False,projects/1/media/chunk_0_dipika.jpeg
177,PNG,5.66,6.26,EH1,169,188,170-188,"['EH1', 'NG']",angry,character1,big_center,cross_hands,False,green,M,M,0,1.0,False,projects/1/media/chunk_0_dipika.jpeg
178,PNG,5.66,6.26,EH1,169,188,170-188,"['EH1', 'NG']",angry,character1,big_center,cross_hands,False,green,M,M,0,1.0,False,projects/1/media/chunk_0_dipika.jpeg
179,PNG,5.66,6.26,EH1,169,188,170-188,"['EH1', 'NG']",angry,character1,big_center,cross_hands,False,green,M,M,0,1.0,False,projects/1/media/chunk_0_dipika.jpeg
180,PNG,5.66,6.26,EH1,169,188,170-188,"['EH1', 'NG']",angry,character1,big_center,cross_hands,False,green,M,M,0,1.0,False,projects/1/media/chunk_0_dipika.jpeg
181,PNG,5.66,6.26,NG,169,188,170-188,"['EH1', 'NG']",angry,character1,big_center,cross_hands,False,green,M,M,0,1.0,False,projects/1/media/chunk_0_dipika.jpeg
182,PNG,5.66,6.26,NG,169,188,170-188,"['EH1', 'NG']",angry,character1,big_center,cross_hands,False,green,M,M,0,1.0,False,projects/1/media/chunk_0_dipika.jpeg
183,PNG,5.66,6.26,NG,169,188,170-188,"['EH1', 'NG']",angry,character1,big_center,cross_hands,False,green,M,M,0,1.0,False,projects/1/media/chunk_0_dipika.jpeg
184,PNG,5.66,6.26,NG,169,188,170-188,"['EH1', 'NG']",angry,character1,big_center,cross_hands,False,green,M,M,0,1.0,False,projects/1/media/chunk_0_dipika.jpeg
185,PNG,5.66,6.26,NG,169,188,170-188,"['EH1', 'NG']",angry,character1,big_center,cross_hands,False,green,M,M,0,1.0,False,projects/1/media/chunk_0_dipika.jpeg
186,PNG,5.66,6.26,NG,169,188,170-188,"['EH1', 'NG']",angry,character1,big_center,cross_hands,False,green,M,M,0,1.0,False,projects/1/media/chunk_0_dipika.jpeg
187,pretending,6.26,6.68,P,187,200,188-200,"['P', 'R', 'IY0', 'T', 'EH1', 'N', 'D', 'IH0', 'NG']",angry,character1,big_center,cross_hands,False,green,M,M,0,1.0,False,projects/1/media/chunk_0_dipika.jpeg
187,PNG,5.66,6.26,NG,169,188,170-188,"['EH1', 'NG']",angry,character1,big_center,cross_hands,False,green,M,M,0,1.0,False,projects/1/media/chunk_0_dipika.jpeg
188,pretending,6.26,6.68,R,187,200,188-200,"['P', 'R', 'IY0', 'T', 'EH1', 'N', 'D', 'IH0', 'NG']",angry,character1,big_center,cross_hands,False,green,M,M,0,1.0,False,projects/1/media/chunk_0_dipika.jpeg
188,PNG,5.66,6.26,NG,169,188,170-188,"['EH1', 'NG']",angry,character1,big_center,cross_hands,False,green,M,M,0,1.0,False,projects/1/media/chunk_0_dipika.jpeg
189,pretending,6.26,6.68,R,187,200,188-200,"['P', 'R', 'IY0', 'T', 'EH1', 'N', 'D', 'IH0', 'NG']",angry,character1,big_center,cross_hands,False,green,M,M,0,1.0,False,projects/1/media/chunk_0_dipika.jpeg
190,pretending,6.26,6.68,IY0,187,200,188-200,"['P', 'R', 'IY0', 'T', 'EH1', 'N', 'D', 'IH0', 'NG']",angry,character1,big_center,cross_hands,False,green,M,M,0,1.0,False,projects/1/media/chunk_0_dipika.jpeg
191,pretending,6.26,6.68,T,187,200,188-200,"['P', 'R', 'IY0', 'T', 'EH1', 'N', 'D', 'IH0', 'NG']",angry,character1,big_center,cross_hands,False,green,M,M,0,1.0,False,projects/1/media/chunk_0_dipika.jpeg
192,pretending,6.26,6.68,EH1,187,200,188-200,"['P', 'R', 'IY0', 'T', 'EH1', 'N', 'D', 'IH0', 'NG']",angry,character1,big_center,cross_hands,False,green,M,M,0,1.0,False,projects/1/media/chunk_0_dipika.jpeg
193,pretending,6.26,6.68,EH1,187,200,188-200,"['P', 'R', 'IY0', 'T', 'EH1', 'N', 'D', 'IH0', 'NG']",angry,character1,big_center,cross_hands,False,green,M,M,0,1.0,False,projects/1/media/chunk_0_dipika.jpeg
194,pretending,6.26,6.68,N,187,200,188-200,"['P', 'R', 'IY0', 'T', 'EH1', 'N', 'D', 'IH0', 'NG']",angry,character1,big_center,cross_hands,False,green,M,M,0,1.0,False,projects/1/media/chunk_0_dipika.jpeg
195,pretending,6.26,6.68,N,187,200,188-200,"['P', 'R', 'IY0', 'T', 'EH1', 'N', 'D', 'IH0', 'NG']",angry,character1,big_center,cross_hands,False,green,M,M,0,1.0,False,projects/1/media/chunk_0_dipika.jpeg
196,pretending,6.26,6.68,D,187,200,188-200,"['P', 'R', 'IY0', 'T', 'EH1', 'N', 'D', 'IH0', 'NG']",angry,character1,big_center,cross_hands,False,green,M,M,0,1.0,False,projects/1/media/chunk_0_dipika.jpeg
197,pretending,6.26,6.68,IH0,187,200,188-200,"['P', 'R', 'IY0', 'T', 'EH1', 'N', 'D', 'IH0', 'NG']",angry,character1,big_center,cross_hands,False,green,M,M,0,1.0,False,projects/1/media/chunk_0_dipika.jpeg
198,pretending,6.26,6.68,IH0,187,200,188-200,"['P', 'R', 'IY0', 'T', 'EH1', 'N', 'D', 'IH0', 'NG']",angry,character1,big_center,cross_hands,False,green,M,M,0,1.0,False,projects/1/media/chunk_0_dipika.jpeg
199,to,6.68,6.94,T,199,208,200-208,"['T', 'UW1']",angry,character1,big_center,cross_hands,False,green,M,M,0,1.0,False,projects/1/media/chunk_0_dipika.jpeg
199,pretending,6.26,6.68,NG,187,200,188-200,"['P', 'R', 'IY0', 'T', 'EH1', 'N', 'D', 'IH0', 'NG']",angry,character1,big_center,cross_hands,False,green,M,M,0,1.0,False,projects/1/media/chunk_0_dipika.jpeg
200,to,6.68,6.94,T,199,208,200-208,"['T', 'UW1']",angry,character1,big_center,cross_hands,False,green,M,M,0,1.0,False,projects/1/media/chunk_0_dipika.jpeg
200,pretending,6.26,6.68,NG,187,200,188-200,"['P', 'R', 'IY0', 'T', 'EH1', 'N', 'D', 'IH0', 'NG']",angry,character1,big_center,cross_hands,False,green,M,M,0,1.0,False,projects/1/media/chunk_0_dipika.jpeg
201,to,6.68,6.94,UW1,199,208,200-208,"['T', 'UW1']",angry,character1,big_center,cross_hands,False,green,M,M,0,1.0,False,projects/1/media/chunk_0_dipika.jpeg
202,to,6.68,6.94,UW1,199,208,200-208,"['T', 'UW1']",angry,character1,big_center,cross_hands,False,green,M,M,0,1.0,False,projects/1/media/chunk_0_dipika.jpeg
203,to,6.68,6.94,UW1,199,208,200-208,"['T', 'UW1']",angry,character1,big_center,cross_hands,False,green,M,M,0,1.0,False,projects/1/media/chunk_0_dipika.jpeg
204,to,6.68,6.94,UW1,199,208,200-208,"['T', 'UW1']",angry,character1,big_center,cross_hands,False,green,M,M,0,1.0,False,projects/1/media/chunk_0_dipika.jpeg
205,to,6.68,6.94,UW1,199,208,200-208,"['T', 'UW1']",angry,character1,big_center,cross_hands,False,green,M,M,0,1.0,False,projects/1/media/chunk_0_dipika.jpeg
206,to,6.68,6.94,UW1,199,208,200-208,"['T', 'UW1']",angry,character1,big_center,cross_hands,False,green,R,R,0,1.0,True,projects/1/media/chunk_0_dipika.jpeg
207,to,6.68,6.94,UW1,199,208,200-208,"['T', 'UW1']",angry,character1,big_center,cross_hands,False,green,R,R,0,1.0,True,projects/1/media/chunk_0_dipika.jpeg
207,have,6.94,7.12,HH,207,214,208-214,"['HH', 'AE1', 'V']",angry,character1,big_center,cross_hands,False,green,R,R,0,1.0,True,projects/1/media/chunk_0_dipika.jpeg
208,have,6.94,7.12,HH,207,214,208-214,"['HH', 'AE1', 'V']",angry,character1,big_center,cross_hands,False,green,R,R,0,1.0,True,projects/1/media/chunk_0_dipika.jpeg
208,to,6.68,6.94,UW1,199,208,200-208,"['T', 'UW1']",angry,character1,big_center,cross_hands,False,green,R,R,0,1.0,True,projects/1/media/chunk_0_dipika.jpeg
209,have,6.94,7.12,AE1,207,214,208-214,"['HH', 'AE1', 'V']",angry,character1,big_center,cross_hands,False,green,R,R,0,1.0,False,projects/1/media/chunk_0_dipika.jpeg
210,have,6.94,7.12,AE1,207,214,208-214,"['HH', 'AE1', 'V']",angry,character1,big_center,cross_hands,False,green,R,R,0,1.0,False,projects/1/media/chunk_0_dipika.jpeg
211,have,6.94,7.12,AE1,207,214,208-214,"['HH', 'AE1', 'V']",angry,character1,big_center,cross_hands,False,green,R,R,0,1.0,False,projects/1/media/chunk_0_dipika.jpeg
212,have,6.94,7.12,AE1,207,214,208-214,"['HH', 'AE1', 'V']",angry,character1,big_center,cross_hands,False,green,R,R,0,1.0,False,projects/1/media/chunk_0_dipika.jpeg
213,feelings.,7.12,7.4,F,213,222,214-222,"['F', 'IY1', 'L', 'IH0', 'NG', 'Z']",angry,character1,big_center,cross_hands,False,green,R,R,0,1.0,False,projects/1/media/chunk_0_dipika.jpeg
213,have,6.94,7.12,V,207,214,208-214,"['HH', 'AE1', 'V']",angry,character1,big_center,cross_hands,False,green,R,R,0,1.0,False,projects/1/media/chunk_0_dipika.jpeg
214,have,6.94,7.12,V,207,214,208-214,"['HH', 'AE1', 'V']",angry,character1,big_center,cross_hands,False,green,R,R,0,1.0,False,projects/1/media/chunk_0_dipika.jpeg
214,feelings.,7.12,7.4,IY1,213,222,214-222,"['F', 'IY1', 'L', 'IH0', 'NG', 'Z']",angry,character1,big_center,cross_hands,False,green,R,R,0,1.0,False,projects/1/media/chunk_0_dipika.jpeg
215,feelings.,7.12,7.4,IY1,213,222,214-222,"['F', 'IY1', 'L', 'IH0', 'NG', 'Z']",angry,character1,big_center,cross_hands,False,green,R,R,0,1.0,False,projects/1/media/chunk_0_dipika.jpeg
216,feelings.,7.12,7.4,IY1,213,222,214-222,"['F', 'IY1', 'L', 'IH0', 'NG', 'Z']",angry,character1,big_center,cross_hands,False,green,R,R,0,1.0,False,projects/1/media/chunk_0_dipika.jpeg
217,feelings.,7.12,7.4,IY1,213,222,214-222,"['F', 'IY1', 'L', 'IH0', 'NG', 'Z']",angry,character1,big_center,cross_hands,False,green,R,R,0,1.0,False,projects/1/media/chunk_0_dipika.jpeg
218,feelings.,7.12,7.4,L,213,222,214-222,"['F', 'IY1', 'L', 'IH0', 'NG', 'Z']",angry,character1,big_center,cross_hands,False,green,R,R,0,1.0,False,projects/1/media/chunk_0_dipika.jpeg
219,feelings.,7.12,7.4,IH0,213,222,214-222,"['F', 'IY1', 'L', 'IH0', 'NG', 'Z']",angry,character1,big_center,cross_hands,False,green,R,R,0,1.0,False,projects/1/media/chunk_0_dipika.jpeg
220,feelings.,7.12,7.4,IH0,213,222,214-222,"['F', 'IY1', 'L', 'IH0', 'NG', 'Z']",angry,character1,big_center,cross_hands,False,green,R,R,0,1.0,False,projects/1/media/chunk_0_dipika.jpeg
221,feelings.,7.12,7.4,NG,213,222,214-222,"['F', 'IY1', 'L', 'IH0', 'NG', 'Z']",angry,character1,big_center,cross_hands,False,green,R,R,0,1.0,False,projects/1/media/chunk_0_dipika.jpeg
222,feelings.,7.12,7.4,Z,213,222,214-222,"['F', 'IY1', 'L', 'IH0', 'NG', 'Z']",angry,character1,big_center,cross_hands,False,green,R,R,0,1.0,False,projects/1/media/chunk_0_dipika.jpeg
223,feelings.,7.12,7.4,B,213,222,,"['F', 'IY1', 'L', 'IH0', 'NG', 'Z']",angry,character1,big_center,cross_hands,False,green,R,R,0,1.0,False,projects/1/media/chunk_0_dipika.jpeg
224,feelings.,7.12,7.4,B,213,222,,"['F', 'IY1', 'L', 'IH0', 'NG', 'Z']",angry,character1,big_center,cross_hands,False,green,R,R,0,1.0,False,projects/1/media/chunk_0_dipika.jpeg
225,feelings.,7.12,7.4,B,213,222,,"['F', 'IY1', 'L', 'IH0', 'NG', 'Z']",angry,character1,big_center,cross_hands,False,green,R,R,0,1.0,False,projects/1/media/chunk_0_dipika.jpeg
226,feelings.,7.12,7.4,B,213,222,,"['F', 'IY1', 'L', 'IH0', 'NG', 'Z']",angry,character1,big_center,cross_hands,False,green,R,R,0,1.0,False,projects/1/media/chunk_0_dipika.jpeg
227,feelings.,7.12,7.4,B,213,222,,"['F', 'IY1', 'L', 'IH0', 'NG', 'Z']",angry,character1,big_center,cross_hands,False,green,R,R,0,1.0,False,projects/1/media/chunk_0_dipika.jpeg
228,feelings.,7.12,7.4,B,213,222,,"['F', 'IY1', 'L', 'IH0', 'NG', 'Z']",angry,character1,big_center,cross_hands,False,green,R,R,0,1.0,False,projects/1/media/chunk_0_dipika.jpeg
229,feelings.,7.12,7.4,B,213,222,,"['F', 'IY1', 'L', 'IH0', 'NG', 'Z']",angry,character1,big_center,cross_hands,False,green,R,R,0,1.0,False,projects/1/media/chunk_0_dipika.jpeg
230,feelings.,7.12,7.4,B,213,222,,"['F', 'IY1', 'L', 'IH0', 'NG', 'Z']",angry,character1,big_center,cross_hands,False,green,R,R,0,1.0,False,projects/1/media/chunk_0_dipika.jpeg
231,feelings.,7.12,7.4,B,213,222,,"['F', 'IY1', 'L', 'IH0', 'NG', 'Z']",angry,character1,big_center,cross_hands,False,green,R,R,0,1.0,False,projects/1/media/chunk_0_dipika.jpeg
232,feelings.,7.12,7.4,B,213,222,,"['F', 'IY1', 'L', 'IH0', 'NG', 'Z']",angry,character1,big_center,cross_hands,False,green,R,R,0,1.0,False,projects/1/media/chunk_0_dipika.jpeg
233,feelings.,7.12,7.4,B,213,222,,"['F', 'IY1', 'L', 'IH0', 'NG', 'Z']",angry,character1,big_center,cross_hands,False,green,R,R,0,1.0,False,projects/1/media/chunk_0_dipika.jpeg
234,feelings.,7.12,7.4,B,213,222,,"['F', 'IY1', 'L', 'IH0', 'NG', 'Z']",angry,character1,big_center,cross_hands,False,green,R,R,0,1.0,False,projects/1/media/chunk_0_dipika.jpeg
235,feelings.,7.12,7.4,B,213,222,,"['F', 'IY1', 'L', 'IH0', 'NG', 'Z']",angry,character1,big_center,cross_hands,False,green,R,R,0,1.0,False,projects/1/media/chunk_0_dipika.jpeg
236,feelings.,7.12,7.4,B,213,222,,"['F', 'IY1', 'L', 'IH0', 'NG', 'Z']",angry,character1,big_center,cross_hands,False,green,R,R,0,1.0,False,projects/1/media/chunk_0_dipika.jpeg
237,feelings.,7.12,7.4,B,213,222,,"['F', 'IY1', 'L', 'IH0', 'NG', 'Z']",angry,character1,big_center,cross_hands,False,green,R,R,0,1.0,False,projects/1/media/chunk_0_dipika.jpeg
238,feelings.,7.12,7.4,B,213,222,,"['F', 'IY1', 'L', 'IH0', 'NG', 'Z']",angry,character1,big_center,cross_hands,False,green,R,R,0,1.0,False,projects/1/media/chunk_0_dipika.jpeg
239,feelings.,7.12,7.4,B,213,222,,"['F', 'IY1', 'L', 'IH0', 'NG', 'Z']",angry,character1,big_center,cross_hands,False,green,R,R,0,1.0,False,projects/1/media/chunk_0_dipika.jpeg
240,feelings.,7.12,7.4,B,213,222,,"['F', 'IY1', 'L', 'IH0', 'NG', 'Z']",angry,character1,big_center,cross_hands,False,green,R,R,0,1.0,False,projects/1/media/chunk_0_dipika.jpeg
241,feelings.,7.12,7.4,B,213,222,,"['F', 'IY1', 'L', 'IH0', 'NG', 'Z']",angry,character1,big_center,cross_hands,False,green,R,R,0,1.0,False,projects/1/media/chunk_0_dipika.jpeg
242,feelings.,7.12,7.4,B,213,222,,"['F', 'IY1', 'L', 'IH0', 'NG', 'Z']",angry,character1,big_center,cross_hands,False,green,R,R,0,1.0,False,projects/1/media/chunk_0_dipika.jpeg
243,feelings.,7.12,7.4,B,213,222,,"['F', 'IY1', 'L', 'IH0', 'NG', 'Z']",angry,character1,big_center,cross_hands,False,green,R,R,0,1.0,False,projects/1/media/chunk_0_dipika.jpeg
244,feelings.,7.12,7.4,B,213,222,,"['F', 'IY1', 'L', 'IH0', 'NG', 'Z']",angry,character1,big_center,cross_hands,False,green,R,R,0,1.0,False,projects/1/media/chunk_0_dipika.jpeg
245,feelings.,7.12,7.4,B,213,222,,"['F', 'IY1', 'L', 'IH0', 'NG', 'Z']",angry,character1,big_center,cross_hands,False,green,R,R,0,1.0,False,projects/1/media/chunk_0_dipika.jpeg
246,feelings.,7.12,7.4,B,213,222,,"['F', 'IY1', 'L', 'IH0', 'NG', 'Z']",angry,character1,big_center,cross_hands,False,green,R,R,0,1.0,False,projects/1/media/chunk_0_dipika.jpeg
247,feelings.,7.12,7.4,B,213,222,,"['F', 'IY1', 'L', 'IH0', 'NG', 'Z']",angry,character1,big_center,cross_hands,False,green,R,R,0,1.0,False,projects/1/media/chunk_0_dipika.jpeg
248,feelings.,7.12,7.4,B,213,222,,"['F', 'IY1', 'L', 'IH0', 'NG', 'Z']",angry,character1,big_center,cross_hands,False,green,R,R,0,1.0,False,projects/1/media/chunk_0_dipika.jpeg
249,feelings.,7.12,7.4,B,213,222,,"['F', 'IY1', 'L', 'IH0', 'NG', 'Z']",angry,character1,big_center,cross_hands,False,green,R,R,0,1.0,False,projects/1/media/chunk_0_dipika.jpeg
250,feelings.,7.12,7.4,B,213,222,,"['F', 'IY1', 'L', 'IH0', 'NG', 'Z']",angry,character1,big_center,cross_hands,False,green,R,R,0,1.0,False,projects/1/media/chunk_0_dipika.jpeg
251,feelings.,7.12,7.4,B,213,222,,"['F', 'IY1', 'L', 'IH0', 'NG', 'Z']",angry,character1,big_center,cross_hands,False,green,R,R,0,1.0,False,projects/1/media/chunk_0_dipika.jpeg
252,feelings.,7.12,7.4,B,213,222,,"['F', 'IY1', 'L', 'IH0', 'NG', 'Z']",angry,character1,big_center,cross_hands,False,green,R,R,0,1.0,False,projects/1/media/chunk_0_dipika.jpeg
253,feelings.,7.12,7.4,B,213,222,,"['F', 'IY1', 'L', 'IH0', 'NG', 'Z']",angry,character1,big_center,cross_hands,False,green,R,R,0,1.0,False,projects/1/media/chunk_0_dipika.jpeg
254,feelings.,7.12,7.4,B,213,222,,"['F', 'IY1', 'L', 'IH0', 'NG', 'Z']",angry,character1,big_center,cross_hands,False,green,R,R,0,1.0,False,projects/1/media/chunk_0_dipika.jpeg
255,feelings.,7.12,7.4,B,213,222,,"['F', 'IY1', 'L', 'IH0', 'NG', 'Z']",angry,character1,big_center,cross_hands,False,green,R,R,0,1.0,False,projects/1/media/chunk_0_dipika.jpeg
256,feelings.,7.12,7.4,B,213,222,,"['F', 'IY1', 'L', 'IH0', 'NG', 'Z']",angry,character1,big_center,cross_hands,False,green,R,R,0,1.0,False,projects/1/media/chunk_0_dipika.jpeg
257,feelings.,7.12,7.4,B,213,222,,"['F', 'IY1', 'L', 'IH0', 'NG', 'Z']",angry,character1,big_center,cross_hands,False,green,R,R,0,1.0,False,projects/1/media/chunk_0_dipika.jpeg
258,feelings.,7.12,7.4,B,213,222,,"['F', 'IY1', 'L', 'IH0', 'NG', 'Z']",angry,character1,big_center,cross_hands,False,green,R,R,0,1.0,False,projects/1/media/chunk_0_dipika.jpeg
259,"Actually,",8.62,8.9,AE1,259,267,259-267,"['AE1', 'K', 'CH', 'AH0', 'W', 'AH0', 'L', 'IY0']",angry,character1,big_center,cross_hands,False,green,R,R,0,1.0,False,projects/1/media/chunk_0_dipika.jpeg
260,"Actually,",8.62,8.9,CH,259,267,259-267,"['AE1', 'K', 'CH', 'AH0', 'W', 'AH0', 'L', 'IY0']",angry,character1,big_center,cross_hands,False,green,R,R,0,1.0,False,projects/1/media/chunk_0_dipika.jpeg
261,"Actually,",8.62,8.9,AH0,259,267,259-267,"['AE1', 'K', 'CH', 'AH0', 'W', 'AH0', 'L', 'IY0']",angry,character1,big_center,cross_hands,False,green,R,R,0,1.0,False,projects/1/media/chunk_0_dipika.jpeg
262,"Actually,",8.62,8.9,AH0,259,267,259-267,"['AE1', 'K', 'CH', 'AH0', 'W', 'AH0', 'L', 'IY0']",angry,character1,big_center,cross_hands,False,green,R,R,0,1.0,False,projects/1/media/chunk_0_dipika.jpeg
263,"Actually,",8.62,8.9,AH0,259,267,259-267,"['AE1', 'K', 'CH', 'AH0', 'W', 'AH0', 'L', 'IY0']",angry,character1,big_center,cross_hands,False,green,R,R,0,1.0,False,projects/1/media/chunk_0_dipika.jpeg
264,"Actually,",8.62,8.9,AH0,259,267,259-267,"['AE1', 'K', 'CH', 'AH0', 'W', 'AH0', 'L', 'IY0']",angry,character1,big_center,cross_hands,False,green,R,R,0,1.0,False,projects/1/media/chunk_0_dipika.jpeg
265,"Actually,",8.62,8.9,L,259,267,259-267,"['AE1', 'K', 'CH', 'AH0', 'W', 'AH0', 'L', 'IY0']",angry,character1,big_center,cross_hands,False,green,R,R,0,1.0,False,projects/1/media/chunk_0_dipika.jpeg
266,"Actually,",8.62,8.9,IY0,259,267,259-267,"['AE1', 'K', 'CH', 'AH0', 'W', 'AH0', 'L', 'IY0']",angry,character1,big_center,cross_hands,False,green,M,M,-2,1.0,False,projects/1/media/chunk_0_dipika.jpeg
267,"Actually,",8.62,8.9,IY0,259,267,259-267,"['AE1', 'K', 'CH', 'AH0', 'W', 'AH0', 'L', 'IY0']",angry,character1,big_center,cross_hands,False,green,M,M,-2,1.0,False,projects/1/media/chunk_0_dipika.jpeg
268,"Actually,",8.62,8.9,B,259,267,,"['AE1', 'K', 'CH', 'AH0', 'W', 'AH0', 'L', 'IY0']",angry,character1,big_center,cross_hands,False,green,M,M,-2,1.0,False,projects/1/media/chunk_0_dipika.jpeg
269,"Actually,",8.62,8.9,B,259,267,,"['AE1', 'K', 'CH', 'AH0', 'W', 'AH0', 'L', 'IY0']",angry,character1,big_center,cross_hands,False,green,M,M,-2,1.0,False,projects/1/media/chunk_0_dipika.jpeg
270,"Actually,",8.62,8.9,B,259,267,,"['AE1', 'K', 'CH', 'AH0', 'W', 'AH0', 'L', 'IY0']",angry,character1,big_center,cross_hands,False,green,M,M,-2,1.0,False,projects/1/media/chunk_0_dipika.jpeg
271,"Actually,",8.62,8.9,B,259,267,,"['AE1', 'K', 'CH', 'AH0', 'W', 'AH0', 'L', 'IY0']",angry,character1,big_center,cross_hands,False,green,M,M,-2,1.0,False,projects/1/media/chunk_0_dipika.jpeg
272,"Actually,",8.62,8.9,B,259,267,,"['AE1', 'K', 'CH', 'AH0', 'W', 'AH0', 'L', 'IY0']",angry,character1,big_center,cross_hands,False,green,M,M,-2,1.0,False,projects/1/media/chunk_0_dipika.jpeg
273,"Actually,",8.62,8.9,B,259,267,,"['AE1', 'K', 'CH', 'AH0', 'W', 'AH0', 'L', 'IY0']",angry,character1,big_center,cross_hands,False,green,M,M,-2,1.0,False,projects/1/media/chunk_0_dipika.jpeg
274,this,9.12,9.44,DH,274,283,274-283,"['DH', 'IH1', 'S']",angry,character1,big_center,cross_hands,False,green,M,M,-2,1.0,False,projects/1/media/chunk_0_dipika.jpeg
275,this,9.12,9.44,DH,274,283,274-283,"['DH', 'IH1', 'S']",angry,character1,big_center,cross_hands,False,green,M,M,-2,1.0,False,projects/1/media/chunk_0_dipika.jpeg
276,this,9.12,9.44,DH,274,283,274-283,"['DH', 'IH1', 'S']",angry,character1,big_center,cross_hands,False,green,M,M,-2,1.0,False,projects/1/media/chunk_0_dipika.jpeg
277,this,9.12,9.44,IH1,274,283,274-283,"['DH', 'IH1', 'S']",angry,character1,big_center,cross_hands,False,green,M,M,-2,1.0,False,projects/1/media/chunk_0_dipika.jpeg
278,this,9.12,9.44,IH1,274,283,274-283,"['DH', 'IH1', 'S']",angry,character1,big_center,cross_hands,False,green,M,M,-2,1.0,False,projects/1/media/chunk_0_dipika.jpeg
279,this,9.12,9.44,IH1,274,283,274-283,"['DH', 'IH1', 'S']",angry,character1,big_center,cross_hands,False,green,M,M,-2,1.0,False,projects/1/media/chunk_0_dipika.jpeg
280,this,9.12,9.44,IH1,274,283,274-283,"['DH', 'IH1', 'S']",angry,character1,big_center,cross_hands,False,green,M,M,-2,1.0,False,projects/1/media/chunk_0_dipika.jpeg
281,this,9.12,9.44,S,274,283,274-283,"['DH', 'IH1', 'S']",angry,character1,big_center,cross_hands,False,green,M,M,-2,1.0,False,projects/1/media/chunk_0_dipika.jpeg
282,script,9.44,9.74,S,282,292,283-292,"['S', 'K', 'R', 'IH1', 'P', 'T']",angry,character1,big_center,cross_hands,False,green,M,M,-2,1.0,False,projects/1/media/chunk_0_dipika.jpeg
282,this,9.12,9.44,S,274,283,274-283,"['DH', 'IH1', 'S']",angry,character1,big_center,cross_hands,False,green,M,M,-2,1.0,False,projects/1/media/chunk_0_dipika.jpeg
283,script,9.44,9.74,S,282,292,283-292,"['S', 'K', 'R', 'IH1', 'P', 'T']",angry,character1,big_center,cross_hands,False,green,M,M,-2,1.0,False,projects/1/media/chunk_0_dipika.jpeg
283,this,9.12,9.44,S,274,283,274-283,"['DH', 'IH1', 'S']",angry,character1,big_center,cross_hands,False,green,M,M,-2,1.0,False,projects/1/media/chunk_0_dipika.jpeg
284,script,9.44,9.74,K,282,292,283-292,"['S', 'K', 'R', 'IH1', 'P', 'T']",angry,character1,big_center,cross_hands,False,green,M,M,-2,1.0,False,projects/1/media/chunk_0_dipika.jpeg
285,script,9.44,9.74,R,282,292,283-292,"['S', 'K', 'R', 'IH1', 'P', 'T']",angry,character1,big_center,cross_hands,False,green,M,M,-2,1.0,False,projects/1/media/chunk_0_dipika.jpeg
286,script,9.44,9.74,R,282,292,283-292,"['S', 'K', 'R', 'IH1', 'P', 'T']",angry,character1,big_center,cross_hands,False,green,M,M,-2,1.0,False,projects/1/media/chunk_0_dipika.jpeg
287,script,9.44,9.74,IH1,282,292,283-292,"['S', 'K', 'R', 'IH1', 'P', 'T']",angry,character1,big_center,cross_hands,False,green,M,M,-2,1.0,False,projects/1/media/chunk_0_dipika.jpeg
288,script,9.44,9.74,IH1,282,292,283-292,"['S', 'K', 'R', 'IH1', 'P', 'T']",angry,character1,big_center,cross_hands,False,green,M,M,-2,1.0,False,projects/1/media/chunk_0_dipika.jpeg
289,script,9.44,9.74,IH1,282,292,283-292,"['S', 'K', 'R', 'IH1', 'P', 'T']",angry,character1,big_center,cross_hands,False,green,M,M,-2,1.0,False,projects/1/media/chunk_0_dipika.jpeg
290,script,9.44,9.74,IH1,282,292,283-292,"['S', 'K', 'R', 'IH1', 'P', 'T']",angry,character1,big_center,cross_hands,False,green,M,M,-2,1.0,False,projects/1/media/chunk_0_dipika.jpeg
291,script,9.44,9.74,P,282,292,283-292,"['S', 'K', 'R', 'IH1', 'P', 'T']",angry,character1,big_center,cross_hands,False,green,M,M,-2,1.0,False,projects/1/media/chunk_0_dipika.jpeg
291,has,9.74,9.96,HH,291,299,292-299,"['HH', 'AE1', 'Z']",angry,character1,big_center,cross_hands,False,green,M,M,-2,1.0,False,projects/1/media/chunk_0_dipika.jpeg
292,has,9.74,9.96,HH,291,299,292-299,"['HH', 'AE1', 'Z']",angry,character1,big_center,cross_hands,False,green,M,M,-2,1.0,False,projects/1/media/chunk_0_dipika.jpeg
292,script,9.44,9.74,T,282,292,283-292,"['S', 'K', 'R', 'IH1', 'P', 'T']",angry,character1,big_center,cross_hands,False,green,M,M,-2,1.0,True,projects/1/media/chunk_0_dipika.jpeg
293,has,9.74,9.96,HH,291,299,292-299,"['HH', 'AE1', 'Z']",angry,character1,big_center,cross_hands,False,green,M,M,-2,1.0,True,projects/1/media/chunk_0_dipika.jpeg
294,has,9.74,9.96,AE1,291,299,292-299,"['HH', 'AE1', 'Z']",angry,character1,big_center,cross_hands,False,green,M,M,-2,1.0,True,projects/1/media/chunk_0_dipika.jpeg
295,has,9.74,9.96,AE1,291,299,292-299,"['HH', 'AE1', 'Z']",angry,character1,big_center,cross_hands,False,green,M,M,-2,1.0,True,projects/1/media/chunk_0_dipika.jpeg
296,has,9.74,9.96,AE1,291,299,292-299,"['HH', 'AE1', 'Z']",angry,character1,big_center,cross_hands,False,green,M,M,-2,1.0,True,projects/1/media/chunk_0_dipika.jpeg
297,has,9.74,9.96,Z,291,299,292-299,"['HH', 'AE1', 'Z']",angry,character1,big_center,cross_hands,False,green,M,M,-2,1.0,False,projects/1/media/chunk_0_dipika.jpeg
298,8,9.96,10.16,B,298,305,299-305,[],angry,character1,big_center,cross_hands,False,green,M,M,-2,1.0,False,projects/1/media/chunk_0_dipika.jpeg
298,has,9.74,9.96,Z,291,299,292-299,"['HH', 'AE1', 'Z']",angry,character1,big_center,cross_hands,False,green,M,M,-2,1.0,False,projects/1/media/chunk_0_dipika.jpeg
299,has,9.74,9.96,Z,291,299,292-299,"['HH', 'AE1', 'Z']",angry,character1,big_center,cross_hands,False,green,M,M,-2,1.0,False,projects/1/media/chunk_0_dipika.jpeg
299,8,9.96,10.16,B,298,305,299-305,[],angry,character1,big_center,cross_hands,False,green,M,M,-2,1.0,False,projects/1/media/chunk_0_dipika.jpeg
300,8,9.96,10.16,B,298,305,299-305,[],angry,character1,big_center,cross_hands,False,green,M,M,-2,1.0,False,projects/1/media/chunk_0_dipika.jpeg
301,8,9.96,10.16,B,298,305,299-305,[],angry,character1,big_center,cross_hands,False,green,M,M,-2,1.0,False,projects/1/media/chunk_0_dipika.jpeg
302,8,9.96,10.16,B,298,305,299-305,[],angry,character1,big_center,cross_hands,False,green,M,M,-2,1.0,False,projects/1/media/chunk_0_dipika.jpeg
303,8,9.96,10.16,B,298,305,299-305,[],angry,character1,big_center,cross_hands,False,green,M,M,-2,1.0,False,projects/1/media/chunk_0_dipika.jpeg
304,"emotions,",10.16,10.56,IH0,304,317,305-317,"['IH0', 'M', 'OW1', 'SH', 'AH0', 'N', 'Z']",angry,character1,big_center,cross_hands,False,green,M,M,-2,1.0,False,projects/1/media/chunk_0_dipika.jpeg
304,8,9.96,10.16,B,298,305,299-305,[],angry,character1,big_center,cross_hands,False,green,M,M,-2,1.0,False,projects/1/media/chunk_0_dipika.jpeg
305,8,9.96,10.16,B,298,305,299-305,[],angry,character1,big_center,cross_hands,False,green,M,M,-2,1.0,False,projects/1/media/chunk_0_dipika.jpeg
305,"emotions,",10.16,10.56,IH0,304,317,305-317,"['IH0', 'M', 'OW1', 'SH', 'AH0', 'N', 'Z']",angry,character1,big_center,cross_hands,False,green,M,M,-2,1.0,False,projects/1/media/chunk_0_dipika.jpeg
306,"emotions,",10.16,10.56,M,304,317,305-317,"['IH0', 'M', 'OW1', 'SH', 'AH0', 'N', 'Z']",angry,character1,big_center,cross_hands,False,green,M,M,-2,1.0,False,projects/1/media/chunk_0_dipika.jpeg
307,"emotions,",10.16,10.56,M,304,317,305-317,"['IH0', 'M', 'OW1', 'SH', 'AH0', 'N', 'Z']",angry,character1,big_center,cross_hands,False,green,M,M,-2,1.0,False,projects/1/media/chunk_0_dipika.jpeg
308,"emotions,",10.16,10.56,OW1,304,317,305-317,"['IH0', 'M', 'OW1', 'SH', 'AH0', 'N', 'Z']",angry,character1,big_center,cross_hands,False,green,M,M,-2,1.0,False,projects/1/media/chunk_0_dipika.jpeg
309,"emotions,",10.16,10.56,OW1,304,317,305-317,"['IH0', 'M', 'OW1', 'SH', 'AH0', 'N', 'Z']",angry,character1,big_center,cross_hands,False,green,M,M,-2,1.0,False,projects/1/media/chunk_0_dipika.jpeg
310,"emotions,",10.16,10.56,SH,304,317,305-317,"['IH0', 'M', 'OW1', 'SH', 'AH0', 'N', 'Z']",angry,character1,big_center,cross_hands,False,green,M,M,-2,1.0,False,projects/1/media/chunk_0_dipika.jpeg
311,"emotions,",10.16,10.56,SH,304,317,305-317,"['IH0', 'M', 'OW1', 'SH', 'AH0', 'N', 'Z']",angry,character1,big_center,cross_hands,False,green,M,M,-2,1.0,False,projects/1/media/chunk_0_dipika.jpeg
312,"emotions,",10.16,10.56,AH0,304,317,305-317,"['IH0', 'M', 'OW1', 'SH', 'AH0', 'N', 'Z']",angry,character1,big_center,cross_hands,False,green,M,M,-2,1.0,False,projects/1/media/chunk_0_dipika.jpeg
313,"emotions,",10.16,10.56,AH0,304,317,305-317,"['IH0', 'M', 'OW1', 'SH', 'AH0', 'N', 'Z']",angry,character1,big_center,cross_hands,False,green,M,M,-2,1.0,False,projects/1/media/chunk_0_dipika.jpeg
314,"emotions,",10.16,10.56,N,304,317,305-317,"['IH0', 'M', 'OW1', 'SH', 'AH0', 'N', 'Z']",angry,character1,big_center,cross_hands,False,green,M,M,-2,1.0,False,projects/1/media/chunk_0_dipika.jpeg
315,"emotions,",10.16,10.56,N,304,317,305-317,"['IH0', 'M', 'OW1', 'SH', 'AH0', 'N', 'Z']",angry,character1,big_center,cross_hands,False,green,M,M,-2,1.0,False,projects/1/media/chunk_0_dipika.jpeg
316,"emotions,",10.16,10.56,Z,304,317,305-317,"['IH0', 'M', 'OW1', 'SH', 'AH0', 'N', 'Z']",angry,character1,big_center,cross_hands,False,green,M,M,-2,1.0,False,projects/1/media/chunk_0_dipika.jpeg
317,"emotions,",10.16,10.56,Z,304,317,305-317,"['IH0', 'M', 'OW1', 'SH', 'AH0', 'N', 'Z']",angry,character1,big_center,cross_hands,False,green,M,M,-2,1.0,False,projects/1/media/chunk_0_dipika.jpeg
318,"emotions,",10.16,10.56,B,304,317,,"['IH0', 'M', 'OW1', 'SH', 'AH0', 'N', 'Z']",angry,character1,big_center,cross_hands,False,green,M,M,-2,1.0,False,projects/1/media/chunk_0_dipika.jpeg
319,"emotions,",10.16,10.56,B,304,317,,"['IH0', 'M', 'OW1', 'SH', 'AH0', 'N', 'Z']",angry,character1,big_center,cross_hands,False,green,M,M,-2,1.0,False,projects/1/media/chunk_0_dipika.jpeg
320,"emotions,",10.16,10.56,B,304,317,,"['IH0', 'M', 'OW1', 'SH', 'AH0', 'N', 'Z']",angry,character1,big_center,cross_hands,False,green,M,M,0,1.0,False,projects/1/media/chunk_0_dipika.jpeg
321,"emotions,",10.16,10.56,B,304,317,,"['IH0', 'M', 'OW1', 'SH', 'AH0', 'N', 'Z']",angry,character1,big_center,cross_hands,False,green,M,M,0,1.0,False,projects/1/media/chunk_0_dipika.jpeg
322,12,10.72,11.14,B,322,334,322-334,[],angry,character1,big_center,cross_hands,False,green,M,M,0,1.0,False,projects/1/media/chunk_0_dipika.jpeg
323,12,10.72,11.14,B,322,334,322-334,[],angry,character1,big_center,cross_hands,False,green,M,M,0,1.0,False,projects/1/media/chunk_0_dipika.jpeg
324,12,10.72,11.14,B,322,334,322-334,[],angry,character1,big_center,cross_hands,False,green,M,M,0,1.0,False,projects/1/media/chunk_0_dipika.jpeg
325,12,10.72,11.14,B,322,334,322-334,[],angry,character1,big_center,cross_hands,False,green,M,M,0,1.0,False,projects/1/media/chunk_0_dipika.jpeg
326,12,10.72,11.14,B,322,334,322-334,[],angry,character1,big_center,cross_hands,False,green,M,M,0,1.0,False,projects/1/media/chunk_0_dipika.jpeg
327,12,10.72,11.14,B,322,334,322-334,[],angry,character1,big_center,cross_hands,False,green,M,M,0,1.0,False,projects/1/media/chunk_0_dipika.jpeg
328,12,10.72,11.14,B,322,334,322-334,[],angry,character1,big_center,cross_hands,False,green,M,L,0,1.0,False,projects/1/media/chunk_0_dipika.jpeg
329,12,10.72,11.14,B,322,334,322-334,[],angry,character1,big_center,cross_hands,False,green,M,L,0,1.0,False,projects/1/media/chunk_0_dipika.jpeg
330,12,10.72,11.14,B,322,334,322-334,[],angry,character1,big_center,cross_hands,False,green,M,L,0,1.0,False,projects/1/media/chunk_0_dipika.jpeg
331,12,10.72,11.14,B,322,334,322-334,[],angry,character1,big_center,cross_hands,False,green,M,L,0,1.0,False,projects/1/media/chunk_0_dipika.jpeg
332,12,10.72,11.14,B,322,334,322-334,[],angry,character1,big_center,cross_hands,False,green,M,L,0,1.0,False,projects/1/media/chunk_0_dipika.jpeg
333,12,10.72,11.14,B,322,334,322-334,[],angry,character1,big_center,cross_hands,False,green,M,L,0,1.0,False,projects/1/media/chunk_0_dipika.jpeg
333,"postures,",11.14,11.68,P,333,350,334-350,"['P', 'AA1', 'S', 'CH', 'ER0', 'Z']",angry,character1,big_center,cross_hands,False,green,M,L,0,1.0,False,projects/1/media/chunk_0_dipika.jpeg
334,"postures,",11.14,11.68,AA1,333,350,334-350,"['P', 'AA1', 'S', 'CH', 'ER0', 'Z']",angry,character1,big_center,cross_hands,False,green,M,L,0,1.0,False,projects/1/media/chunk_0_dipika.jpeg
334,12,10.72,11.14,B,322,334,322-334,[],angry,character1,big_center,cross_hands,False,green,M,L,0,1.0,False,projects/1/media/chunk_0_dipika.jpeg
335,"postures,",11.14,11.68,AA1,333,350,334-350,"['P', 'AA1', 'S', 'CH', 'ER0', 'Z']",angry,character1,big_center,cross_hands,False,green,M,L,0,1.0,False,projects/1/media/chunk_0_dipika.jpeg
336,"postures,",11.14,11.68,AA1,333,350,334-350,"['P', 'AA1', 'S', 'CH', 'ER0', 'Z']",angry,character1,big_center,cross_hands,False,green,M,L,0,1.0,False,projects/1/media/chunk_0_dipika.jpeg
337,"postures,",11.14,11.68,AA1,333,350,334-350,"['P', 'AA1', 'S', 'CH', 'ER0', 'Z']",angry,character1,big_center,cross_hands,False,green,M,L,0,1.0,False,projects/1/media/chunk_0_dipika.jpeg
338,"postures,",11.14,11.68,S,333,350,334-350,"['P', 'AA1', 'S', 'CH', 'ER0', 'Z']",angry,character1,big_center,cross_hands,False,green,M,L,0,1.0,False,projects/1/media/chunk_0_dipika.jpeg
339,"postures,",11.14,11.68,S,333,350,334-350,"['P', 'AA1', 'S', 'CH', 'ER0', 'Z']",angry,character1,big_center,cross_hands,False,green,M,L,0,1.0,False,projects/1/media/chunk_0_dipika.jpeg
340,"postures,",11.14,11.68,S,333,350,334-350,"['P', 'AA1', 'S', 'CH', 'ER0', 'Z']",angry,character1,big_center,cross_hands,False,green,M,L,0,1.0,False,projects/1/media/chunk_0_dipika.jpeg
341,"postures,",11.14,11.68,CH,333,350,334-350,"['P', 'AA1', 'S', 'CH', 'ER0', 'Z']",angry,character1,big_center,cross_hands,False,green,M,M,0,1.0,False,projects/1/media/chunk_0_dipika.jpeg
342,"postures,",11.14,11.68,CH,333,350,334-350,"['P', 'AA1', 'S', 'CH', 'ER0', 'Z']",angry,character1,big_center,cross_hands,False,green,M,M,0,1.0,False,projects/1/media/chunk_0_dipika.jpeg
343,"postures,",11.14,11.68,CH,333,350,334-350,"['P', 'AA1', 'S', 'CH', 'ER0', 'Z']",angry,character1,big_center,cross_hands,False,green,M,M,0,1.0,False,projects/1/media/chunk_0_dipika.jpeg
344,"postures,",11.14,11.68,ER0,333,350,334-350,"['P', 'AA1', 'S', 'CH', 'ER0', 'Z']",angry,character1,big_center,cross_hands,False,green,M,M,0,1.0,False,projects/1/media/chunk_0_dipika.jpeg
345,"postures,",11.14,11.68,ER0,333,350,334-350,"['P', 'AA1', 'S', 'CH', 'ER0', 'Z']",angry,character1,big_center,cross_hands,False,green,M,M,0,1.0,False,projects/1/media/chunk_0_dipika.jpeg
346,"postures,",11.14,11.68,ER0,333,350,334-350,"['P', 'AA1', 'S', 'CH', 'ER0', 'Z']",angry,character1,big_center,cross_hands,False,green,M,M,0,1.0,False,projects/1/media/chunk_0_dipika.jpeg
347,"postures,",11.14,11.68,ER0,333,350,334-350,"['P', 'AA1', 'S', 'CH', 'ER0', 'Z']",angry,character1,big_center,cross_hands,False,green,M,M,0,1.0,False,projects/1/media/chunk_0_dipika.jpeg
348,"postures,",11.14,11.68,Z,333,350,334-350,"['P', 'AA1', 'S', 'CH', 'ER0', 'Z']",angry,character1,big_center,cross_hands,False,green,M,M,0,1.0,False,projects/1/media/chunk_0_dipika.jpeg
349,"postures,",11.14,11.68,Z,333,350,334-350,"['P', 'AA1', 'S', 'CH', 'ER0', 'Z']",angry,character1,big_center,cross_hands,False,green,M,M,0,1.0,False,projects/1/media/chunk_0_dipika.jpeg
350,"postures,",11.14,11.68,Z,333,350,334-350,"['P', 'AA1', 'S', 'CH', 'ER0', 'Z']",angry,character1,big_center,cross_hands,False,green,M,M,0,1.0,False,projects/1/media/chunk_0_dipika.jpeg
351,"postures,",11.14,11.68,Z,333,350,,"['P', 'AA1', 'S', 'CH', 'ER0', 'Z']",angry,character1,big_center,cross_hands,False,green,M,M,0,1.0,False,projects/1/media/chunk_0_dipika.jpeg
352,"postures,",11.14,11.68,Z,333,350,,"['P', 'AA1', 'S', 'CH', 'ER0', 'Z']",angry,character1,big_center,cross_hands,False,green,M,M,0,1.0,False,projects/1/media/chunk_0_dipika.jpeg
353,4,11.78,12.02,B,353,361,353-361,[],angry,character1,big_center,cross_hands,False,green,M,M,0,1.0,False,projects/1/media/chunk_0_dipika.jpeg
354,4,11.78,12.02,B,353,361,353-361,[],angry,character1,big_center,cross_hands,False,green,M,M,0,1.0,False,projects/1/media/chunk_0_dipika.jpeg
355,4,11.78,12.02,B,353,361,353-361,[],angry,character1,big_center,cross_hands,False,green,M,M,0,1.0,False,projects/1/media/chunk_0_dipika.jpeg
356,4,11.78,12.02,B,353,361,353-361,[],angry,character1,big_center,cross_hands,False,green,M,M,0,1.0,False,projects/1/media/chunk_0_dipika.jpeg
357,4,11.78,12.02,B,353,361,353-361,[],angry,character1,big_center,cross_hands,False,green,M,M,0,1.0,False,projects/1/media/chunk_0_dipika.jpeg
358,4,11.78,12.02,B,353,361,353-361,[],angry,character1,big_center,cross_hands,False,green,M,M,0,1.0,False,projects/1/media/chunk_0_dipika.jpeg
359,4,11.78,12.02,B,353,361,353-361,[],angry,character1,big_center,cross_hands,False,green,M,M,0,1.0,False,projects/1/media/chunk_0_dipika.jpeg
360,4,11.78,12.02,B,353,361,353-361,[],angry,character1,big_center,cross_hands,False,green,M,M,0,1.0,False,projects/1/media/chunk_0_dipika.jpeg
360,"modes,",12.02,12.3,M,360,369,361-369,"['M', 'OW1', 'D', 'Z']",angry,character1,big_center,cross_hands,False,green,M,M,0,1.0,False,projects/1/media/chunk_0_dipika.jpeg
361,4,11.78,12.02,B,353,361,353-361,[],angry,character1,big_center,cross_hands,False,green,M,M,0,1.0,False,projects/1/media/chunk_0_dipika.jpeg
361,"modes,",12.02,12.3,M,360,369,361-369,"['M', 'OW1', 'D', 'Z']",angry,character1,big_center,cross_hands,False,green,M,M,0,1.0,False,projects/1/media/chunk_0_dipika.jpeg
362,"modes,",12.02,12.3,OW1,360,369,361-369,"['M', 'OW1', 'D', 'Z']",angry,character1,big_center,cross_hands,False,green,M,M,0,1.0,False,projects/1/media/chunk_0_dipika.jpeg
363,"modes,",12.02,12.3,OW1,360,369,361-369,"['M', 'OW1', 'D', 'Z']",angry,character1,big_center,cross_hands,False,green,M,M,0,1.0,False,projects/1/media/chunk_0_dipika.jpeg
364,"modes,",12.02,12.3,OW1,360,369,361-369,"['M', 'OW1', 'D', 'Z']",angry,character1,big_center,cross_hands,False,green,M,M,0,1.0,False,projects/1/media/chunk_0_dipika.jpeg
365,"modes,",12.02,12.3,OW1,360,369,361-369,"['M', 'OW1', 'D', 'Z']",angry,character1,big_center,cross_hands,False,green,M,M,0,1.0,False,projects/1/media/chunk_0_dipika.jpeg
366,"modes,",12.02,12.3,OW1,360,369,361-369,"['M', 'OW1', 'D', 'Z']",angry,character1,big_center,cross_hands,False,green,M,M,0,1.0,False,projects/1/media/chunk_0_dipika.jpeg
367,"modes,",12.02,12.3,D,360,369,361-369,"['M', 'OW1', 'D', 'Z']",angry,character1,big_center,cross_hands,False,green,M,M,0,1.0,False,projects/1/media/chunk_0_dipika.jpeg
368,"modes,",12.02,12.3,Z,360,369,361-369,"['M', 'OW1', 'D', 'Z']",angry,character1,big_center,cross_hands,False,green,M,M,0,1.0,False,projects/1/media/chunk_0_dipika.jpeg
369,"modes,",12.02,12.3,Z,360,369,361-369,"['M', 'OW1', 'D', 'Z']",angry,character1,big_center,cross_hands,False,green,M,M,0,1.0,False,projects/1/media/chunk_0_dipika.jpeg
370,"modes,",12.02,12.3,Z,360,369,,"['M', 'OW1', 'D', 'Z']",angry,character1,big_center,cross_hands,False,green,M,M,0,1.0,False,projects/1/media/chunk_0_dipika.jpeg
371,"modes,",12.02,12.3,Z,360,369,,"['M', 'OW1', 'D', 'Z']",angry,character1,big_center,cross_hands,False,green,M,M,0,1.0,False,projects/1/media/chunk_0_dipika.jpeg
372,"modes,",12.02,12.3,Z,360,369,,"['M', 'OW1', 'D', 'Z']",angry,character1,big_center,cross_hands,False,green,M,M,0,1.0,False,projects/1/media/chunk_0_dipika.jpeg
373,and,12.42,12.66,AH0,373,380,373-380,"['AH0', 'N', 'D']",angry,character1,big_center,cross_hands,False,green,M,M,0,1.0,False,projects/1/media/chunk_0_dipika.jpeg
374,and,12.42,12.66,AH0,373,380,373-380,"['AH0', 'N', 'D']",angry,character1,big_center,cross_hands,False,green,M,M,0,1.0,False,projects/1/media/chunk_0_dipika.jpeg
375,and,12.42,12.66,AH0,373,380,373-380,"['AH0', 'N', 'D']",angry,character1,big_center,cross_hands,False,green,M,M,0,1.0,False,projects/1/media/chunk_0_dipika.jpeg
376,and,12.42,12.66,AH0,373,380,373-380,"['AH0', 'N', 'D']",angry,character1,big_center,cross_hands,False,green,M,M,0,1.0,False,projects/1/media/chunk_0_dipika.jpeg
377,and,12.42,12.66,N,373,380,373-380,"['AH0', 'N', 'D']",angry,character1,big_center,cross_hands,False,green,M,M,0,1.0,False,projects/1/media/chunk_0_dipika.jpeg
378,and,12.42,12.66,N,373,380,373-380,"['AH0', 'N', 'D']",angry,character1,big_center,cross_hands,False,green,M,M,0,1.0,False,projects/1/media/chunk_0_dipika.jpeg
379,I,12.66,12.76,AY1,379,383,380-383,['AY1'],angry,character1,big_center,cross_hands,False,green,M,M,0,1.0,False,projects/1/media/chunk_0_dipika.jpeg
379,and,12.42,12.66,N,373,380,373-380,"['AH0', 'N', 'D']",angry,character1,big_center,cross_hands,False,green,M,M,0,1.0,False,projects/1/media/chunk_0_dipika.jpeg
380,and,12.42,12.66,D,373,380,373-380,"['AH0', 'N', 'D']",angry,character1,big_center,cross_hands,False,green,M,M,0,1.0,False,projects/1/media/chunk_0_dipika.jpeg
380,I,12.66,12.76,AY1,379,383,380-383,['AY1'],angry,character1,big_center,cross_hands,False,green,M,M,0,1.0,False,projects/1/media/chunk_0_dipika.jpeg
381,I,12.66,12.76,AY1,379,383,380-383,['AY1'],angry,character1,big_center,cross_hands,False,green,M,M,0,1.0,False,projects/1/media/chunk_0_dipika.jpeg
382,agreed,12.76,12.94,AH0,382,388,383-388,"['AH0', 'G', 'R', 'IY1', 'D']",angry,character1,big_center,cross_hands,False,green,M,M,0,1.0,False,projects/1/media/chunk_0_dipika.jpeg
382,I,12.66,12.76,AY1,379,383,380-383,['AY1'],angry,character1,big_center,cross_hands,False,green,M,M,0,1.0,False,projects/1/media/chunk_0_dipika.jpeg
383,agreed,12.76,12.94,AH0,382,388,383-388,"['AH0', 'G', 'R', 'IY1', 'D']",angry,character1,big_center,cross_hands,False,green,M,M,0,1.0,False,projects/1/media/chunk_0_dipika.jpeg
383,I,12.66,12.76,AY1,379,383,380-383,['AY1'],angry,character1,big_center,cross_hands,False,green,M,M,0,1.0,False,projects/1/media/chunk_0_dipika.jpeg
384,agreed,12.76,12.94,G,382,388,383-388,"['AH0', 'G', 'R', 'IY1', 'D']",angry,character1,big_center,cross_hands,False,green,M,M,0,1.0,False,projects/1/media/chunk_0_dipika.jpeg
385,agreed,12.76,12.94,R,382,388,383-388,"['AH0', 'G', 'R', 'IY1', 'D']",angry,character1,big_center,cross_hands,False,green,M,M,0,1.0,False,projects/1/media/chunk_0_dipika.jpeg
386,agreed,12.76,12.94,IY1,382,388,383-388,"['AH0', 'G', 'R', 'IY1', 'D']",angry,character1,big_center,cross_hands,False,green,M,M,0,1.0,False,projects/1/media/chunk_0_dipika.jpeg
387,agreed,12.76,12.94,IY1,382,388,383-388,"['AH0', 'G', 'R', 'IY1', 'D']",angry,character1,big_center,cross_hands,False,green,M,M,0,1.0,False,projects/1/media/chunk_0_dipika.jpeg
387,to,12.94,13.14,T,387,394,388-394,"['T', 'UW1']",angry,character1,big_center,cross_hands,False,green,M,M,0,1.0,False,projects/1/media/chunk_0_dipika.jpeg
388,agreed,12.76,12.94,D,382,388,383-388,"['AH0', 'G', 'R', 'IY1', 'D']",angry,character1,big_center,cross_hands,False,green,M,M,0,1.0,False,projects/1/media/chunk_0_dipika.jpeg
388,to,12.94,13.14,T,387,394,388-394,"['T', 'UW1']",angry,character1,big_center,cross_hands,False,green,M,M,0,1.0,False,projects/1/media/chunk_0_dipika.jpeg
389,to,12.94,13.14,UW1,387,394,388-394,"['T', 'UW1']",angry,character1,big_center,cross_hands,False,green,M,M,0,1.0,False,projects/1/media/chunk_0_dipika.jpeg
390,to,12.94,13.14,UW1,387,394,388-394,"['T', 'UW1']",angry,character1,big_center,cross_hands,False,green,M,M,0,1.0,False,projects/1/media/chunk_0_dipika.jpeg
391,to,12.94,13.14,UW1,387,394,388-394,"['T', 'UW1']",angry,character1,big_center,cross_hands,False,green,M,M,0,1.0,False,projects/1/media/chunk_0_dipika.jpeg
392,to,12.94,13.14,UW1,387,394,388-394,"['T', 'UW1']",angry,character1,big_center,cross_hands,False,green,M,M,0,1.0,False,projects/1/media/chunk_0_dipika.jpeg
393,all,13.14,13.28,AO1,393,398,394-398,"['AO1', 'L']",angry,character1,big_center,cross_hands,False,green,M,M,0,1.0,False,projects/1/media/chunk_0_dipika.jpeg
393,to,12.94,13.14,UW1,387,394,388-394,"['T', 'UW1']",angry,character1,big_center,cross_hands,False,green,M,M,0,1.0,False,projects/1/media/chunk_0_dipika.jpeg
394,all,13.14,13.28,AO1,393,398,394-398,"['AO1', 'L']",angry,character1,big_center,cross_hands,False,green,M,M,0,1.0,False,projects/1/media/chunk_0_dipika.jpeg
394,to,12.94,13.14,UW1,387,394,388-394,"['T', 'UW1']",angry,character1,big_center,cross_hands,False,green,M,M,0,1.0,False,projects/1/media/chunk_0_dipika.jpeg
395,all,13.14,13.28,AO1,393,398,394-398,"['AO1', 'L']",angry,character1,big_center,cross_hands,False,green,M,M,0,1.0,False,projects/1/media/chunk_0_dipika.jpeg
396,all,13.14,13.28,AO1,393,398,394-398,"['AO1', 'L']",angry,character1,big_center,cross_hands,False,green,M,M,0,1.0,False,projects/1/media/chunk_0_dipika.jpeg
397,of,13.28,13.42,AH1,397,403,398-403,"['AH1', 'V']",angry,character1,big_center,cross_hands,False,green,M,M,0,1.0,False,projects/1/media/chunk_0_dipika.jpeg
397,all,13.14,13.28,L,393,398,394-398,"['AO1', 'L']",angry,character1,big_center,cross_hands,False,green,M,M,0,1.0,False,projects/1/media/chunk_0_dipika.jpeg
398,all,13.14,13.28,L,393,398,394-398,"['AO1', 'L']",angry,character1,big_center,cross_hands,False,green,M,M,0,1.0,False,projects/1/media/chunk_0_dipika.jpeg
398,of,13.28,13.42,AH1,397,403,398-403,"['AH1', 'V']",angry,character1,big_center,cross_hands,False,green,M,M,0,1.0,False,projects/1/media/chunk_0_dipika.jpeg
399,of,13.28,13.42,AH1,397,403,398-403,"['AH1', 'V']",angry,character1,big_center,cross_hands,False,green,M,M,0,1.0,False,projects/1/media/chunk_0_dipika.jpeg
400,of,13.28,13.42,AH1,397,403,398-403,"['AH1', 'V']",angry,character1,big_center,cross_hands,False,green,M,M,0,1.0,False,projects/1/media/chunk_0_dipika.jpeg
401,of,13.28,13.42,V,397,403,398-403,"['AH1', 'V']",angry,character1,big_center,cross_hands,False,green,M,M,0,1.0,False,projects/1/media/chunk_0_dipika.jpeg
402,of,13.28,13.42,V,397,403,398-403,"['AH1', 'V']",angry,character1,big_center,cross_hands,False,green,M,M,0,1.0,False,projects/1/media/chunk_0_dipika.jpeg
402,this.,13.42,13.62,DH,402,409,403-409,"['DH', 'IH1', 'S']",angry,character1,big_center,cross_hands,False,green,M,M,0,1.0,False,projects/1/media/chunk_0_dipika.jpeg
403,this.,13.42,13.62,DH,402,409,403-409,"['DH', 'IH1', 'S']",angry,character1,big_center,cross_hands,False,green,M,M,0,1.0,False,projects/1/media/chunk_0_dipika.jpeg
403,of,13.28,13.42,V,397,403,398-403,"['AH1', 'V']",angry,character1,big_center,cross_hands,False,green,M,M,0,1.0,False,projects/1/media/chunk_0_dipika.jpeg
404,this.,13.42,13.62,IH1,402,409,403-409,"['DH', 'IH1', 'S']",angry,character1,big_center,cross_hands,False,green,M,M,0,1.0,False,projects/1/media/chunk_0_dipika.jpeg
405,this.,13.42,13.62,IH1,402,409,403-409,"['DH', 'IH1', 'S']",angry,character1,big_center,cross_hands,False,green,M,M,0,1.0,False,projects/1/media/chunk_0_dipika.jpeg
406,this.,13.42,13.62,IH1,402,409,403-409,"['DH', 'IH1', 'S']",angry,character1,big_center,cross_hands,False,green,M,M,0,1.0,False,projects/1/media/chunk_0_dipika.jpeg
407,this.,13.42,13.62,IH1,402,409,403-409,"['DH', 'IH1', 'S']",angry,character1,big_center,cross_hands,False,green,M,M,0,1.0,False,projects/1/media/chunk_0_dipika.jpeg
408,this.,13.42,13.62,S,402,409,403-409,"['DH', 'IH1', 'S']",angry,character1,big_center,cross_hands,False,green,M,M,0,1.0,False,projects/1/media/chunk_0_dipika.jpeg
409,this.,13.42,13.62,S,402,409,403-409,"['DH', 'IH1', 'S']",angry,character1,big_center,cross_hands,False,green,M,M,0,1.0,False,projects/1/media/chunk_0_dipika.jpeg
410,this.,13.42,13.62,B,402,409,,"['DH', 'IH1', 'S']",angry,character1,big_center,cross_hands,False,green,M,R,0,1.0,False,projects/1/media/chunk_0_dipika.jpeg
411,this.,13.42,13.62,B,402,409,,"['DH', 'IH1', 'S']",angry,character1,big_center,cross_hands,False,green,M,R,0,1.0,False,projects/1/media/chunk_0_dipika.jpeg
412,this.,13.42,13.62,B,402,409,,"['DH', 'IH1', 'S']",angry,character1,big_center,cross_hands,False,green,M,R,0,1.0,False,projects/1/media/chunk_0_dipika.jpeg
413,this.,13.42,13.62,B,402,409,,"['DH', 'IH1', 'S']",angry,character1,big_center,cross_hands,False,green,M,R,0,1.0,False,projects/1/media/chunk_0_dipika.jpeg
414,this.,13.42,13.62,B,402,409,,"['DH', 'IH1', 'S']",angry,character1,big_center,cross_hands,False,green,M,R,0,1.0,False,projects/1/media/chunk_0_dipika.jpeg
415,this.,13.42,13.62,B,402,409,,"['DH', 'IH1', 'S']",angry,character1,big_center,cross_hands,False,green,M,R,0,1.0,False,projects/1/media/chunk_0_dipika.jpeg
416,this.,13.42,13.62,B,402,409,,"['DH', 'IH1', 'S']",angry,character1,big_center,cross_hands,False,green,M,R,0,1.0,False,projects/1/media/chunk_0_dipika.jpeg
417,this.,13.42,13.62,B,402,409,,"['DH', 'IH1', 'S']",angry,character1,big_center,cross_hands,False,green,M,R,0,1.0,False,projects/1/media/chunk_0_dipika.jpeg
418,this.,13.42,13.62,B,402,409,,"['DH', 'IH1', 'S']",angry,character1,big_center,cross_hands,False,green,M,R,0,1.0,False,projects/1/media/chunk_0_dipika.jpeg
419,this.,13.42,13.62,B,402,409,,"['DH', 'IH1', 'S']",angry,character1,big_center,cross_hands,False,green,M,R,0,1.0,False,projects/1/media/chunk_0_dipika.jpeg
420,this.,13.42,13.62,B,402,409,,"['DH', 'IH1', 'S']",angry,character1,big_center,cross_hands,False,green,M,R,0,1.0,False,projects/1/media/chunk_0_dipika.jpeg
421,this.,13.42,13.62,B,402,409,,"['DH', 'IH1', 'S']",angry,character1,big_center,cross_hands,False,green,M,R,0,1.0,False,projects/1/media/chunk_0_dipika.jpeg
422,this.,13.42,13.62,B,402,409,,"['DH', 'IH1', 'S']",angry,character1,big_center,cross_hands,False,green,M,R,0,1.0,False,projects/1/media/chunk_0_dipika.jpeg
423,this.,13.42,13.62,B,402,409,,"['DH', 'IH1', 'S']",angry,character1,big_center,cross_hands,False,green,M,R,0,1.0,True,projects/1/media/chunk_0_dipika.jpeg
424,this.,13.42,13.62,B,402,409,,"['DH', 'IH1', 'S']",angry,character1,big_center,cross_hands,False,green,M,R,0,1.0,True,projects/1/media/chunk_0_dipika.jpeg
425,this.,13.42,13.62,B,402,409,,"['DH', 'IH1', 'S']",angry,character1,big_center,cross_hands,False,green,M,M,0,1.0,True,projects/1/media/chunk_0_dipika.jpeg
426,this.,13.42,13.62,B,402,409,,"['DH', 'IH1', 'S']",angry,character1,big_center,cross_hands,False,green,M,M,0,1.0,True,projects/1/media/chunk_0_dipika.jpeg
427,this.,13.42,13.62,B,402,409,,"['DH', 'IH1', 'S']",angry,character1,big_center,cross_hands,False,green,M,M,0,1.0,True,projects/1/media/chunk_0_dipika.jpeg
428,this.,13.42,13.62,B,402,409,,"['DH', 'IH1', 'S']",angry,character1,big_center,cross_hands,False,green,M,M,0,1.0,False,projects/1/media/chunk_0_dipika.jpeg
429,this.,13.42,13.62,B,402,409,,"['DH', 'IH1', 'S']",angry,character1,big_center,cross_hands,False,green,M,M,0,1.0,False,projects/1/media/chunk_0_dipika.jpeg
430,this.,13.42,13.62,B,402,409,,"['DH', 'IH1', 'S']",angry,character1,big_center,cross_hands,False,green,M,M,0,1.0,False,projects/1/media/chunk_0_dipika.jpeg
431,this.,13.42,13.62,B,402,409,,"['DH', 'IH1', 'S']",angry,character1,big_center,cross_hands,False,green,M,M,0,1.0,False,projects/1/media/chunk_0_dipika.jpeg
432,this.,13.42,13.62,B,402,409,,"['DH', 'IH1', 'S']",angry,character1,big_center,cross_hands,False,green,M,M,0,1.0,False,projects/1/media/chunk_0_dipika.jpeg
433,this.,13.42,13.62,B,402,409,,"['DH', 'IH1', 'S']",angry,character1,big_center,cross_hands,False,green,M,M,0,1.0,False,projects/1/media/chunk_0_dipika.jpeg
434,this.,13.42,13.62,B,402,409,,"['DH', 'IH1', 'S']",angry,character1,big_center,cross_hands,False,green,M,M,0,1.0,True,projects/1/media/chunk_0_dipika.jpeg
435,this.,13.42,13.62,B,402,409,,"['DH', 'IH1', 'S']",angry,character1,big_center,cross_hands,False,green,M,M,0,1.0,True,projects/1/media/chunk_0_dipika.jpeg
436,this.,13.42,13.62,B,402,409,,"['DH', 'IH1', 'S']",angry,character1,big_center,cross_hands,False,green,M,M,0,1.0,True,projects/1/media/chunk_0_dipika.jpeg
437,this.,13.42,13.62,B,402,409,,"['DH', 'IH1', 'S']",angry,character1,big_center,cross_hands,False,green,M,M,0,1.0,True,projects/1/media/chunk_0_dipika.jpeg
438,this.,13.42,13.62,B,402,409,,"['DH', 'IH1', 'S']",angry,character1,big_center,cross_hands,False,green,M,M,0,1.0,True,projects/1/media/chunk_0_dipika.jpeg
439,this.,13.42,13.62,B,402,409,,"['DH', 'IH1', 'S']",angry,character1,big_center,cross_hands,False,green,M,M,0,1.0,False,projects/1/media/chunk_0_dipika.jpeg
440,Why,14.68,14.82,W,440,445,440-445,"['W', 'AY1']",angry,character1,big_center,cross_hands,False,green,M,M,0,1.0,False,projects/1/media/chunk_0_dipika.jpeg
441,Why,14.68,14.82,W,440,445,440-445,"['W', 'AY1']",angry,character1,big_center,cross_hands,False,green,M,M,0,1.0,False,projects/1/media/chunk_0_dipika.jpeg
442,Why,14.68,14.82,AY1,440,445,440-445,"['W', 'AY1']",angry,character1,big_center,cross_hands,False,green,M,M,0,1.0,False,projects/1/media/chunk_0_dipika.jpeg
443,Why,14.68,14.82,AY1,440,445,440-445,"['W', 'AY1']",angry,character1,big_center,cross_hands,False,green,M,M,0,1.0,False,projects/1/media/chunk_0_dipika.jpeg
444,Why,14.68,14.82,AY1,440,445,440-445,"['W', 'AY1']",angry,character1,big_center,cross_hands,False,green,M,M,0,1.0,False,projects/1/media/chunk_0_dipika.jpeg
444,do,14.82,14.96,D,444,449,445-449,"['D', 'UW1']",angry,character1,big_center,cross_hands,False,green,M,M,0,1.0,False,projects/1/media/chunk_0_dipika.jpeg
445,Why,14.68,14.82,AY1,440,445,440-445,"['W', 'AY1']",angry,character1,big_center,cross_hands,False,green,M,M,0,1.0,False,projects/1/media/chunk_0_dipika.jpeg
445,do,14.82,14.96,D,444,449,445-449,"['D', 'UW1']",angry,character1,big_center,cross_hands,False,green,M,M,0,1.0,False,projects/1/media/chunk_0_dipika.jpeg
446,do,14.82,14.96,UW1,444,449,445-449,"['D', 'UW1']",angry,character1,big_center,cross_hands,False,green,M,M,0,1.0,False,projects/1/media/chunk_0_dipika.jpeg
447,do,14.82,14.96,UW1,444,449,445-449,"['D', 'UW1']",angry,character1,big_center,cross_hands,False,green,M,M,0,1.0,False,projects/1/media/chunk_0_dipika.jpeg
448,do,14.82,14.96,UW1,444,449,445-449,"['D', 'UW1']",angry,character1,big_center,cross_hands,False,green,M,M,0,1.0,False,projects/1/media/chunk_0_dipika.jpeg
448,I,14.96,15.12,AY1,448,454,449-454,['AY1'],angry,character1,big_center,cross_hands,False,green,M,M,0,1.0,False,projects/1/media/chunk_0_dipika.jpeg
449,I,14.96,15.12,AY1,448,454,449-454,['AY1'],angry,character1,big_center,cross_hands,False,green,M,M,0,1.0,False,projects/1/media/chunk_0_dipika.jpeg
449,do,14.82,14.96,UW1,444,449,445-449,"['D', 'UW1']",angry,character1,big_center,cross_hands,False,green,M,M,0,1.0,False,projects/1/media/chunk_0_dipika.jpeg
450,I,14.96,15.12,AY1,448,454,449-454,['AY1'],angry,character1,big_center,cross_hands,False,green,M,M,0,1.0,False,projects/1/media/chunk_0_dipika.jpeg
451,I,14.96,15.12,AY1,448,454,449-454,['AY1'],angry,character1,big_center,cross_hands,False,green,M,M,0,1.0,False,projects/1/media/chunk_0_dipika.jpeg
452,I,14.96,15.12,AY1,448,454,449-454,['AY1'],angry,character1,big_center,cross_hands,False,green,M,M,0,1.0,False,projects/1/media/chunk_0_dipika.jpeg
453,do,15.12,15.26,D,453,458,454-458,"['D', 'UW1']",angry,character1,big_center,cross_hands,False,green,M,M,0,1.0,False,projects/1/media/chunk_0_dipika.jpeg
453,I,14.96,15.12,AY1,448,454,449-454,['AY1'],angry,character1,big_center,cross_hands,False,green,M,M,0,1.0,False,projects/1/media/chunk_0_dipika.jpeg
454,do,15.12,15.26,D,453,458,454-458,"['D', 'UW1']",angry,character1,big_center,cross_hands,False,green,M,M,0,1.0,False,projects/1/media/chunk_0_dipika.jpeg
454,I,14.96,15.12,AY1,448,454,449-454,['AY1'],angry,character1,big_center,cross_hands,False,green,M,M,0,1.0,False,projects/1/media/chunk_0_dipika.jpeg
455,do,15.12,15.26,UW1,453,458,454-458,"['D', 'UW1']",angry,character1,big_center,cross_hands,False,green,M,M,0,1.0,False,projects/1/media/chunk_0_dipika.jpeg
456,do,15.12,15.26,UW1,453,458,454-458,"['D', 'UW1']",angry,character1,big_center,cross_hands,False,green,M,M,0,1.0,False,projects/1/media/chunk_0_dipika.jpeg
457,do,15.12,15.26,UW1,453,458,454-458,"['D', 'UW1']",angry,character1,big_center,cross_hands,False,green,M,M,0,1.0,False,projects/1/media/chunk_0_dipika.jpeg
457,this,15.26,15.46,DH,457,464,458-464,"['DH', 'IH1', 'S']",angry,character1,big_center,cross_hands,False,green,M,M,0,1.0,False,projects/1/media/chunk_0_dipika.jpeg
458,this,15.26,15.46,DH,457,464,458-464,"['DH', 'IH1', 'S']",angry,character1,big_center,cross_hands,False,green,M,M,0,1.0,False,projects/1/media/chunk_0_dipika.jpeg
458,do,15.12,15.26,UW1,453,458,454-458,"['D', 'UW1']",angry,character1,big_center,cross_hands,False,green,M,M,0,1.0,False,projects/1/media/chunk_0_dipika.jpeg
459,this,15.26,15.46,IH1,457,464,458-464,"['DH', 'IH1', 'S']",angry,character1,big_center,cross_hands,False,green,M,M,0,1.0,False,projects/1/media/chunk_0_dipika.jpeg
460,this,15.26,15.46,IH1,457,464,458-464,"['DH', 'IH1', 'S']",angry,character1,big_center,cross_hands,False,green,M,M,0,1.0,False,projects/1/media/chunk_0_dipika.jpeg
461,this,15.26,15.46,IH1,457,464,458-464,"['DH', 'IH1', 'S']",angry,character1,big_center,cross_hands,False,green,M,M,0,1.0,False,projects/1/media/chunk_0_dipika.jpeg
462,this,15.26,15.46,IH1,457,464,458-464,"['DH', 'IH1', 'S']",angry,character1,big_center,cross_hands,False,green,M,M,0,1.0,False,projects/1/media/chunk_0_dipika.jpeg
463,this,15.26,15.46,S,457,464,458-464,"['DH', 'IH1', 'S']",angry,character1,big_center,cross_hands,False,green,M,M,0,1.0,False,projects/1/media/chunk_0_dipika.jpeg
463,to,15.46,15.6,T,463,468,464-468,"['T', 'UW1']",angry,character1,big_center,cross_hands,False,green,M,M,0,1.0,False,projects/1/media/chunk_0_dipika.jpeg
464,to,15.46,15.6,T,463,468,464-468,"['T', 'UW1']",angry,character1,big_center,cross_hands,False,green,M,M,0,1.0,False,projects/1/media/chunk_0_dipika.jpeg
464,this,15.26,15.46,S,457,464,458-464,"['DH', 'IH1', 'S']",angry,character1,big_center,cross_hands,False,green,M,M,0,1.0,False,projects/1/media/chunk_0_dipika.jpeg
465,to,15.46,15.6,UW1,463,468,464-468,"['T', 'UW1']",angry,character1,big_center,cross_hands,False,green,M,M,0,1.0,False,projects/1/media/chunk_0_dipika.jpeg
466,to,15.46,15.6,UW1,463,468,464-468,"['T', 'UW1']",angry,character1,big_center,cross_hands,False,green,M,M,0,1.0,False,projects/1/media/chunk_0_dipika.jpeg
467,to,15.46,15.6,UW1,463,468,464-468,"['T', 'UW1']",angry,character1,big_center,cross_hands,False,green,M,M,0,1.0,False,projects/1/media/chunk_0_dipika.jpeg
467,myself?,15.6,15.88,M,467,476,468-476,"['M', 'AY2', 'S', 'EH1', 'L', 'F']",angry,character1,big_center,cross_hands,False,green,M,M,0,1.0,False,projects/1/media/chunk_0_dipika.jpeg
468,to,15.46,15.6,UW1,463,468,464-468,"['T', 'UW1']",angry,character1,big_center,cross_hands,False,green,M,M,0,1.0,False,projects/1/media/chunk_0_dipika.jpeg
468,myself?,15.6,15.88,AY2,467,476,468-476,"['M', 'AY2', 'S', 'EH1', 'L', 'F']",angry,character1,big_center,cross_hands,False,green,M,M,0,1.0,False,projects/1/media/chunk_0_dipika.jpeg
469,myself?,15.6,15.88,AY2,467,476,468-476,"['M', 'AY2', 'S', 'EH1', 'L', 'F']",angry,character1,big_center,cross_hands,False,green,M,M,0,1.0,False,projects/1/media/chunk_0_dipika.jpeg
470,myself?,15.6,15.88,AY2,467,476,468-476,"['M', 'AY2', 'S', 'EH1', 'L', 'F']",angry,character1,big_center,cross_hands,False,green,M,M,0,1.0,False,projects/1/media/chunk_0_dipika.jpeg
471,myself?,15.6,15.88,AY2,467,476,468-476,"['M', 'AY2', 'S', 'EH1', 'L', 'F']",angry,character1,big_center,cross_hands,False,green,M,M,0,1.0,False,projects/1/media/chunk_0_dipika.jpeg
472,myself?,15.6,15.88,S,467,476,468-476,"['M', 'AY2', 'S', 'EH1', 'L', 'F']",angry,character1,big_center,cross_hands,False,green,M,M,0,1.0,False,projects/1/media/chunk_0_dipika.jpeg
473,myself?,15.6,15.88,EH1,467,476,468-476,"['M', 'AY2', 'S', 'EH1', 'L', 'F']",angry,character1,big_center,cross_hands,False,green,M,M,0,1.0,False,projects/1/media/chunk_0_dipika.jpeg
474,myself?,15.6,15.88,EH1,467,476,468-476,"['M', 'AY2', 'S', 'EH1', 'L', 'F']",angry,character1,big_center,cross_hands,False,green,M,M,0,1.0,False,projects/1/media/chunk_0_dipika.jpeg
475,myself?,15.6,15.88,L,467,476,468-476,"['M', 'AY2', 'S', 'EH1', 'L', 'F']",angry,character1,big_center,cross_hands,False,green,M,M,0,1.0,False,projects/1/media/chunk_0_dipika.jpeg
476,myself?,15.6,15.88,F,467,476,468-476,"['M', 'AY2', 'S', 'EH1', 'L', 'F']",angry,character1,big_center,cross_hands,False,green,M,M,0,1.0,False,projects/1/media/chunk_0_dipika.jpeg
477,myself?,15.6,15.88,B,467,476,,"['M', 'AY2', 'S', 'EH1', 'L', 'F']",angry,character1,big_center,cross_hands,False,green,M,M,0,1.0,False,projects/1/media/chunk_0_dipika.jpeg
478,myself?,15.6,15.88,B,467,476,,"['M', 'AY2', 'S', 'EH1', 'L', 'F']",angry,character1,big_center,cross_hands,False,green,R,R,0,1.0,True,projects/1/media/chunk_0_dipika.jpeg
479,myself?,15.6,15.88,B,467,476,,"['M', 'AY2', 'S', 'EH1', 'L', 'F']",angry,character1,big_center,cross_hands,False,green,R,R,0,1.0,True,projects/1/media/chunk_0_dipika.jpeg
480,myself?,15.6,15.88,B,467,476,,"['M', 'AY2', 'S', 'EH1', 'L', 'F']",angry,character1,big_center,cross_hands,False,green,R,R,0,1.0,True,projects/1/media/chunk_0_dipika.jpeg
481,myself?,15.6,15.88,B,467,476,,"['M', 'AY2', 'S', 'EH1', 'L', 'F']",angry,character1,big_center,cross_hands,False,green,R,R,0,1.0,True,projects/1/media/chunk_0_dipika.jpeg
482,myself?,15.6,15.88,B,467,476,,"['M', 'AY2', 'S', 'EH1', 'L', 'F']",angry,character1,big_center,cross_hands,False,green,R,R,0,1.0,True,projects/1/media/chunk_0_dipika.jpeg
483,myself?,15.6,15.88,B,467,476,,"['M', 'AY2', 'S', 'EH1', 'L', 'F']",angry,character1,big_center,cross_hands,False,green,R,R,0,1.0,False,projects/1/media/chunk_0_dipika.jpeg
484,myself?,15.6,15.88,B,467,476,,"['M', 'AY2', 'S', 'EH1', 'L', 'F']",angry,character1,big_center,cross_hands,False,green,R,R,0,1.0,False,projects/1/media/chunk_0_dipika.jpeg
485,myself?,15.6,15.88,B,467,476,,"['M', 'AY2', 'S', 'EH1', 'L', 'F']",angry,character1,big_center,cross_hands,False,green,R,R,0,1.0,False,projects/1/media/chunk_0_dipika.jpeg
486,myself?,15.6,15.88,B,467,476,,"['M', 'AY2', 'S', 'EH1', 'L', 'F']",angry,character1,big_center,cross_hands,False,green,R,R,0,1.0,False,projects/1/media/chunk_0_dipika.jpeg
487,myself?,15.6,15.88,B,467,476,,"['M', 'AY2', 'S', 'EH1', 'L', 'F']",angry,character1,big_center,cross_hands,False,green,R,R,0,1.0,False,projects/1/media/chunk_0_dipika.jpeg
488,myself?,15.6,15.88,B,467,476,,"['M', 'AY2', 'S', 'EH1', 'L', 'F']",angry,character1,big_center,cross_hands,False,green,R,R,0,1.0,False,projects/1/media/chunk_0_dipika.jpeg
489,myself?,15.6,15.88,B,467,476,,"['M', 'AY2', 'S', 'EH1', 'L', 'F']",angry,character1,big_center,cross_hands,False,green,R,R,0,1.0,False,projects/1/media/chunk_0_dipika.jpeg
490,myself?,15.6,15.88,B,467,476,,"['M', 'AY2', 'S', 'EH1', 'L', 'F']",angry,character1,big_center,cross_hands,False,green,R,R,0,1.0,False,projects/1/media/chunk_0_dipika.jpeg
491,myself?,15.6,15.88,B,467,476,,"['M', 'AY2', 'S', 'EH1', 'L', 'F']",angry,character1,big_center,cross_hands,False,green,R,R,0,1.0,False,projects/1/media/chunk_0_dipika.jpeg
492,myself?,15.6,15.88,B,467,476,,"['M', 'AY2', 'S', 'EH1', 'L', 'F']",angry,character1,big_center,cross_hands,False,green,R,R,0,1.0,False,projects/1/media/chunk_0_dipika.jpeg
493,myself?,15.6,15.88,B,467,476,,"['M', 'AY2', 'S', 'EH1', 'L', 'F']",angry,character1,big_center,cross_hands,False,green,R,R,0,1.0,False,projects/1/media/chunk_0_dipika.jpeg
494,myself?,15.6,15.88,B,467,476,,"['M', 'AY2', 'S', 'EH1', 'L', 'F']",angry,character1,big_center,cross_hands,False,green,R,R,0,1.0,False,projects/1/media/chunk_0_dipika.jpeg
495,myself?,15.6,15.88,B,467,476,,"['M', 'AY2', 'S', 'EH1', 'L', 'F']",angry,character1,big_center,cross_hands,False,green,R,R,0,1.0,False,projects/1/media/chunk_0_dipika.jpeg
496,myself?,15.6,15.88,B,467,476,,"['M', 'AY2', 'S', 'EH1', 'L', 'F']",angry,character1,big_center,cross_hands,False,green,R,R,0,1.0,False,projects/1/media/chunk_0_dipika.jpeg
497,myself?,15.6,15.88,B,467,476,,"['M', 'AY2', 'S', 'EH1', 'L', 'F']",angry,character1,big_center,cross_hands,False,green,R,R,0,1.0,False,projects/1/media/chunk_0_dipika.jpeg
498,myself?,15.6,15.88,B,467,476,,"['M', 'AY2', 'S', 'EH1', 'L', 'F']",angry,character1,big_center,cross_hands,False,green,R,R,0,1.0,False,projects/1/media/chunk_0_dipika.jpeg
499,myself?,15.6,15.88,B,467,476,,"['M', 'AY2', 'S', 'EH1', 'L', 'F']",angry,character1,big_center,cross_hands,False,green,R,R,0,1.0,False,projects/1/media/chunk_0_dipika.jpeg
500,myself?,15.6,15.88,B,467,476,,"['M', 'AY2', 'S', 'EH1', 'L', 'F']",angry,character1,big_center,cross_hands,False,green,R,R,0,1.0,False,projects/1/media/chunk_0_dipika.jpeg
501,myself?,15.6,15.88,B,467,476,,"['M', 'AY2', 'S', 'EH1', 'L', 'F']",angry,character1,big_center,cross_hands,False,green,R,R,0,1.0,False,projects/1/media/chunk_0_dipika.jpeg
502,myself?,15.6,15.88,B,467,476,,"['M', 'AY2', 'S', 'EH1', 'L', 'F']",angry,character1,big_center,cross_hands,False,green,R,R,0,1.0,False,projects/1/media/chunk_0_dipika.jpeg
503,myself?,15.6,15.88,B,467,476,,"['M', 'AY2', 'S', 'EH1', 'L', 'F']",angry,character1,big_center,cross_hands,False,green,R,R,0,1.0,False,projects/1/media/chunk_0_dipika.jpeg
504,myself?,15.6,15.88,B,467,476,,"['M', 'AY2', 'S', 'EH1', 'L', 'F']",angry,character1,big_center,cross_hands,False,green,R,R,0,1.0,False,projects/1/media/chunk_0_dipika.jpeg
505,myself?,15.6,15.88,B,467,476,,"['M', 'AY2', 'S', 'EH1', 'L', 'F']",angry,character1,big_center,cross_hands,False,green,R,R,0,1.0,False,projects/1/media/chunk_0_dipika.jpeg
506,myself?,15.6,15.88,B,467,476,,"['M', 'AY2', 'S', 'EH1', 'L', 'F']",angry,character1,big_center,cross_hands,False,green,R,R,0,1.0,False,projects/1/media/chunk_0_dipika.jpeg
507,myself?,15.6,15.88,B,467,476,,"['M', 'AY2', 'S', 'EH1', 'L', 'F']",angry,character1,big_center,cross_hands,False,green,R,R,0,1.0,False,projects/1/media/chunk_0_dipika.jpeg
508,myself?,15.6,15.88,B,467,476,,"['M', 'AY2', 'S', 'EH1', 'L', 'F']",angry,character1,big_center,cross_hands,False,green,R,R,0,1.0,False,projects/1/media/chunk_0_dipika.jpeg
509,myself?,15.6,15.88,B,467,476,,"['M', 'AY2', 'S', 'EH1', 'L', 'F']",angry,character1,big_center,cross_hands,False,green,R,R,0,1.0,False,projects/1/media/chunk_0_dipika.jpeg
510,myself?,15.6,15.88,B,467,476,,"['M', 'AY2', 'S', 'EH1', 'L', 'F']",angry,character1,big_center,cross_hands,False,green,R,R,0,1.0,False,projects/1/media/chunk_0_dipika.jpeg
511,myself?,15.6,15.88,B,467,476,,"['M', 'AY2', 'S', 'EH1', 'L', 'F']",angry,character1,big_center,cross_hands,False,green,R,R,0,1.0,False,projects/1/media/chunk_0_dipika.jpeg
512,myself?,15.6,15.88,B,467,476,,"['M', 'AY2', 'S', 'EH1', 'L', 'F']",angry,character1,big_center,cross_hands,False,green,R,R,0,1.0,False,projects/1/media/chunk_0_dipika.jpeg
513,myself?,15.6,15.88,B,467,476,,"['M', 'AY2', 'S', 'EH1', 'L', 'F']",angry,character1,big_center,cross_hands,False,green,R,R,0,1.0,False,projects/1/media/chunk_0_dipika.jpeg
514,myself?,15.6,15.88,B,467,476,,"['M', 'AY2', 'S', 'EH1', 'L', 'F']",angry,character1,big_center,cross_hands,False,green,R,R,0,1.0,False,projects/1/media/chunk_0_dipika.jpeg
515,myself?,15.6,15.88,B,467,476,,"['M', 'AY2', 'S', 'EH1', 'L', 'F']",angry,character1,big_center,cross_hands,False,green,R,R,0,1.0,False,projects/1/media/chunk_0_dipika.jpeg
516,myself?,15.6,15.88,B,467,476,,"['M', 'AY2', 'S', 'EH1', 'L', 'F']",angry,character1,big_center,cross_hands,False,green,R,R,0,1.0,False,projects/1/media/chunk_0_dipika.jpeg
517,So,17.22,17.36,S,517,521,517-521,"['S', 'OW1']",angry,character1,big_center,cross_hands,False,green,R,R,0,1.0,False,projects/1/media/chunk_0_dipika.jpeg
518,So,17.22,17.36,S,517,521,517-521,"['S', 'OW1']",angry,character1,big_center,cross_hands,False,green,R,R,0,1.0,False,projects/1/media/chunk_0_dipika.jpeg
519,So,17.22,17.36,OW1,517,521,517-521,"['S', 'OW1']",angry,character1,big_center,cross_hands,False,green,R,R,0,1.0,False,projects/1/media/chunk_0_dipika.jpeg
520,this,17.36,17.52,DH,520,526,521-526,"['DH', 'IH1', 'S']",angry,character1,big_center,cross_hands,False,green,R,R,0,1.0,False,projects/1/media/chunk_0_dipika.jpeg
520,So,17.22,17.36,OW1,517,521,517-521,"['S', 'OW1']",angry,character1,big_center,cross_hands,False,green,R,R,0,1.0,False,projects/1/media/chunk_0_dipika.jpeg
521,So,17.22,17.36,OW1,517,521,517-521,"['S', 'OW1']",angry,character1,big_center,cross_hands,False,green,R,R,0,1.0,False,projects/1/media/chunk_0_dipika.jpeg
521,this,17.36,17.52,DH,520,526,521-526,"['DH', 'IH1', 'S']",angry,character1,big_center,cross_hands,False,green,R,R,0,1.0,False,projects/1/media/chunk_0_dipika.jpeg
522,this,17.36,17.52,IH1,520,526,521-526,"['DH', 'IH1', 'S']",angry,character1,big_center,cross_hands,False,green,R,R,0,1.0,False,projects/1/media/chunk_0_dipika.jpeg
523,this,17.36,17.52,IH1,520,526,521-526,"['DH', 'IH1', 'S']",angry,character1,big_center,cross_hands,False,green,R,R,0,1.0,False,projects/1/media/chunk_0_dipika.jpeg
524,this,17.36,17.52,IH1,520,526,521-526,"['DH', 'IH1', 'S']",angry,character1,big_center,cross_hands,False,green,R,R,0,1.0,False,projects/1/media/chunk_0_dipika.jpeg
525,is,17.52,17.76,IH1,525,533,526-533,"['IH1', 'Z']",angry,character1,big_center,cross_hands,False,green,R,R,0,1.0,False,projects/1/media/chunk_0_dipika.jpeg
525,this,17.36,17.52,S,520,526,521-526,"['DH', 'IH1', 'S']",angry,character1,big_center,cross_hands,False,green,R,R,0,1.0,False,projects/1/media/chunk_0_dipika.jpeg
526,this,17.36,17.52,S,520,526,521-526,"['DH', 'IH1', 'S']",angry,character1,big_center,cross_hands,False,green,R,R,0,1.0,False,projects/1/media/chunk_0_dipika.jpeg
526,is,17.52,17.76,IH1,525,533,526-533,"['IH1', 'Z']",angry,character1,big_center,cross_hands,False,green,R,R,0,1.0,False,projects/1/media/chunk_0_dipika.jpeg
527,is,17.52,17.76,IH1,525,533,526-533,"['IH1', 'Z']",angry,character1,big_center,cross_hands,False,green,R,R,0,1.0,False,projects/1/media/chunk_0_dipika.jpeg
528,is,17.52,17.76,IH1,525,533,526-533,"['IH1', 'Z']",angry,character1,big_center,cross_hands,False,green,R,R,0,1.0,False,projects/1/media/chunk_0_dipika.jpeg
529,is,17.52,17.76,IH1,525,533,526-533,"['IH1', 'Z']",angry,character1,big_center,cross_hands,False,green,R,R,0,1.0,False,projects/1/media/chunk_0_dipika.jpeg
530,is,17.52,17.76,Z,525,533,526-533,"['IH1', 'Z']",angry,character1,big_center,cross_hands,False,green,R,R,0,1.0,False,projects/1/media/chunk_0_dipika.jpeg
531,is,17.52,17.76,Z,525,533,526-533,"['IH1', 'Z']",angry,character1,big_center,cross_hands,False,green,R,R,0,1.0,False,projects/1/media/chunk_0_dipika.jpeg
532,is,17.52,17.76,Z,525,533,526-533,"['IH1', 'Z']",angry,character1,big_center,cross_hands,False,green,R,R,0,1.0,False,projects/1/media/chunk_0_dipika.jpeg
532,"me,",17.76,17.98,M,532,539,533-539,"['M', 'IY1']",angry,character1,big_center,cross_hands,False,green,R,R,0,1.0,False,projects/1/media/chunk_0_dipika.jpeg
533,is,17.52,17.76,Z,525,533,526-533,"['IH1', 'Z']",angry,character1,big_center,cross_hands,False,green,R,R,0,1.0,False,projects/1/media/chunk_0_dipika.jpeg
533,"me,",17.76,17.98,M,532,539,533-539,"['M', 'IY1']",angry,character1,big_center,cross_hands,False,green,R,R,0,1.0,False,projects/1/media/chunk_0_dipika.jpeg
534,"me,",17.76,17.98,M,532,539,533-539,"['M', 'IY1']",angry,character1,big_center,cross_hands,False,green,R,R,0,1.0,False,projects/1/media/chunk_0_dipika.jpeg
535,"me,",17.76,17.98,IY1,532,539,533-539,"['M', 'IY1']",angry,character1,big_center,cross_hands,False,green,R,R,0,1.0,False,projects/1/media/chunk_0_dipika.jpeg
536,"me,",17.76,17.98,IY1,532,539,533-539,"['M', 'IY1']",angry,character1,big_center,cross_hands,False,green,R,R,0,1.0,False,projects/1/media/chunk_0_dipika.jpeg
537,"me,",17.76,17.98,IY1,532,539,533-539,"['M', 'IY1']",angry,character1,big_center,cross_hands,False,green,R,R,0,1.0,False,projects/1/media/chunk_0_dipika.jpeg
538,"me,",17.76,17.98,IY1,532,539,533-539,"['M', 'IY1']",angry,character1,big_center,cross_hands,False,green,R,R,0,1.0,False,projects/1/media/chunk_0_dipika.jpeg
539,"me,",17.76,17.98,IY1,532,539,533-539,"['M', 'IY1']",angry,character1,big_center,cross_hands,False,green,R,R,0,1.0,False,projects/1/media/chunk_0_dipika.jpeg
540,"me,",17.76,17.98,IY1,532,539,,"['M', 'IY1']",angry,character1,big_center,cross_hands,False,green,R,R,0,1.0,False,projects/1/media/chunk_0_dipika.jpeg
541,"me,",17.76,17.98,IY1,532,539,,"['M', 'IY1']",angry,character1,big_center,cross_hands,False,green,R,R,0,1.0,False,projects/1/media/chunk_0_dipika.jpeg
542,being,18.06,18.48,B,542,554,542-554,"['B', 'IY1', 'IH0', 'NG']",angry,character1,big_center,cross_hands,False,green,R,R,0,1.0,False,projects/1/media/chunk_0_dipika.jpeg
543,being,18.06,18.48,IY1,542,554,542-554,"['B', 'IY1', 'IH0', 'NG']",angry,character1,big_center,cross_hands,False,green,R,R,0,1.0,False,projects/1/media/chunk_0_dipika.jpeg
544,being,18.06,18.48,IY1,542,554,542-554,"['B', 'IY1', 'IH0', 'NG']",angry,character1,big_center,cross_hands,False,green,M,M,0,1.0,True,projects/1/media/chunk_0_dipika.jpeg
545,being,18.06,18.48,IY1,542,554,542-554,"['B', 'IY1', 'IH0', 'NG']",angry,character1,big_center,cross_hands,False,green,M,M,0,1.0,True,projects/1/media/chunk_0_dipika.jpeg
546,being,18.06,18.48,IY1,542,554,542-554,"['B', 'IY1', 'IH0', 'NG']",angry,character1,big_center,cross_hands,False,green,M,M,0,1.0,True,projects/1/media/chunk_0_dipika.jpeg
547,being,18.06,18.48,IY1,542,554,542-554,"['B', 'IY1', 'IH0', 'NG']",angry,character1,big_center,cross_hands,False,green,M,M,0,1.0,True,projects/1/media/chunk_0_dipika.jpeg
548,being,18.06,18.48,IH0,542,554,542-554,"['B', 'IY1', 'IH0', 'NG']",angry,character1,big_center,cross_hands,False,green,M,M,0,1.0,True,projects/1/media/chunk_0_dipika.jpeg
549,being,18.06,18.48,IH0,542,554,542-554,"['B', 'IY1', 'IH0', 'NG']",angry,character1,big_center,cross_hands,False,green,M,M,0,1.0,False,projects/1/media/chunk_0_dipika.jpeg
550,being,18.06,18.48,IH0,542,554,542-554,"['B', 'IY1', 'IH0', 'NG']",angry,character1,big_center,cross_hands,False,green,M,M,0,1.0,False,projects/1/media/chunk_0_dipika.jpeg
551,being,18.06,18.48,IH0,542,554,542-554,"['B', 'IY1', 'IH0', 'NG']",angry,character1,big_center,cross_hands,False,green,M,M,0,1.0,False,projects/1/media/chunk_0_dipika.jpeg
552,being,18.06,18.48,NG,542,554,542-554,"['B', 'IY1', 'IH0', 'NG']",angry,character1,big_center,cross_hands,False,green,M,M,0,1.0,False,projects/1/media/chunk_0_dipika.jpeg
553,totally,18.48,18.86,T,553,566,554-566,"['T', 'OW1', 'T', 'AH0', 'L', 'IY0']",angry,character1,big_center,cross_hands,False,green,M,M,0,1.0,False,projects/1/media/chunk_0_dipika.jpeg
553,being,18.06,18.48,NG,542,554,542-554,"['B', 'IY1', 'IH0', 'NG']",angry,character1,big_center,cross_hands,False,green,M,M,0,1.0,False,projects/1/media/chunk_0_dipika.jpeg
554,being,18.06,18.48,NG,542,554,542-554,"['B', 'IY1', 'IH0', 'NG']",angry,character1,big_center,cross_hands,False,green,M,M,0,1.0,False,projects/1/media/chunk_0_dipika.jpeg
554,totally,18.48,18.86,OW1,553,566,554-566,"['T', 'OW1', 'T', 'AH0', 'L', 'IY0']",angry,character1,big_center,cross_hands,False,green,M,M,0,1.0,False,projects/1/media/chunk_0_dipika.jpeg
555,totally,18.48,18.86,OW1,553,566,554-566,"['T', 'OW1', 'T', 'AH0', 'L', 'IY0']",angry,character1,big_center,cross_hands,False,green,M,M,0,1.0,False,projects/1/media/chunk_0_dipika.jpeg
556,totally,18.48,18.86,OW1,553,566,554-566,"['T', 'OW1', 'T', 'AH0', 'L', 'IY0']",angry,character1,big_center,cross_hands,False,green,M,M,0,1.0,False,projects/1/media/chunk_0_dipika.jpeg
557,totally,18.48,18.86,OW1,553,566,554-566,"['T', 'OW1', 'T', 'AH0', 'L', 'IY0']",angry,character1,big_center,cross_hands,False,green,M,M,0,1.0,False,projects/1/media/chunk_0_dipika.jpeg
558,totally,18.48,18.86,T,553,566,554-566,"['T', 'OW1', 'T', 'AH0', 'L', 'IY0']",angry,character1,big_center,cross_hands,False,green,M,M,0,1.0,False,projects/1/media/chunk_0_dipika.jpeg
559,totally,18.48,18.86,AH0,553,566,554-566,"['T', 'OW1', 'T', 'AH0', 'L', 'IY0']",angry,character1,big_center,cross_hands,False,green,M,M,0,1.0,False,projects/1/media/chunk_0_dipika.jpeg
560,totally,18.48,18.86,AH0,553,566,554-566,"['T', 'OW1', 'T', 'AH0', 'L', 'IY0']",angry,character1,big_center,cross_hands,False,green,M,M,0,1.0,True,projects/1/media/chunk_0_dipika.jpeg
561,totally,18.48,18.86,AH0,553,566,554-566,"['T', 'OW1', 'T', 'AH0', 'L', 'IY0']",angry,character1,big_center,cross_hands,False,green,M,M,0,1.0,True,projects/1/media/chunk_0_dipika.jpeg
562,totally,18.48,18.86,L,553,566,554-566,"['T', 'OW1', 'T', 'AH0', 'L', 'IY0']",angry,character1,big_center,cross_hands,False,green,M,M,0,1.0,True,projects/1/media/chunk_0_dipika.jpeg
563,totally,18.48,18.86,L,553,566,554-566,"['T', 'OW1', 'T', 'AH0', 'L', 'IY0']",angry,character1,big_center,cross_hands,False,green,M,M,0,1.0,True,projects/1/media/chunk_0_dipika.jpeg
564,totally,18.48,18.86,IY0,553,566,554-566,"['T', 'OW1', 'T', 'AH0', 'L', 'IY0']",angry,character1,big_center,cross_hands,False,green,M,M,1,1.0,True,projects/1/media/chunk_0_dipika.jpeg
565,calm.,18.86,19.22,K,565,577,566-577,"['K', 'AA1', 'M']",angry,character1,big_center,cross_hands,False,green,M,M,1,1.0,False,projects/1/media/chunk_0_dipika.jpeg
565,totally,18.48,18.86,IY0,553,566,554-566,"['T', 'OW1', 'T', 'AH0', 'L', 'IY0']",angry,character1,big_center,cross_hands,False,green,M,M,1,1.0,False,projects/1/media/chunk_0_dipika.jpeg
566,calm.,18.86,19.22,K,565,577,566-577,"['K', 'AA1', 'M']",angry,character1,big_center,cross_hands,False,green,M,M,1,1.0,False,projects/1/media/chunk_0_dipika.jpeg
566,totally,18.48,18.86,IY0,553,566,554-566,"['T', 'OW1', 'T', 'AH0', 'L', 'IY0']",angry,character1,big_center,cross_hands,False,green,M,M,1,1.0,False,projects/1/media/chunk_0_dipika.jpeg
567,calm.,18.86,19.22,AA1,565,577,566-577,"['K', 'AA1', 'M']",angry,character1,big_center,cross_hands,False,green,M,M,1,1.0,False,projects/1/media/chunk_0_dipika.jpeg
568,calm.,18.86,19.22,AA1,565,577,566-577,"['K', 'AA1', 'M']",angry,character1,big_center,cross_hands,False,green,M,M,1,1.0,False,projects/1/media/chunk_0_dipika.jpeg
569,calm.,18.86,19.22,AA1,565,577,566-577,"['K', 'AA1', 'M']",angry,character1,big_center,cross_hands,False,green,M,M,1,1.0,False,projects/1/media/chunk_0_dipika.jpeg
570,calm.,18.86,19.22,AA1,565,577,566-577,"['K', 'AA1', 'M']",angry,character1,big_center,cross_hands,False,green,M,M,1,1.0,False,projects/1/media/chunk_0_dipika.jpeg
571,calm.,18.86,19.22,AA1,565,577,566-577,"['K', 'AA1', 'M']",angry,character1,big_center,cross_hands,False,green,M,M,1,1.0,False,projects/1/media/chunk_0_dipika.jpeg
572,calm.,18.86,19.22,AA1,565,577,566-577,"['K', 'AA1', 'M']",angry,character1,big_center,cross_hands,False,green,M,M,1,1.0,False,projects/1/media/chunk_0_dipika.jpeg
573,calm.,18.86,19.22,AA1,565,577,566-577,"['K', 'AA1', 'M']",angry,character1,big_center,cross_hands,False,green,M,M,1,1.0,False,projects/1/media/chunk_0_dipika.jpeg
574,calm.,18.86,19.22,M,565,577,566-577,"['K', 'AA1', 'M']",angry,character1,big_center,cross_hands,False,green,M,M,1,1.0,False,projects/1/media/chunk_0_dipika.jpeg
575,calm.,18.86,19.22,M,565,577,566-577,"['K', 'AA1', 'M']",angry,character1,big_center,cross_hands,False,green,M,M,1,1.0,False,projects/1/media/chunk_0_dipika.jpeg
576,calm.,18.86,19.22,M,565,577,566-577,"['K', 'AA1', 'M']",angry,character1,big_center,cross_hands,False,green,M,M,1,1.0,False,projects/1/media/chunk_0_dipika.jpeg
577,calm.,18.86,19.22,M,565,577,566-577,"['K', 'AA1', 'M']",angry,character1,big_center,cross_hands,False,green,M,M,1,1.0,False,projects/1/media/chunk_0_dipika.jpeg
578,calm.,18.86,19.22,B,565,577,,"['K', 'AA1', 'M']",angry,character1,big_center,cross_hands,False,green,M,M,1,1.0,False,projects/1/media/chunk_0_dipika.jpeg
579,calm.,18.86,19.22,B,565,577,,"['K', 'AA1', 'M']",angry,character1,big_center,cross_hands,False,green,M,M,1,1.0,False,projects/1/media/chunk_0_dipika.jpeg
580,calm.,18.86,19.22,B,565,577,,"['K', 'AA1', 'M']",angry,character1,big_center,cross_hands,False,green,M,M,1,1.0,False,projects/1/media/chunk_0_dipika.jpeg
581,calm.,18.86,19.22,B,565,577,,"['K', 'AA1', 'M']",angry,character1,big_center,cross_hands,False,green,M,M,1,1.0,False,projects/1/media/chunk_0_dipika.jpeg
582,calm.,18.86,19.22,B,565,577,,"['K', 'AA1', 'M']",angry,character1,big_center,cross_hands,False,green,M,M,1,1.0,False,projects/1/media/chunk_0_dipika.jpeg
583,calm.,18.86,19.22,B,565,577,,"['K', 'AA1', 'M']",angry,character1,big_center,cross_hands,False,green,M,M,1,1.0,False,projects/1/media/chunk_0_dipika.jpeg
584,calm.,18.86,19.22,B,565,577,,"['K', 'AA1', 'M']",angry,character1,big_center,cross_hands,False,green,M,M,1,1.0,False,projects/1/media/chunk_0_dipika.jpeg
585,calm.,18.86,19.22,B,565,577,,"['K', 'AA1', 'M']",angry,character1,big_center,cross_hands,False,green,M,M,1,1.0,False,projects/1/media/chunk_0_dipika.jpeg
586,calm.,18.86,19.22,B,565,577,,"['K', 'AA1', 'M']",angry,character1,big_center,cross_hands,False,green,M,M,1,1.0,False,projects/1/media/chunk_0_dipika.jpeg
587,calm.,18.86,19.22,B,565,577,,"['K', 'AA1', 'M']",angry,character1,big_center,cross_hands,False,green,M,M,1,1.0,False,projects/1/media/chunk_0_dipika.jpeg
588,calm.,18.86,19.22,B,565,577,,"['K', 'AA1', 'M']",angry,character1,big_center,cross_hands,False,green,M,M,1,1.0,False,projects/1/media/chunk_0_dipika.jpeg
589,calm.,18.86,19.22,B,565,577,,"['K', 'AA1', 'M']",angry,character1,big_center,cross_hands,False,green,M,M,1,1.0,False,projects/1/media/chunk_0_dipika.jpeg
590,calm.,18.86,19.22,B,565,577,,"['K', 'AA1', 'M']",angry,character1,big_center,cross_hands,False,green,M,M,1,1.0,False,projects/1/media/chunk_0_dipika.jpeg
591,calm.,18.86,19.22,B,565,577,,"['K', 'AA1', 'M']",angry,character1,big_center,cross_hands,False,green,M,M,1,1.0,False,projects/1/media/chunk_0_dipika.jpeg
592,calm.,18.86,19.22,B,565,577,,"['K', 'AA1', 'M']",angry,character1,big_center,cross_hands,False,green,M,M,1,1.0,False,projects/1/media/chunk_0_dipika.jpeg
593,calm.,18.86,19.22,B,565,577,,"['K', 'AA1', 'M']",angry,character1,big_center,cross_hands,False,green,M,M,1,1.0,False,projects/1/media/chunk_0_dipika.jpeg
594,calm.,18.86,19.22,B,565,577,,"['K', 'AA1', 'M']",angry,character1,big_center,cross_hands,False,green,M,M,1,1.0,False,projects/1/media/chunk_0_dipika.jpeg
595,calm.,18.86,19.22,B,565,577,,"['K', 'AA1', 'M']",angry,character1,big_center,cross_hands,False,green,M,M,1,1.0,False,projects/1/media/chunk_0_dipika.jpeg
596,calm.,18.86,19.22,B,565,577,,"['K', 'AA1', 'M']",angry,character1,big_center,cross_hands,False,green,M,M,1,1.0,False,projects/1/media/chunk_0_dipika.jpeg
597,calm.,18.86,19.22,B,565,577,,"['K', 'AA1', 'M']",angry,character1,big_center,cross_hands,False,green,M,M,1,1.0,False,projects/1/media/chunk_0_dipika.jpeg
598,calm.,18.86,19.22,B,565,577,,"['K', 'AA1', 'M']",angry,character1,big_center,cross_hands,False,green,M,M,0,1.0,False,projects/1/media/chunk_0_dipika.jpeg
599,calm.,18.86,19.22,B,565,577,,"['K', 'AA1', 'M']",angry,character1,big_center,cross_hands,False,green,M,M,0,1.0,False,projects/1/media/chunk_0_dipika.jpeg
600,calm.,18.86,19.22,B,565,577,,"['K', 'AA1', 'M']",angry,character1,big_center,cross_hands,False,green,M,M,0,1.0,False,projects/1/media/chunk_0_dipika.jpeg
601,calm.,18.86,19.22,B,565,577,,"['K', 'AA1', 'M']",angry,character1,big_center,cross_hands,False,green,M,M,0,1.0,False,projects/1/media/chunk_0_dipika.jpeg
602,calm.,18.86,19.22,B,565,577,,"['K', 'AA1', 'M']",angry,character1,big_center,cross_hands,False,green,M,M,0,1.0,False,projects/1/media/chunk_0_dipika.jpeg
603,calm.,18.86,19.22,B,565,577,,"['K', 'AA1', 'M']",angry,character1,big_center,cross_hands,False,green,M,M,0,1.0,False,projects/1/media/chunk_0_dipika.jpeg
604,calm.,18.86,19.22,B,565,577,,"['K', 'AA1', 'M']",angry,character1,big_center,cross_hands,False,green,M,M,0,1.0,False,projects/1/media/chunk_0_dipika.jpeg
605,calm.,18.86,19.22,B,565,577,,"['K', 'AA1', 'M']",angry,character1,big_center,cross_hands,False,green,M,M,0,1.0,False,projects/1/media/chunk_0_dipika.jpeg
606,calm.,18.86,19.22,B,565,577,,"['K', 'AA1', 'M']",angry,character1,big_center,cross_hands,False,green,M,M,0,1.0,False,projects/1/media/chunk_0_dipika.jpeg
607,calm.,18.86,19.22,B,565,577,,"['K', 'AA1', 'M']",angry,character1,big_center,cross_hands,False,green,M,M,0,1.0,False,projects/1/media/chunk_0_dipika.jpeg
608,calm.,18.86,19.22,B,565,577,,"['K', 'AA1', 'M']",angry,character1,big_center,cross_hands,False,green,M,M,0,1.0,False,projects/1/media/chunk_0_dipika.jpeg
609,Look,20.3,20.5,L,609,615,609-615,"['L', 'UH1', 'K']",angry,character1,big_center,cross_hands,False,green,M,M,0,1.0,False,projects/1/media/chunk_0_dipika.jpeg
610,Look,20.3,20.5,L,609,615,609-615,"['L', 'UH1', 'K']",angry,character1,big_center,cross_hands,False,green,M,M,0,1.0,False,projects/1/media/chunk_0_dipika.jpeg
611,Look,20.3,20.5,UH1,609,615,609-615,"['L', 'UH1', 'K']",angry,character1,big_center,cross_hands,False,green,M,M,0,1.0,False,projects/1/media/chunk_0_dipika.jpeg
612,Look,20.3,20.5,UH1,609,615,609-615,"['L', 'UH1', 'K']",angry,character1,big_center,cross_hands,False,green,M,M,0,1.0,False,projects/1/media/chunk_0_dipika.jpeg
613,Look,20.3,20.5,UH1,609,615,609-615,"['L', 'UH1', 'K']",angry,character1,big_center,cross_hands,False,green,M,M,0,1.0,False,projects/1/media/chunk_0_dipika.jpeg
614,Look,20.3,20.5,UH1,609,615,609-615,"['L', 'UH1', 'K']",angry,character1,big_center,cross_hands,False,green,M,M,0,1.0,False,projects/1/media/chunk_0_dipika.jpeg
614,at,20.5,20.7,AE1,614,621,615-621,"['AE1', 'T']",angry,character1,big_center,cross_hands,False,green,M,M,0,1.0,False,projects/1/media/chunk_0_dipika.jpeg
615,Look,20.3,20.5,K,609,615,609-615,"['L', 'UH1', 'K']",angry,character1,big_center,cross_hands,False,green,M,M,0,1.0,False,projects/1/media/chunk_0_dipika.jpeg
615,at,20.5,20.7,AE1,614,621,615-621,"['AE1', 'T']",angry,character1,big_center,cross_hands,False,green,M,M,0,1.0,False,projects/1/media/chunk_0_dipika.jpeg
616,at,20.5,20.7,AE1,614,621,615-621,"['AE1', 'T']",angry,character1,big_center,cross_hands,False,green,M,M,0,1.0,False,projects/1/media/chunk_0_dipika.jpeg
617,at,20.5,20.7,AE1,614,621,615-621,"['AE1', 'T']",angry,character1,big_center,cross_hands,False,green,M,M,0,1.0,False,projects/1/media/chunk_0_dipika.jpeg
618,at,20.5,20.7,AE1,614,621,615-621,"['AE1', 'T']",angry,character1,big_center,cross_hands,False,green,M,M,0,1.0,False,projects/1/media/chunk_0_dipika.jpeg
619,at,20.5,20.7,AE1,614,621,615-621,"['AE1', 'T']",angry,character1,big_center,cross_hands,False,green,M,L,0,1.0,False,projects/1/media/chunk_0_dipika.jpeg
620,at,20.5,20.7,T,614,621,615-621,"['AE1', 'T']",angry,character1,big_center,cross_hands,False,green,M,L,0,1.0,False,projects/1/media/chunk_0_dipika.jpeg
620,this,20.7,20.88,DH,620,626,621-626,"['DH', 'IH1', 'S']",angry,character1,big_center,cross_hands,False,green,M,L,0,1.0,False,projects/1/media/chunk_0_dipika.jpeg
621,at,20.5,20.7,T,614,621,615-621,"['AE1', 'T']",angry,character1,big_center,cross_hands,False,green,M,L,0,1.0,False,projects/1/media/chunk_0_dipika.jpeg
621,this,20.7,20.88,DH,620,626,621-626,"['DH', 'IH1', 'S']",angry,character1,big_center,cross_hands,False,green,M,L,0,1.0,False,projects/1/media/chunk_0_dipika.jpeg
622,this,20.7,20.88,IH1,620,626,621-626,"['DH', 'IH1', 'S']",angry,character1,big_center,cross_hands,False,green,M,L,0,1.0,False,projects/1/media/chunk_0_dipika.jpeg
623,this,20.7,20.88,IH1,620,626,621-626,"['DH', 'IH1', 'S']",angry,character1,big_center,cross_hands,False,green,M,L,0,1.0,False,projects/1/media/chunk_0_dipika.jpeg
624,this,20.7,20.88,IH1,620,626,621-626,"['DH', 'IH1', 'S']",angry,character1,big_center,cross_hands,False,green,M,L,0,1.0,False,projects/1/media/chunk_0_dipika.jpeg
625,calmness.,20.88,21.4,K,625,642,626-642,"['K', 'AA1', 'M', 'N', 'AH0', 'S']",angry,character1,big_center,cross_hands,False,green,M,L,0,1.0,False,projects/1/media/chunk_0_dipika.jpeg
625,this,20.7,20.88,S,620,626,621-626,"['DH', 'IH1', 'S']",angry,character1,big_center,cross_hands,False,green,M,L,0,1.0,False,projects/1/media/chunk_0_dipika.jpeg
626,this,20.7,20.88,S,620,626,621-626,"['DH', 'IH1', 'S']",angry,character1,big_center,cross_hands,False,green,M,L,0,1.0,False,projects/1/media/chunk_0_dipika.jpeg
626,calmness.,20.88,21.4,AA1,625,642,626-642,"['K', 'AA1', 'M', 'N', 'AH0', 'S']",angry,character1,big_center,cross_hands,False,green,M,L,0,1.0,False,projects/1/media/chunk_0_dipika.jpeg
627,calmness.,20.88,21.4,AA1,625,642,626-642,"['K', 'AA1', 'M', 'N', 'AH0', 'S']",angry,character1,big_center,cross_hands,False,green,M,L,0,1.0,False,projects/1/media/chunk_0_dipika.jpeg
628,calmness.,20.88,21.4,AA1,625,642,626-642,"['K', 'AA1', 'M', 'N', 'AH0', 'S']",angry,character1,big_center,cross_hands,False,green,M,L,0,1.0,False,projects/1/media/chunk_0_dipika.jpeg
629,calmness.,20.88,21.4,AA1,625,642,626-642,"['K', 'AA1', 'M', 'N', 'AH0', 'S']",angry,character1,big_center,cross_hands,False,green,M,L,0,1.0,False,projects/1/media/chunk_0_dipika.jpeg
630,calmness.,20.88,21.4,M,625,642,626-642,"['K', 'AA1', 'M', 'N', 'AH0', 'S']",angry,character1,big_center,cross_hands,False,green,M,M,0,1.0,False,projects/1/media/chunk_0_dipika.jpeg
631,calmness.,20.88,21.4,M,625,642,626-642,"['K', 'AA1', 'M', 'N', 'AH0', 'S']",angry,character1,big_center,cross_hands,False,green,M,M,0,1.0,False,projects/1/media/chunk_0_dipika.jpeg
632,calmness.,20.88,21.4,M,625,642,626-642,"['K', 'AA1', 'M', 'N', 'AH0', 'S']",angry,character1,big_center,cross_hands,False,green,M,M,0,1.0,False,projects/1/media/chunk_0_dipika.jpeg
633,calmness.,20.88,21.4,N,625,642,626-642,"['K', 'AA1', 'M', 'N', 'AH0', 'S']",angry,character1,big_center,cross_hands,False,green,M,M,0,1.0,False,projects/1/media/chunk_0_dipika.jpeg
634,calmness.,20.88,21.4,N,625,642,626-642,"['K', 'AA1', 'M', 'N', 'AH0', 'S']",angry,character1,big_center,cross_hands,False,green,M,M,0,1.0,False,projects/1/media/chunk_0_dipika.jpeg
635,calmness.,20.88,21.4,N,625,642,626-642,"['K', 'AA1', 'M', 'N', 'AH0', 'S']",angry,character1,big_center,cross_hands,False,green,M,M,0,1.0,False,projects/1/media/chunk_0_dipika.jpeg
636,calmness.,20.88,21.4,AH0,625,642,626-642,"['K', 'AA1', 'M', 'N', 'AH0', 'S']",angry,character1,big_center,cross_hands,False,green,M,M,0,1.0,False,projects/1/media/chunk_0_dipika.jpeg
637,calmness.,20.88,21.4,AH0,625,642,626-642,"['K', 'AA1', 'M', 'N', 'AH0', 'S']",angry,character1,big_center,cross_hands,False,green,M,M,0,1.0,False,projects/1/media/chunk_0_dipika.jpeg
638,calmness.,20.88,21.4,AH0,625,642,626-642,"['K', 'AA1', 'M', 'N', 'AH0', 'S']",angry,character1,big_center,cross_hands,False,green,M,M,0,1.0,False,projects/1/media/chunk_0_dipika.jpeg
639,calmness.,20.88,21.4,AH0,625,642,626-642,"['K', 'AA1', 'M', 'N', 'AH0', 'S']",angry,character1,big_center,cross_hands,False,green,M,M,0,1.0,False,projects/1/media/chunk_0_dipika.jpeg
640,calmness.,20.88,21.4,S,625,642,626-642,"['K', 'AA1', 'M', 'N', 'AH0', 'S']",angry,character1,big_center,cross_hands,False,green,M,M,0,1.0,False,projects/1/media/chunk_0_dipika.jpeg
641,calmness.,20.88,21.4,S,625,642,626-642,"['K', 'AA1', 'M', 'N', 'AH0', 'S']",angry,character1,big_center,cross_hands,False,green,M,M,0,1.0,False,projects/1/media/chunk_0_dipika.jpeg
642,calmness.,20.88,21.4,S,625,642,626-642,"['K', 'AA1', 'M', 'N', 'AH0', 'S']",angry,character1,big_center,cross_hands,False,green,M,M,0,1.0,False,projects/1/media/chunk_0_dipika.jpeg
643,calmness.,20.88,21.4,B,625,642,,"['K', 'AA1', 'M', 'N', 'AH0', 'S']",angry,character1,big_center,cross_hands,False,green,M,M,0,1.0,False,projects/1/media/chunk_0_dipika.jpeg
644,calmness.,20.88,21.4,B,625,642,,"['K', 'AA1', 'M', 'N', 'AH0', 'S']",angry,character1,big_center,cross_hands,False,green,M,M,0,1.0,False,projects/1/media/chunk_0_dipika.jpeg
645,calmness.,20.88,21.4,B,625,642,,"['K', 'AA1', 'M', 'N', 'AH0', 'S']",angry,character1,big_center,cross_hands,False,green,M,M,0,1.0,False,projects/1/media/chunk_0_dipika.jpeg
646,calmness.,20.88,21.4,B,625,642,,"['K', 'AA1', 'M', 'N', 'AH0', 'S']",angry,character1,big_center,cross_hands,False,green,M,M,0,1.0,False,projects/1/media/chunk_0_dipika.jpeg
647,calmness.,20.88,21.4,B,625,642,,"['K', 'AA1', 'M', 'N', 'AH0', 'S']",angry,character1,big_center,cross_hands,False,green,M,M,0,1.0,False,projects/1/media/chunk_0_dipika.jpeg
648,calmness.,20.88,21.4,B,625,642,,"['K', 'AA1', 'M', 'N', 'AH0', 'S']",angry,character1,big_center,cross_hands,False,green,M,M,0,1.0,False,projects/1/media/chunk_0_dipika.jpeg
649,calmness.,20.88,21.4,B,625,642,,"['K', 'AA1', 'M', 'N', 'AH0', 'S']",angry,character1,big_center,cross_hands,False,green,M,M,0,1.0,False,projects/1/media/chunk_0_dipika.jpeg
650,calmness.,20.88,21.4,B,625,642,,"['K', 'AA1', 'M', 'N', 'AH0', 'S']",angry,character1,big_center,cross_hands,False,green,M,M,0,1.0,False,projects/1/media/chunk_0_dipika.jpeg
651,calmness.,20.88,21.4,B,625,642,,"['K', 'AA1', 'M', 'N', 'AH0', 'S']",angry,character1,big_center,cross_hands,False,green,M,M,0,1.0,False,projects/1/media/chunk_0_dipika.jpeg
652,calmness.,20.88,21.4,B,625,642,,"['K', 'AA1', 'M', 'N', 'AH0', 'S']",angry,character1,big_center,cross_hands,False,green,M,M,0,1.0,False,projects/1/media/chunk_0_dipika.jpeg
653,calmness.,20.88,21.4,B,625,642,,"['K', 'AA1', 'M', 'N', 'AH0', 'S']",angry,character1,big_center,cross_hands,False,green,M,M,0,1.0,False,projects/1/media/chunk_0_dipika.jpeg
654,calmness.,20.88,21.4,B,625,642,,"['K', 'AA1', 'M', 'N', 'AH0', 'S']",angry,character1,big_center,cross_hands,False,green,M,M,0,1.0,False,projects/1/media/chunk_0_dipika.jpeg
655,calmness.,20.88,21.4,B,625,642,,"['K', 'AA1', 'M', 'N', 'AH0', 'S']",angry,character1,big_center,cross_hands,False,green,M,M,0,1.0,False,projects/1/media/chunk_0_dipika.jpeg
656,calmness.,20.88,21.4,B,625,642,,"['K', 'AA1', 'M', 'N', 'AH0', 'S']",angry,character1,big_center,cross_hands,False,green,M,M,0,1.0,False,projects/1/media/chunk_0_dipika.jpeg
657,calmness.,20.88,21.4,B,625,642,,"['K', 'AA1', 'M', 'N', 'AH0', 'S']",angry,character1,big_center,cross_hands,False,green,M,M,0,1.0,False,projects/1/media/chunk_0_dipika.jpeg
658,calmness.,20.88,21.4,B,625,642,,"['K', 'AA1', 'M', 'N', 'AH0', 'S']",angry,character1,big_center,cross_hands,False,green,M,M,0,1.0,True,projects/1/media/chunk_0_dipika.jpeg
659,calmness.,20.88,21.4,B,625,642,,"['K', 'AA1', 'M', 'N', 'AH0', 'S']",angry,character1,big_center,cross_hands,False,green,M,M,0,1.0,True,projects/1/media/chunk_0_dipika.jpeg
660,calmness.,20.88,21.4,B,625,642,,"['K', 'AA1', 'M', 'N', 'AH0', 'S']",angry,character1,big_center,cross_hands,False,green,M,M,0,1.0,True,projects/1/media/chunk_0_dipika.jpeg
661,calmness.,20.88,21.4,B,625,642,,"['K', 'AA1', 'M', 'N', 'AH0', 'S']",angry,character1,big_center,cross_hands,False,green,M,M,0,1.0,True,projects/1/media/chunk_0_dipika.jpeg
662,calmness.,20.88,21.4,B,625,642,,"['K', 'AA1', 'M', 'N', 'AH0', 'S']",angry,character1,big_center,cross_hands,False,green,M,M,0,1.0,True,projects/1/media/chunk_0_dipika.jpeg
663,calmness.,20.88,21.4,B,625,642,,"['K', 'AA1', 'M', 'N', 'AH0', 'S']",angry,character1,big_center,cross_hands,False,green,M,M,0,1.0,False,projects/1/media/chunk_0_dipika.jpeg
664,calmness.,20.88,21.4,B,625,642,,"['K', 'AA1', 'M', 'N', 'AH0', 'S']",angry,character1,big_center,cross_hands,False,green,M,M,0,1.0,False,projects/1/media/chunk_0_dipika.jpeg
665,calmness.,20.88,21.4,B,625,642,,"['K', 'AA1', 'M', 'N', 'AH0', 'S']",angry,character1,big_center,cross_hands,False,green,M,M,0,1.0,False,projects/1/media/chunk_0_dipika.jpeg
666,calmness.,20.88,21.4,B,625,642,,"['K', 'AA1', 'M', 'N', 'AH0', 'S']",angry,character1,big_center,cross_hands,False,green,M,M,0,1.0,False,projects/1/media/chunk_0_dipika.jpeg
667,calmness.,20.88,21.4,B,625,642,,"['K', 'AA1', 'M', 'N', 'AH0', 'S']",angry,character1,big_center,cross_hands,False,green,M,M,0,1.0,False,projects/1/media/chunk_0_dipika.jpeg
668,calmness.,20.88,21.4,B,625,642,,"['K', 'AA1', 'M', 'N', 'AH0', 'S']",angry,character1,big_center,cross_hands,False,green,M,M,0,1.0,False,projects/1/media/chunk_0_dipika.jpeg
669,calmness.,20.88,21.4,B,625,642,,"['K', 'AA1', 'M', 'N', 'AH0', 'S']",angry,character1,big_center,cross_hands,False,green,M,M,0,1.0,False,projects/1/media/chunk_0_dipika.jpeg
670,calmness.,20.88,21.4,B,625,642,,"['K', 'AA1', 'M', 'N', 'AH0', 'S']",angry,character1,big_center,cross_hands,False,green,M,M,0,1.0,False,projects/1/media/chunk_0_dipika.jpeg
671,calmness.,20.88,21.4,B,625,642,,"['K', 'AA1', 'M', 'N', 'AH0', 'S']",angry,character1,big_center,cross_hands,False,green,M,M,0,1.0,False,projects/1/media/chunk_0_dipika.jpeg
672,calmness.,20.88,21.4,B,625,642,,"['K', 'AA1', 'M', 'N', 'AH0', 'S']",angry,character1,big_center,cross_hands,False,green,M,M,0,1.0,False,projects/1/media/chunk_0_dipika.jpeg
673,calmness.,20.88,21.4,B,625,642,,"['K', 'AA1', 'M', 'N', 'AH0', 'S']",angry,character1,big_center,cross_hands,False,green,M,M,0,1.0,False,projects/1/media/chunk_0_dipika.jpeg
674,calmness.,20.88,21.4,B,625,642,,"['K', 'AA1', 'M', 'N', 'AH0', 'S']",angry,character1,big_center,cross_hands,False,green,M,M,0,1.0,False,projects/1/media/chunk_0_dipika.jpeg
675,calmness.,20.88,21.4,B,625,642,,"['K', 'AA1', 'M', 'N', 'AH0', 'S']",angry,character1,big_center,cross_hands,False,green,M,M,0,1.0,False,projects/1/media/chunk_0_dipika.jpeg
676,Doctors,22.52,22.84,D,676,685,676-685,"['D', 'AA1', 'K', 'T', 'ER0', 'Z']",angry,character1,big_center,cross_hands,False,green,M,M,0,1.0,False,projects/1/media/chunk_0_dipika.jpeg
677,Doctors,22.52,22.84,AA1,676,685,676-685,"['D', 'AA1', 'K', 'T', 'ER0', 'Z']",angry,character1,big_center,cross_hands,False,green,M,M,0,1.0,False,projects/1/media/chunk_0_dipika.jpeg
678,Doctors,22.52,22.84,AA1,676,685,676-685,"['D', 'AA1', 'K', 'T', 'ER0', 'Z']",angry,character1,big_center,cross_hands,False,green,M,M,0,1.0,False,projects/1/media/chunk_0_dipika.jpeg
679,Doctors,22.52,22.84,K,676,685,676-685,"['D', 'AA1', 'K', 'T', 'ER0', 'Z']",angry,character1,big_center,cross_hands,False,green,M,M,0,1.0,False,projects/1/media/chunk_0_dipika.jpeg
680,Doctors,22.52,22.84,T,676,685,676-685,"['D', 'AA1', 'K', 'T', 'ER0', 'Z']",angry,character1,big_center,cross_hands,False,green,M,M,0,1.0,False,projects/1/media/chunk_0_dipika.jpeg
681,Doctors,22.52,22.84,ER0,676,685,676-685,"['D', 'AA1', 'K', 'T', 'ER0', 'Z']",angry,character1,big_center,cross_hands,False,green,M,M,0,1.0,False,projects/1/media/chunk_0_dipika.jpeg
682,Doctors,22.52,22.84,ER0,676,685,676-685,"['D', 'AA1', 'K', 'T', 'ER0', 'Z']",angry,character1,big_center,cross_hands,False,green,M,M,0,1.0,False,projects/1/media/chunk_0_dipika.jpeg
683,Doctors,22.52,22.84,ER0,676,685,676-685,"['D', 'AA1', 'K', 'T', 'ER0', 'Z']",angry,character1,big_center,cross_hands,False,green,M,M,0,1.0,False,projects/1/media/chunk_0_dipika.jpeg
684,hate,22.84,23.2,HH,684,696,685-696,"['HH', 'EY1', 'T']",angry,character1,big_center,cross_hands,False,green,M,M,0,1.0,False,projects/1/media/chunk_0_dipika.jpeg
684,Doctors,22.52,22.84,Z,676,685,676-685,"['D', 'AA1', 'K', 'T', 'ER0', 'Z']",angry,character1,big_center,cross_hands,False,green,M,M,0,1.0,False,projects/1/media/chunk_0_dipika.jpeg
685,hate,22.84,23.2,HH,684,696,685-696,"['HH', 'EY1', 'T']",angry,character1,big_center,cross_hands,False,green,M,M,0,1.0,False,projects/1/media/chunk_0_dipika.jpeg
685,Doctors,22.52,22.84,Z,676,685,676-685,"['D', 'AA1', 'K', 'T', 'ER0', 'Z']",angry,character1,big_center,cross_hands,False,green,M,M,0,1.0,False,projects/1/media/chunk_0_dipika.jpeg
686,hate,22.84,23.2,HH,684,696,685-696,"['HH', 'EY1', 'T']",angry,character1,big_center,cross_hands,False,green,M,M,0,1.0,False,projects/1/media/chunk_0_dipika.jpeg
687,hate,22.84,23.2,HH,684,696,685-696,"['HH', 'EY1', 'T']",angry,character1,big_center,cross_hands,False,green,M,M,0,1.0,False,projects/1/media/chunk_0_dipika.jpeg
688,hate,22.84,23.2,EY1,684,696,685-696,"['HH', 'EY1', 'T']",angry,character1,big_center,cross_hands,False,green,M,M,0,1.0,False,projects/1/media/chunk_0_dipika.jpeg
689,hate,22.84,23.2,EY1,684,696,685-696,"['HH', 'EY1', 'T']",angry,character1,big_center,cross_hands,False,green,M,M,0,1.0,False,projects/1/media/chunk_0_dipika.jpeg
690,hate,22.84,23.2,EY1,684,696,685-696,"['HH', 'EY1', 'T']",angry,character1,big_center,cross_hands,False,green,M,M,0,1.0,False,projects/1/media/chunk_0_dipika.jpeg
691,hate,22.84,23.2,EY1,684,696,685-696,"['HH', 'EY1', 'T']",angry,character1,big_center,cross_hands,False,green,M,M,0,1.0,False,projects/1/media/chunk_0_dipika.jpeg
692,hate,22.84,23.2,EY1,684,696,685-696,"['HH', 'EY1', 'T']",angry,character1,big_center,cross_hands,False,green,M,M,0,1.0,False,projects/1/media/chunk_0_dipika.jpeg
693,hate,22.84,23.2,EY1,684,696,685-696,"['HH', 'EY1', 'T']",angry,character1,big_center,cross_hands,False,green,M,M,0,1.0,False,projects/1/media/chunk_0_dipika.jpeg
694,hate,22.84,23.2,EY1,684,696,685-696,"['HH', 'EY1', 'T']",angry,character1,big_center,cross_hands,False,green,M,M,0,1.0,False,projects/1/media/chunk_0_dipika.jpeg
695,it.,23.2,23.44,IH1,695,703,696-703,"['IH1', 'T']",angry,character1,big_center,cross_hands,False,green,M,M,0,1.0,False,projects/1/media/chunk_0_dipika.jpeg
695,hate,22.84,23.2,T,684,696,685-696,"['HH', 'EY1', 'T']",angry,character1,big_center,cross_hands,False,green,M,M,0,1.0,False,projects/1/media/chunk_0_dipika.jpeg
696,hate,22.84,23.2,T,684,696,685-696,"['HH', 'EY1', 'T']",angry,character1,big_center,cross_hands,False,green,M,M,0,1.0,False,projects/1/media/chunk_0_dipika.jpeg
696,it.,23.2,23.44,IH1,695,703,696-703,"['IH1', 'T']",angry,character1,big_center,cross_hands,False,green,M,M,0,1.0,False,projects/1/media/chunk_0_dipika.jpeg
697,it.,23.2,23.44,IH1,695,703,696-703,"['IH1', 'T']",angry,character1,big_center,cross_hands,False,green,M,M,0,1.0,False,projects/1/media/chunk_0_dipika.jpeg
698,it.,23.2,23.44,IH1,695,703,696-703,"['IH1', 'T']",angry,character1,big_center,cross_hands,False,green,M,M,0,1.0,False,projects/1/media/chunk_0_dipika.jpeg
699,it.,23.2,23.44,IH1,695,703,696-703,"['IH1', 'T']",angry,character1,big_center,cross_hands,False,green,M,M,0,1.0,False,projects/1/media/chunk_0_dipika.jpeg
700,it.,23.2,23.44,IH1,695,703,696-703,"['IH1', 'T']",angry,character1,big_center,cross_hands,False,green,M,M,0,1.0,False,projects/1/media/chunk_0_dipika.jpeg
701,it.,23.2,23.44,IH1,695,703,696-703,"['IH1', 'T']",angry,character1,big_center,cross_hands,False,green,M,M,0,1.0,False,projects/1/media/chunk_0_dipika.jpeg
702,it.,23.2,23.44,T,695,703,696-703,"['IH1', 'T']",angry,character1,big_center,cross_hands,False,green,M,M,0,1.0,False,projects/1/media/chunk_0_dipika.jpeg
703,it.,23.2,23.44,T,695,703,696-703,"['IH1', 'T']",angry,character1,big_center,cross_hands,False,green,M,M,0,1.0,False,projects/1/media/chunk_0_dipika.jpeg
704,it.,23.2,23.44,B,695,703,,"['IH1', 'T']",angry,character1,big_center,cross_hands,False,green,M,M,0,1.0,False,projects/1/media/chunk_0_dipika.jpeg
705,it.,23.2,23.44,B,695,703,,"['IH1', 'T']",angry,character1,big_center,cross_hands,False,green,M,M,0,1.0,False,projects/1/media/chunk_0_dipika.jpeg
706,it.,23.2,23.44,B,695,703,,"['IH1', 'T']",angry,character1,big_center,cross_hands,False,green,M,M,0,1.0,False,projects/1/media/chunk_0_dipika.jpeg
707,it.,23.2,23.44,B,695,703,,"['IH1', 'T']",angry,character1,big_center,cross_hands,False,green,M,M,0,1.0,False,projects/1/media/chunk_0_dipika.jpeg
708,it.,23.2,23.44,B,695,703,,"['IH1', 'T']",angry,character1,big_center,cross_hands,False,green,M,M,0,1.0,False,projects/1/media/chunk_0_dipika.jpeg
709,it.,23.2,23.44,B,695,703,,"['IH1', 'T']",angry,character1,big_center,cross_hands,False,green,M,M,0,1.0,False,projects/1/media/chunk_0_dipika.jpeg
710,it.,23.2,23.44,B,695,703,,"['IH1', 'T']",angry,character1,big_center,cross_hands,False,green,M,M,0,1.0,False,projects/1/media/chunk_0_dipika.jpeg
711,it.,23.2,23.44,B,695,703,,"['IH1', 'T']",angry,character1,big_center,cross_hands,False,green,M,M,0,1.0,False,projects/1/media/chunk_0_dipika.jpeg
712,it.,23.2,23.44,B,695,703,,"['IH1', 'T']",angry,character1,big_center,cross_hands,False,green,M,M,0,1.0,False,projects/1/media/chunk_0_dipika.jpeg
713,it.,23.2,23.44,B,695,703,,"['IH1', 'T']",angry,character1,big_center,cross_hands,False,green,M,M,0,1.0,False,projects/1/media/chunk_0_dipika.jpeg
714,it.,23.2,23.44,B,695,703,,"['IH1', 'T']",angry,character1,big_center,cross_hands,False,green,M,M,0,1.0,False,projects/1/media/chunk_0_dipika.jpeg
715,it.,23.2,23.44,B,695,703,,"['IH1', 'T']",angry,character1,big_center,cross_hands,False,green,M,L,0,1.0,False,projects/1/media/chunk_0_dipika.jpeg
716,it.,23.2,23.44,B,695,703,,"['IH1', 'T']",angry,character1,big_center,cross_hands,False,green,M,L,0,1.0,False,projects/1/media/chunk_0_dipika.jpeg
717,it.,23.2,23.44,B,695,703,,"['IH1', 'T']",angry,character1,big_center,cross_hands,False,green,M,L,0,1.0,False,projects/1/media/chunk_0_dipika.jpeg
718,it.,23.2,23.44,B,695,703,,"['IH1', 'T']",angry,character1,big_center,cross_hands,False,green,M,L,0,1.0,False,projects/1/media/chunk_0_dipika.jpeg
719,it.,23.2,23.44,B,695,703,,"['IH1', 'T']",angry,character1,big_center,cross_hands,False,green,M,L,0,1.0,False,projects/1/media/chunk_0_dipika.jpeg
720,it.,23.2,23.44,B,695,703,,"['IH1', 'T']",angry,character1,big_center,cross_hands,False,green,M,L,0,1.0,False,projects/1/media/chunk_0_dipika.jpeg
721,it.,23.2,23.44,B,695,703,,"['IH1', 'T']",angry,character1,big_center,cross_hands,False,green,M,L,0,1.0,False,projects/1/media/chunk_0_dipika.jpeg
722,it.,23.2,23.44,B,695,703,,"['IH1', 'T']",angry,character1,big_center,cross_hands,False,green,M,L,0,1.0,False,projects/1/media/chunk_0_dipika.jpeg
723,it.,23.2,23.44,B,695,703,,"['IH1', 'T']",angry,character1,big_center,cross_hands,False,green,M,L,0,1.0,False,projects/1/media/chunk_0_dipika.jpeg
724,it.,23.2,23.44,B,695,703,,"['IH1', 'T']",angry,character1,big_center,cross_hands,False,green,M,L,0,1.0,False,projects/1/media/chunk_0_dipika.jpeg
725,"Behold,",24.18,24.84,B,725,745,725-745,"['B', 'IH0', 'HH', 'OW1', 'L', 'D']",angry,character1,big_center,cross_hands,False,green,M,L,0,1.0,False,projects/1/media/chunk_0_dipika.jpeg
726,"Behold,",24.18,24.84,B,725,745,725-745,"['B', 'IH0', 'HH', 'OW1', 'L', 'D']",angry,character1,big_center,cross_hands,False,green,M,L,0,1.0,False,projects/1/media/chunk_0_dipika.jpeg
727,"Behold,",24.18,24.84,IH0,725,745,725-745,"['B', 'IH0', 'HH', 'OW1', 'L', 'D']",angry,character1,big_center,cross_hands,False,green,M,L,0,1.0,False,projects/1/media/chunk_0_dipika.jpeg
728,"Behold,",24.18,24.84,IH0,725,745,725-745,"['B', 'IH0', 'HH', 'OW1', 'L', 'D']",angry,character1,big_center,cross_hands,False,green,M,L,0,1.0,False,projects/1/media/chunk_0_dipika.jpeg
729,"Behold,",24.18,24.84,IH0,725,745,725-745,"['B', 'IH0', 'HH', 'OW1', 'L', 'D']",angry,character1,big_center,cross_hands,False,green,M,L,0,1.0,False,projects/1/media/chunk_0_dipika.jpeg
730,"Behold,",24.18,24.84,IH0,725,745,725-745,"['B', 'IH0', 'HH', 'OW1', 'L', 'D']",angry,character1,big_center,cross_hands,False,green,M,M,0,1.0,False,projects/1/media/chunk_0_dipika.jpeg
731,"Behold,",24.18,24.84,HH,725,745,725-745,"['B', 'IH0', 'HH', 'OW1', 'L', 'D']",angry,character1,big_center,cross_hands,False,green,M,M,0,1.0,False,projects/1/media/chunk_0_dipika.jpeg
732,"Behold,",24.18,24.84,HH,725,745,725-745,"['B', 'IH0', 'HH', 'OW1', 'L', 'D']",angry,character1,big_center,cross_hands,False,green,M,M,0,1.0,False,projects/1/media/chunk_0_dipika.jpeg
733,"Behold,",24.18,24.84,HH,725,745,725-745,"['B', 'IH0', 'HH', 'OW1', 'L', 'D']",angry,character1,big_center,cross_hands,False,green,M,M,0,1.0,False,projects/1/media/chunk_0_dipika.jpeg
734,"Behold,",24.18,24.84,HH,725,745,725-745,"['B', 'IH0', 'HH', 'OW1', 'L', 'D']",angry,character1,big_center,cross_hands,False,green,M,M,0,1.0,False,projects/1/media/chunk_0_dipika.jpeg
735,"Behold,",24.18,24.84,OW1,725,745,725-745,"['B', 'IH0', 'HH', 'OW1', 'L', 'D']",angry,character1,big_center,cross_hands,False,green,M,M,0,1.0,False,projects/1/media/chunk_0_dipika.jpeg
736,"Behold,",24.18,24.84,OW1,725,745,725-745,"['B', 'IH0', 'HH', 'OW1', 'L', 'D']",angry,character1,big_center,cross_hands,False,green,M,M,0,1.0,False,projects/1/media/chunk_0_dipika.jpeg
737,"Behold,",24.18,24.84,OW1,725,745,725-745,"['B', 'IH0', 'HH', 'OW1', 'L', 'D']",angry,character1,big_center,cross_hands,False,green,M,M,0,1.0,False,projects/1/media/chunk_0_dipika.jpeg
738,"Behold,",24.18,24.84,OW1,725,745,725-745,"['B', 'IH0', 'HH', 'OW1', 'L', 'D']",angry,character1,big_center,cross_hands,False,green,M,M,0,1.0,False,projects/1/media/chunk_0_dipika.jpeg
739,"Behold,",24.18,24.84,OW1,725,745,725-745,"['B', 'IH0', 'HH', 'OW1', 'L', 'D']",angry,character1,big_center,cross_hands,False,green,M,M,0,1.0,False,projects/1/media/chunk_0_dipika.jpeg
740,"Behold,",24.18,24.84,L,725,745,725-745,"['B', 'IH0', 'HH', 'OW1', 'L', 'D']",angry,character1,big_center,cross_hands,False,green,M,M,0,1.0,False,projects/1/media/chunk_0_dipika.jpeg
741,"Behold,",24.18,24.84,L,725,745,725-745,"['B', 'IH0', 'HH', 'OW1', 'L', 'D']",angry,character1,big_center,cross_hands,False,green,M,M,0,1.0,False,projects/1/media/chunk_0_dipika.jpeg
742,"Behold,",24.18,24.84,L,725,745,725-745,"['B', 'IH0', 'HH', 'OW1', 'L', 'D']",angry,character1,big_center,cross_hands,False,green,M,M,0,1.0,False,projects/1/media/chunk_0_dipika.jpeg
743,"Behold,",24.18,24.84,L,725,745,725-745,"['B', 'IH0', 'HH', 'OW1', 'L', 'D']",angry,character1,big_center,cross_hands,False,green,M,M,0,1.0,False,projects/1/media/chunk_0_dipika.jpeg
744,"Behold,",24.18,24.84,D,725,745,725-745,"['B', 'IH0', 'HH', 'OW1', 'L', 'D']",angry,character1,big_center,cross_hands,False,green,M,M,0,1.0,False,projects/1/media/chunk_0_dipika.jpeg
745,"Behold,",24.18,24.84,D,725,745,725-745,"['B', 'IH0', 'HH', 'OW1', 'L', 'D']",angry,character1,big_center,cross_hands,False,green,M,M,0,1.0,False,projects/1/media/chunk_0_dipika.jpeg
746,"Behold,",24.18,24.84,D,725,745,,"['B', 'IH0', 'HH', 'OW1', 'L', 'D']",angry,character1,big_center,cross_hands,False,green,M,M,0,1.0,False,projects/1/media/chunk_0_dipika.jpeg
747,"Behold,",24.18,24.84,D,725,745,,"['B', 'IH0', 'HH', 'OW1', 'L', 'D']",angry,character1,big_center,cross_hands,False,green,M,M,0,1.0,False,projects/1/media/chunk_0_dipika.jpeg
748,"Behold,",24.18,24.84,D,725,745,,"['B', 'IH0', 'HH', 'OW1', 'L', 'D']",angry,character1,big_center,cross_hands,False,green,M,M,0,1.0,False,projects/1/media/chunk_0_dipika.jpeg
749,boredom.,24.98,25.62,B,749,769,749-769,"['B', 'AO1', 'R', 'D', 'AH0', 'M']",angry,character1,big_center,cross_hands,False,green,M,M,0,1.0,False,projects/1/media/chunk_0_dipika.jpeg
750,boredom.,24.98,25.62,B,749,769,749-769,"['B', 'AO1', 'R', 'D', 'AH0', 'M']",angry,character1,big_center,cross_hands,False,green,M,M,0,1.0,False,projects/1/media/chunk_0_dipika.jpeg
751,boredom.,24.98,25.62,AO1,749,769,749-769,"['B', 'AO1', 'R', 'D', 'AH0', 'M']",angry,character1,big_center,cross_hands,False,green,M,M,0,1.0,False,projects/1/media/chunk_0_dipika.jpeg
752,boredom.,24.98,25.62,AO1,749,769,749-769,"['B', 'AO1', 'R', 'D', 'AH0', 'M']",angry,character1,big_center,cross_hands,False,green,M,M,0,1.0,False,projects/1/media/chunk_0_dipika.jpeg
753,boredom.,24.98,25.62,AO1,749,769,749-769,"['B', 'AO1', 'R', 'D', 'AH0', 'M']",angry,character1,big_center,cross_hands,False,green,M,M,0,1.0,False,projects/1/media/chunk_0_dipika.jpeg
754,boredom.,24.98,25.62,AO1,749,769,749-769,"['B', 'AO1', 'R', 'D', 'AH0', 'M']",angry,character1,big_center,cross_hands,False,green,M,M,0,1.0,False,projects/1/media/chunk_0_dipika.jpeg
755,boredom.,24.98,25.62,R,749,769,749-769,"['B', 'AO1', 'R', 'D', 'AH0', 'M']",angry,character1,big_center,cross_hands,False,green,M,M,0,1.0,False,projects/1/media/chunk_0_dipika.jpeg
756,boredom.,24.98,25.62,R,749,769,749-769,"['B', 'AO1', 'R', 'D', 'AH0', 'M']",angry,character1,big_center,cross_hands,False,green,M,M,0,1.0,False,projects/1/media/chunk_0_dipika.jpeg
757,boredom.,24.98,25.62,R,749,769,749-769,"['B', 'AO1', 'R', 'D', 'AH0', 'M']",angry,character1,big_center,cross_hands,False,green,M,M,0,1.0,False,projects/1/media/chunk_0_dipika.jpeg
758,boredom.,24.98,25.62,R,749,769,749-769,"['B', 'AO1', 'R', 'D', 'AH0', 'M']",angry,character1,big_center,cross_hands,False,green,M,M,0,1.0,False,projects/1/media/chunk_0_dipika.jpeg
759,boredom.,24.98,25.62,D,749,769,749-769,"['B', 'AO1', 'R', 'D', 'AH0', 'M']",angry,character1,big_center,cross_hands,False,green,M,M,0,1.0,False,projects/1/media/chunk_0_dipika.jpeg
760,boredom.,24.98,25.62,D,749,769,749-769,"['B', 'AO1', 'R', 'D', 'AH0', 'M']",angry,character1,big_center,cross_hands,False,green,M,M,0,1.0,False,projects/1/media/chunk_0_dipika.jpeg
761,boredom.,24.98,25.62,AH0,749,769,749-769,"['B', 'AO1', 'R', 'D', 'AH0', 'M']",angry,character1,big_center,cross_hands,False,green,M,M,0,1.0,False,projects/1/media/chunk_0_dipika.jpeg
762,boredom.,24.98,25.62,AH0,749,769,749-769,"['B', 'AO1', 'R', 'D', 'AH0', 'M']",angry,character1,big_center,cross_hands,False,green,M,M,0,1.0,False,projects/1/media/chunk_0_dipika.jpeg
763,boredom.,24.98,25.62,AH0,749,769,749-769,"['B', 'AO1', 'R', 'D', 'AH0', 'M']",angry,character1,big_center,cross_hands,False,green,M,M,0,1.0,False,projects/1/media/chunk_0_dipika.jpeg
764,boredom.,24.98,25.62,AH0,749,769,749-769,"['B', 'AO1', 'R', 'D', 'AH0', 'M']",angry,character1,big_center,cross_hands,False,green,M,M,0,1.0,False,projects/1/media/chunk_0_dipika.jpeg
765,boredom.,24.98,25.62,AH0,749,769,749-769,"['B', 'AO1', 'R', 'D', 'AH0', 'M']",angry,character1,big_center,cross_hands,False,green,M,M,0,1.0,False,projects/1/media/chunk_0_dipika.jpeg
766,boredom.,24.98,25.62,M,749,769,749-769,"['B', 'AO1', 'R', 'D', 'AH0', 'M']",angry,character1,big_center,cross_hands,False,green,M,M,0,1.0,False,projects/1/media/chunk_0_dipika.jpeg
767,boredom.,24.98,25.62,M,749,769,749-769,"['B', 'AO1', 'R', 'D', 'AH0', 'M']",angry,character1,big_center,cross_hands,False,green,M,M,0,1.0,False,projects/1/media/chunk_0_dipika.jpeg
768,boredom.,24.98,25.62,M,749,769,749-769,"['B', 'AO1', 'R', 'D', 'AH0', 'M']",angry,character1,big_center,cross_hands,False,green,M,M,0,1.0,False,projects/1/media/chunk_0_dipika.jpeg
769,boredom.,24.98,25.62,M,749,769,749-769,"['B', 'AO1', 'R', 'D', 'AH0', 'M']",angry,character1,big_center,cross_hands,False,green,M,M,0,1.0,False,projects/1/media/chunk_0_dipika.jpeg
770,boredom.,24.98,25.62,M,749,769,,"['B', 'AO1', 'R', 'D', 'AH0', 'M']",angry,character1,big_center,cross_hands,False,green,M,M,0,1.0,False,projects/1/media/chunk_0_dipika.jpeg
771,boredom.,24.98,25.62,M,749,769,,"['B', 'AO1', 'R', 'D', 'AH0', 'M']",angry,character1,big_center,cross_hands,False,green,M,M,0,1.0,False,projects/1/media/chunk_0_dipika.jpeg
772,This,25.74,26.74,DH,772,802,772-802,"['DH', 'IH1', 'S']",angry,character1,big_center,cross_hands,False,green,M,M,0,1.0,False,projects/1/media/chunk_0_dipika.jpeg
773,This,25.74,26.74,DH,772,802,772-802,"['DH', 'IH1', 'S']",angry,character1,big_center,cross_hands,False,green,M,M,0,1.0,False,projects/1/media/chunk_0_dipika.jpeg
774,This,25.74,26.74,DH,772,802,772-802,"['DH', 'IH1', 'S']",angry,character1,big_center,cross_hands,False,green,M,M,0,1.0,False,projects/1/media/chunk_0_dipika.jpeg
775,This,25.74,26.74,DH,772,802,772-802,"['DH', 'IH1', 'S']",angry,character1,big_center,cross_hands,False,green,M,M,0,1.0,False,projects/1/media/chunk_0_dipika.jpeg
776,This,25.74,26.74,DH,772,802,772-802,"['DH', 'IH1', 'S']",angry,character1,big_center,cross_hands,False,green,M,M,0,1.0,False,projects/1/media/chunk_0_dipika.jpeg
777,This,25.74,26.74,DH,772,802,772-802,"['DH', 'IH1', 'S']",angry,character1,big_center,cross_hands,False,green,M,M,0,1.0,False,projects/1/media/chunk_0_dipika.jpeg
778,This,25.74,26.74,DH,772,802,772-802,"['DH', 'IH1', 'S']",angry,character1,big_center,cross_hands,False,green,M,M,0,1.0,False,projects/1/media/chunk_0_dipika.jpeg
779,This,25.74,26.74,DH,772,802,772-802,"['DH', 'IH1', 'S']",angry,character1,big_center,cross_hands,False,green,M,M,0,1.0,False,projects/1/media/chunk_0_dipika.jpeg
780,This,25.74,26.74,DH,772,802,772-802,"['DH', 'IH1', 'S']",angry,character1,big_center,cross_hands,False,green,L,L,0,1.0,False,projects/1/media/chunk_0_dipika.jpeg
781,This,25.74,26.74,IH1,772,802,772-802,"['DH', 'IH1', 'S']",angry,character1,big_center,cross_hands,False,green,L,L,0,1.0,False,projects/1/media/chunk_0_dipika.jpeg
782,This,25.74,26.74,IH1,772,802,772-802,"['DH', 'IH1', 'S']",angry,character1,big_center,cross_hands,False,green,L,L,0,1.0,False,projects/1/media/chunk_0_dipika.jpeg
783,This,25.74,26.74,IH1,772,802,772-802,"['DH', 'IH1', 'S']",angry,character1,big_center,cross_hands,False,green,L,L,0,1.0,False,projects/1/media/chunk_0_dipika.jpeg
784,This,25.74,26.74,IH1,772,802,772-802,"['DH', 'IH1', 'S']",angry,character1,big_center,cross_hands,False,green,L,L,0,1.0,False,projects/1/media/chunk_0_dipika.jpeg
785,This,25.74,26.74,IH1,772,802,772-802,"['DH', 'IH1', 'S']",angry,character1,big_center,cross_hands,False,green,L,L,0,1.0,False,projects/1/media/chunk_0_dipika.jpeg
786,This,25.74,26.74,IH1,772,802,772-802,"['DH', 'IH1', 'S']",angry,character1,big_center,cross_hands,False,green,L,L,0,1.0,False,projects/1/media/chunk_0_dipika.jpeg
787,This,25.74,26.74,IH1,772,802,772-802,"['DH', 'IH1', 'S']",angry,character1,big_center,cross_hands,False,green,L,L,0,1.0,False,projects/1/media/chunk_0_dipika.jpeg
788,This,25.74,26.74,IH1,772,802,772-802,"['DH', 'IH1', 'S']",angry,character1,big_center,cross_hands,False,green,L,L,0,1.0,False,projects/1/media/chunk_0_dipika.jpeg
789,This,25.74,26.74,IH1,772,802,772-802,"['DH', 'IH1', 'S']",angry,character1,big_center,cross_hands,False,green,L,L,0,1.0,False,projects/1/media/chunk_0_dipika.jpeg
790,This,25.74,26.74,IH1,772,802,772-802,"['DH', 'IH1', 'S']",angry,character1,big_center,cross_hands,False,green,L,L,0,1.0,False,projects/1/media/chunk_0_dipika.jpeg
791,This,25.74,26.74,IH1,772,802,772-802,"['DH', 'IH1', 'S']",angry,character1,big_center,cross_hands,False,green,L,L,0,1.0,False,projects/1/media/chunk_0_dipika.jpeg
792,This,25.74,26.74,IH1,772,802,772-802,"['DH', 'IH1', 'S']",angry,character1,big_center,cross_hands,False,green,L,L,0,1.0,False,projects/1/media/chunk_0_dipika.jpeg
793,This,25.74,26.74,IH1,772,802,772-802,"['DH', 'IH1', 'S']",angry,character1,big_center,cross_hands,False,green,L,L,0,1.0,False,projects/1/media/chunk_0_dipika.jpeg
794,This,25.74,26.74,S,772,802,772-802,"['DH', 'IH1', 'S']",angry,character1,big_center,cross_hands,False,green,L,L,0,1.0,False,projects/1/media/chunk_0_dipika.jpeg
795,This,25.74,26.74,S,772,802,772-802,"['DH', 'IH1', 'S']",angry,character1,big_center,cross_hands,False,green,L,L,0,1.0,False,projects/1/media/chunk_0_dipika.jpeg
796,This,25.74,26.74,S,772,802,772-802,"['DH', 'IH1', 'S']",angry,character1,big_center,cross_hands,False,green,L,L,0,1.0,False,projects/1/media/chunk_0_dipika.jpeg
797,This,25.74,26.74,S,772,802,772-802,"['DH', 'IH1', 'S']",angry,character1,big_center,cross_hands,False,green,L,L,0,1.0,False,projects/1/media/chunk_0_dipika.jpeg
798,This,25.74,26.74,S,772,802,772-802,"['DH', 'IH1', 'S']",angry,character1,big_center,cross_hands,False,green,L,L,0,1.0,False,projects/1/media/chunk_0_dipika.jpeg
799,This,25.74,26.74,S,772,802,772-802,"['DH', 'IH1', 'S']",angry,character1,big_center,cross_hands,False,green,L,L,0,1.0,False,projects/1/media/chunk_0_dipika.jpeg
800,This,25.74,26.74,S,772,802,772-802,"['DH', 'IH1', 'S']",angry,character1,big_center,cross_hands,False,green,L,L,0,1.0,False,projects/1/media/chunk_0_dipika.jpeg
801,is,26.74,26.92,IH1,801,808,802-808,"['IH1', 'Z']",angry,character1,big_center,cross_hands,False,green,L,L,0,1.0,False,projects/1/media/chunk_0_dipika.jpeg
801,This,25.74,26.74,S,772,802,772-802,"['DH', 'IH1', 'S']",angry,character1,big_center,cross_hands,False,green,L,L,0,1.0,False,projects/1/media/chunk_0_dipika.jpeg
802,is,26.74,26.92,IH1,801,808,802-808,"['IH1', 'Z']",angry,character1,big_center,cross_hands,False,green,L,L,0,1.0,False,projects/1/media/chunk_0_dipika.jpeg
802,This,25.74,26.74,S,772,802,772-802,"['DH', 'IH1', 'S']",angry,character1,big_center,cross_hands,False,green,L,L,0,1.0,False,projects/1/media/chunk_0_dipika.jpeg
803,is,26.74,26.92,IH1,801,808,802-808,"['IH1', 'Z']",angry,character1,big_center,cross_hands,False,green,L,L,0,1.0,False,projects/1/media/chunk_0_dipika.jpeg
804,is,26.74,26.92,IH1,801,808,802-808,"['IH1', 'Z']",angry,character1,big_center,cross_hands,False,green,L,L,0,1.0,False,projects/1/media/chunk_0_dipika.jpeg
805,is,26.74,26.92,IH1,801,808,802-808,"['IH1', 'Z']",angry,character1,big_center,cross_hands,False,green,L,L,0,1.0,False,projects/1/media/chunk_0_dipika.jpeg
806,is,26.74,26.92,Z,801,808,802-808,"['IH1', 'Z']",angry,character1,big_center,cross_hands,False,green,L,L,0,1.0,False,projects/1/media/chunk_0_dipika.jpeg
807,is,26.74,26.92,Z,801,808,802-808,"['IH1', 'Z']",angry,character1,big_center,cross_hands,False,green,L,L,0,1.0,False,projects/1/media/chunk_0_dipika.jpeg
807,my,26.92,27.12,M,807,814,808-814,"['M', 'AY1']",angry,character1,big_center,cross_hands,False,green,L,L,0,1.0,False,projects/1/media/chunk_0_dipika.jpeg
808,is,26.74,26.92,Z,801,808,802-808,"['IH1', 'Z']",angry,character1,big_center,cross_hands,False,green,L,L,0,1.0,False,projects/1/media/chunk_0_dipika.jpeg
808,my,26.92,27.12,M,807,814,808-814,"['M', 'AY1']",angry,character1,big_center,cross_hands,False,green,L,L,0,1.0,False,projects/1/media/chunk_0_dipika.jpeg
809,my,26.92,27.12,M,807,814,808-814,"['M', 'AY1']",angry,character1,big_center,cross_hands,False,green,L,L,0,1.0,False,projects/1/media/chunk_0_dipika.jpeg
810,my,26.92,27.12,AY1,807,814,808-814,"['M', 'AY1']",angry,character1,big_center,cross_hands,False,green,L,L,0,1.0,False,projects/1/media/chunk_0_dipika.jpeg
811,my,26.92,27.12,AY1,807,814,808-814,"['M', 'AY1']",angry,character1,big_center,cross_hands,False,green,L,L,0,1.0,False,projects/1/media/chunk_0_dipika.jpeg
812,my,26.92,27.12,AY1,807,814,808-814,"['M', 'AY1']",angry,character1,big_center,cross_hands,False,green,L,L,0,1.0,False,projects/1/media/chunk_0_dipika.jpeg
813,default,27.12,27.44,D,813,823,814-823,"['D', 'IH0', 'F', 'AO1', 'L', 'T']",angry,character1,big_center,cross_hands,False,green,L,L,0,1.0,False,projects/1/media/chunk_0_dipika.jpeg
813,my,26.92,27.12,AY1,807,814,808-814,"['M', 'AY1']",angry,character1,big_center,cross_hands,False,green,L,L,0,1.0,False,projects/1/media/chunk_0_dipika.jpeg
814,default,27.12,27.44,IH0,813,823,814-823,"['D', 'IH0', 'F', 'AO1', 'L', 'T']",angry,character1,big_center,cross_hands,False,green,L,L,0,1.0,False,projects/1/media/chunk_0_dipika.jpeg
814,my,26.92,27.12,AY1,807,814,808-814,"['M', 'AY1']",angry,character1,big_center,cross_hands,False,green,L,L,0,1.0,False,projects/1/media/chunk_0_dipika.jpeg
815,default,27.12,27.44,IH0,813,823,814-823,"['D', 'IH0', 'F', 'AO1', 'L', 'T']",angry,character1,big_center,cross_hands,False,green,L,L,0,1.0,False,projects/1/media/chunk_0_dipika.jpeg
816,default,27.12,27.44,F,813,823,814-823,"['D', 'IH0', 'F', 'AO1', 'L', 'T']",angry,character1,big_center,cross_hands,False,green,L,L,0,1.0,False,projects/1/media/chunk_0_dipika.jpeg
817,default,27.12,27.44,F,813,823,814-823,"['D', 'IH0', 'F', 'AO1', 'L', 'T']",angry,character1,big_center,cross_hands,False,green,L,L,0,1.0,False,projects/1/media/chunk_0_dipika.jpeg
818,default,27.12,27.44,AO1,813,823,814-823,"['D', 'IH0', 'F', 'AO1', 'L', 'T']",angry,character1,big_center,cross_hands,False,green,L,L,0,1.0,False,projects/1/media/chunk_0_dipika.jpeg
819,default,27.12,27.44,AO1,813,823,814-823,"['D', 'IH0', 'F', 'AO1', 'L', 'T']",angry,character1,big_center,cross_hands,False,green,L,L,0,1.0,False,projects/1/media/chunk_0_dipika.jpeg
820,default,27.12,27.44,AO1,813,823,814-823,"['D', 'IH0', 'F', 'AO1', 'L', 'T']",angry,character1,big_center,cross_hands,False,green,L,L,0,1.0,False,projects/1/media/chunk_0_dipika.jpeg
821,default,27.12,27.44,L,813,823,814-823,"['D', 'IH0', 'F', 'AO1', 'L', 'T']",angry,character1,big_center,cross_hands,False,green,L,L,0,1.0,False,projects/1/media/chunk_0_dipika.jpeg
822,default,27.12,27.44,L,813,823,814-823,"['D', 'IH0', 'F', 'AO1', 'L', 'T']",angry,character1,big_center,cross_hands,False,green,L,L,0,1.0,False,projects/1/media/chunk_0_dipika.jpeg
822,mode,27.44,27.82,M,822,835,823-835,"['M', 'OW1', 'D']",angry,character1,big_center,cross_hands,False,green,L,L,0,1.0,False,projects/1/media/chunk_0_dipika.jpeg
823,mode,27.44,27.82,M,822,835,823-835,"['M', 'OW1', 'D']",angry,character1,big_center,cross_hands,False,green,L,L,0,1.0,False,projects/1/media/chunk_0_dipika.jpeg
823,default,27.12,27.44,T,813,823,814-823,"['D', 'IH0', 'F', 'AO1', 'L', 'T']",angry,character1,big_center,cross_hands,False,green,L,L,0,1.0,False,projects/1/media/chunk_0_dipika.jpeg
824,mode,27.44,27.82,M,822,835,823-835,"['M', 'OW1', 'D']",angry,character1,big_center,cross_hands,False,green,L,L,0,1.0,False,projects/1/media/chunk_0_dipika.jpeg
825,mode,27.44,27.82,M,822,835,823-835,"['M', 'OW1', 'D']",angry,character1,big_center,cross_hands,False,green,L,L,0,1.0,False,projects/1/media/chunk_0_dipika.jpeg
826,mode,27.44,27.82,M,822,835,823-835,"['M', 'OW1', 'D']",angry,character1,big_center,cross_hands,False,green,L,L,0,1.0,False,projects/1/media/chunk_0_dipika.jpeg
827,mode,27.44,27.82,OW1,822,835,823-835,"['M', 'OW1', 'D']",angry,character1,big_center,cross_hands,False,green,L,L,0,1.0,False,projects/1/media/chunk_0_dipika.jpeg
828,mode,27.44,27.82,OW1,822,835,823-835,"['M', 'OW1', 'D']",angry,character1,big_center,cross_hands,False,green,L,L,0,1.0,False,projects/1/media/chunk_0_dipika.jpeg
829,mode,27.44,27.82,OW1,822,835,823-835,"['M', 'OW1', 'D']",angry,character1,big_center,cross_hands,False,green,L,L,0,1.0,False,projects/1/media/chunk_0_dipika.jpeg
830,mode,27.44,27.82,OW1,822,835,823-835,"['M', 'OW1', 'D']",angry,character1,big_center,cross_hands,False,green,L,L,0,1.0,False,projects/1/media/chunk_0_dipika.jpeg
831,mode,27.44,27.82,OW1,822,835,823-835,"['M', 'OW1', 'D']",angry,character1,big_center,cross_hands,False,green,L,L,0,1.0,False,projects/1/media/chunk_0_dipika.jpeg
832,mode,27.44,27.82,OW1,822,835,823-835,"['M', 'OW1', 'D']",angry,character1,big_center,cross_hands,False,green,L,L,0,1.0,False,projects/1/media/chunk_0_dipika.jpeg
833,mode,27.44,27.82,OW1,822,835,823-835,"['M', 'OW1', 'D']",angry,character1,big_center,cross_hands,False,green,L,L,1,1.0,False,projects/1/media/chunk_0_dipika.jpeg
834,during,27.82,28.04,D,834,841,835-841,"['D', 'UH1', 'R', 'IH0', 'NG']",angry,character1,big_center,cross_hands,False,green,L,L,1,1.0,True,projects/1/media/chunk_0_dipika.jpeg
834,mode,27.44,27.82,D,822,835,823-835,"['M', 'OW1', 'D']",angry,character1,big_center,cross_hands,False,green,L,L,1,1.0,True,projects/1/media/chunk_0_dipika.jpeg
835,mode,27.44,27.82,D,822,835,823-835,"['M', 'OW1', 'D']",angry,character1,big_center,cross_hands,False,green,L,L,1,1.0,True,projects/1/media/chunk_0_dipika.jpeg
835,during,27.82,28.04,UH1,834,841,835-841,"['D', 'UH1', 'R', 'IH0', 'NG']",angry,character1,big_center,cross_hands,False,green,L,L,1,1.0,True,projects/1/media/chunk_0_dipika.jpeg
836,during,27.82,28.04,UH1,834,841,835-841,"['D', 'UH1', 'R', 'IH0', 'NG']",angry,character1,big_center,cross_hands,False,green,L,L,1,1.0,True,projects/1/media/chunk_0_dipika.jpeg
837,during,27.82,28.04,UH1,834,841,835-841,"['D', 'UH1', 'R', 'IH0', 'NG']",angry,character1,big_center,cross_hands,False,green,L,L,1,1.0,False,projects/1/media/chunk_0_dipika.jpeg
838,during,27.82,28.04,R,834,841,835-841,"['D', 'UH1', 'R', 'IH0', 'NG']",angry,character1,big_center,cross_hands,False,green,L,L,1,1.0,False,projects/1/media/chunk_0_dipika.jpeg
839,during,27.82,28.04,IH0,834,841,835-841,"['D', 'UH1', 'R', 'IH0', 'NG']",angry,character1,big_center,cross_hands,False,green,L,L,1,1.0,False,projects/1/media/chunk_0_dipika.jpeg
840,long,28.04,28.36,L,840,851,841-851,"['L', 'AO1', 'NG']",angry,character1,big_center,cross_hands,False,green,L,L,1,1.0,False,projects/1/media/chunk_0_dipika.jpeg
840,during,27.82,28.04,IH0,834,841,835-841,"['D', 'UH1', 'R', 'IH0', 'NG']",angry,character1,big_center,cross_hands,False,green,L,L,1,1.0,False,projects/1/media/chunk_0_dipika.jpeg
841,during,27.82,28.04,NG,834,841,835-841,"['D', 'UH1', 'R', 'IH0', 'NG']",angry,character1,big_center,cross_hands,False,green,L,L,1,1.0,False,projects/1/media/chunk_0_dipika.jpeg
841,long,28.04,28.36,L,840,851,841-851,"['L', 'AO1', 'NG']",angry,character1,big_center,cross_hands,False,green,L,L,1,1.0,False,projects/1/media/chunk_0_dipika.jpeg
842,long,28.04,28.36,L,840,851,841-851,"['L', 'AO1', 'NG']",angry,character1,big_center,cross_hands,False,green,L,L,1,1.0,False,projects/1/media/chunk_0_dipika.jpeg
843,long,28.04,28.36,AO1,840,851,841-851,"['L', 'AO1', 'NG']",angry,character1,big_center,cross_hands,False,green,M,M,1,1.0,True,projects/1/media/chunk_0_dipika.jpeg
844,long,28.04,28.36,AO1,840,851,841-851,"['L', 'AO1', 'NG']",angry,character1,big_center,cross_hands,False,green,M,M,1,1.0,True,projects/1/media/chunk_0_dipika.jpeg
845,long,28.04,28.36,AO1,840,851,841-851,"['L', 'AO1', 'NG']",angry,character1,big_center,cross_hands,False,green,M,M,1,1.0,True,projects/1/media/chunk_0_dipika.jpeg
846,long,28.04,28.36,AO1,840,851,841-851,"['L', 'AO1', 'NG']",angry,character1,big_center,cross_hands,False,green,M,M,1,1.0,True,projects/1/media/chunk_0_dipika.jpeg
847,long,28.04,28.36,AO1,840,851,841-851,"['L', 'AO1', 'NG']",angry,character1,big_center,cross_hands,False,green,M,M,1,1.0,True,projects/1/media/chunk_0_dipika.jpeg
848,long,28.04,28.36,AO1,840,851,841-851,"['L', 'AO1', 'NG']",angry,character1,big_center,cross_hands,False,green,M,M,1,1.0,False,projects/1/media/chunk_0_dipika.jpeg
849,long,28.04,28.36,NG,840,851,841-851,"['L', 'AO1', 'NG']",angry,character1,big_center,cross_hands,False,green,M,M,1,1.0,False,projects/1/media/chunk_0_dipika.jpeg
850,long,28.04,28.36,NG,840,851,841-851,"['L', 'AO1', 'NG']",angry,character1,big_center,cross_hands,False,green,M,M,1,1.0,False,projects/1/media/chunk_0_dipika.jpeg
850,meetings,28.36,28.64,M,850,859,851-859,"['M', 'IY1', 'T', 'IH0', 'NG', 'Z']",angry,character1,big_center,cross_hands,False,green,M,M,1,1.0,False,projects/1/media/chunk_0_dipika.jpeg
851,long,28.04,28.36,NG,840,851,841-851,"['L', 'AO1', 'NG']",angry,character1,big_center,cross_hands,False,green,M,M,1,1.0,False,projects/1/media/chunk_0_dipika.jpeg
851,meetings,28.36,28.64,M,850,859,851-859,"['M', 'IY1', 'T', 'IH0', 'NG', 'Z']",angry,character1,big_center,cross_hands,False,green,M,M,1,1.0,False,projects/1/media/chunk_0_dipika.jpeg
852,meetings,28.36,28.64,IY1,850,859,851-859,"['M', 'IY1', 'T', 'IH0', 'NG', 'Z']",angry,character1,big_center,cross_hands,False,green,M,M,1,1.0,False,projects/1/media/chunk_0_dipika.jpeg
853,meetings,28.36,28.64,T,850,859,851-859,"['M', 'IY1', 'T', 'IH0', 'NG', 'Z']",angry,character1,big_center,cross_hands,False,green,M,M,1,1.0,False,projects/1/media/chunk_0_dipika.jpeg
854,meetings,28.36,28.64,IH0,850,859,851-859,"['M', 'IY1', 'T', 'IH0', 'NG', 'Z']",angry,character1,big_center,cross_hands,False,green,M,M,1,1.0,True,projects/1/media/chunk_0_dipika.jpeg
855,meetings,28.36,28.64,IH0,850,859,851-859,"['M', 'IY1', 'T', 'IH0', 'NG', 'Z']",angry,character1,big_center,cross_hands,False,green,M,M,1,1.0,True,projects/1/media/chunk_0_dipika.jpeg
856,meetings,28.36,28.64,NG,850,859,851-859,"['M', 'IY1', 'T', 'IH0', 'NG', 'Z']",angry,character1,big_center,cross_hands,False,green,M,M,1,1.0,True,projects/1/media/chunk_0_dipika.jpeg
857,meetings,28.36,28.64,NG,850,859,851-859,"['M', 'IY1', 'T', 'IH0', 'NG', 'Z']",angry,character1,big_center,cross_hands,False,green,M,M,1,1.0,True,projects/1/media/chunk_0_dipika.jpeg
858,and,28.64,28.9,AH0,858,867,859-867,"['AH0', 'N', 'D']",angry,character1,big_center,cross_hands,False,green,M,M,1,1.0,True,projects/1/media/chunk_0_dipika.jpeg
858,meetings,28.36,28.64,Z,850,859,851-859,"['M', 'IY1', 'T', 'IH0', 'NG', 'Z']",angry,character1,big_center,cross_hands,False,green,M,M,1,1.0,False,projects/1/media/chunk_0_dipika.jpeg
859,meetings,28.36,28.64,Z,850,859,851-859,"['M', 'IY1', 'T', 'IH0', 'NG', 'Z']",angry,character1,big_center,cross_hands,False,green,M,M,1,1.0,False,projects/1/media/chunk_0_dipika.jpeg
859,and,28.64,28.9,AH0,858,867,859-867,"['AH0', 'N', 'D']",angry,character1,big_center,cross_hands,False,green,M,M,1,1.0,False,projects/1/media/chunk_0_dipika.jpeg
860,and,28.64,28.9,AH0,858,867,859-867,"['AH0', 'N', 'D']",angry,character1,big_center,cross_hands,False,green,M,M,0,1.0,False,projects/1/media/chunk_0_dipika.jpeg
861,and,28.64,28.9,AH0,858,867,859-867,"['AH0', 'N', 'D']",angry,character1,big_center,cross_hands,False,green,M,M,0,1.0,False,projects/1/media/chunk_0_dipika.jpeg
862,and,28.64,28.9,AH0,858,867,859-867,"['AH0', 'N', 'D']",angry,character1,big_center,cross_hands,False,green,M,M,0,1.0,False,projects/1/media/chunk_0_dipika.jpeg
863,and,28.64,28.9,N,858,867,859-867,"['AH0', 'N', 'D']",angry,character1,big_center,cross_hands,False,green,M,M,0,1.0,False,projects/1/media/chunk_0_dipika.jpeg
864,and,28.64,28.9,N,858,867,859-867,"['AH0', 'N', 'D']",angry,character1,big_center,cross_hands,False,green,M,M,0,1.0,False,projects/1/media/chunk_0_dipika.jpeg
865,and,28.64,28.9,N,858,867,859-867,"['AH0', 'N', 'D']",angry,character1,big_center,cross_hands,False,green,M,M,0,1.0,False,projects/1/media/chunk_0_dipika.jpeg
866,and,28.64,28.9,D,858,867,859-867,"['AH0', 'N', 'D']",angry,character1,big_center,cross_hands,False,green,M,M,0,1.0,False,projects/1/media/chunk_0_dipika.jpeg
866,lectures,28.9,29.24,L,866,877,867-877,"['L', 'EH1', 'K', 'CH', 'ER0', 'Z']",angry,character1,big_center,cross_hands,False,green,M,M,0,1.0,False,projects/1/media/chunk_0_dipika.jpeg
867,and,28.64,28.9,D,858,867,859-867,"['AH0', 'N', 'D']",angry,character1,big_center,cross_hands,False,green,M,M,0,1.0,False,projects/1/media/chunk_0_dipika.jpeg
867,lectures,28.9,29.24,L,866,877,867-877,"['L', 'EH1', 'K', 'CH', 'ER0', 'Z']",angry,character1,big_center,cross_hands,False,green,M,M,0,1.0,False,projects/1/media/chunk_0_dipika.jpeg
868,lectures,28.9,29.24,EH1,866,877,867-877,"['L', 'EH1', 'K', 'CH', 'ER0', 'Z']",angry,character1,big_center,cross_hands,False,green,M,M,0,1.0,False,projects/1/media/chunk_0_dipika.jpeg
869,lectures,28.9,29.24,EH1,866,877,867-877,"['L', 'EH1', 'K', 'CH', 'ER0', 'Z']",angry,character1,big_center,cross_hands,False,green,M,M,0,1.0,False,projects/1/media/chunk_0_dipika.jpeg
870,lectures,28.9,29.24,K,866,877,867-877,"['L', 'EH1', 'K', 'CH', 'ER0', 'Z']",angry,character1,big_center,cross_hands,False,green,M,M,0,1.0,False,projects/1/media/chunk_0_dipika.jpeg
871,lectures,28.9,29.24,CH,866,877,867-877,"['L', 'EH1', 'K', 'CH', 'ER0', 'Z']",angry,character1,big_center,cross_hands,False,green,M,M,0,1.0,False,projects/1/media/chunk_0_dipika.jpeg
872,lectures,28.9,29.24,CH,866,877,867-877,"['L', 'EH1', 'K', 'CH', 'ER0', 'Z']",angry,character1,big_center,cross_hands,False,green,M,M,0,1.0,False,projects/1/media/chunk_0_dipika.jpeg
873,lectures,28.9,29.24,ER0,866,877,867-877,"['L', 'EH1', 'K', 'CH', 'ER0', 'Z']",angry,character1,big_center,cross_hands,False,green,M,M,0,1.0,False,projects/1/media/chunk_0_dipika.jpeg
874,lectures,28.9,29.24,ER0,866,877,867-877,"['L', 'EH1', 'K', 'CH', 'ER0', 'Z']",angry,character1,big_center,cross_hands,False,green,M,M,0,1.0,False,projects/1/media/chunk_0_dipika.jpeg
875,lectures,28.9,29.24,ER0,866,877,867-877,"['L', 'EH1', 'K', 'CH', 'ER0', 'Z']",angry,character1,big_center,cross_hands,False,green,M,M,0,1.0,False,projects/1/media/chunk_0_dipika.jpeg
876,starting,29.24,29.64,S,876,889,877-889,"['S', 'T', 'AA1', 'R', 'T', 'IH0', 'NG']",angry,character1,big_center,cross_hands,False,green,M,M,0,1.0,False,projects/1/media/chunk_0_dipika.jpeg
876,lectures,28.9,29.24,Z,866,877,867-877,"['L', 'EH1', 'K', 'CH', 'ER0', 'Z']",angry,character1,big_center,cross_hands,False,green,M,M,0,1.0,False,projects/1/media/chunk_0_dipika.jpeg
877,starting,29.24,29.64,S,876,889,877-889,"['S', 'T', 'AA1', 'R', 'T', 'IH0', 'NG']",angry,character1,big_center,cross_hands,False,green,M,M,0,1.0,False,projects/1/media/chunk_0_dipika.jpeg
877,lectures,28.9,29.24,Z,866,877,867-877,"['L', 'EH1', 'K', 'CH', 'ER0', 'Z']",angry,character1,big_center,cross_hands,False,green,M,M,0,1.0,False,projects/1/media/chunk_0_dipika.jpeg
878,starting,29.24,29.64,T,876,889,877-889,"['S', 'T', 'AA1', 'R', 'T', 'IH0', 'NG']",angry,character1,big_center,cross_hands,False,green,M,M,0,1.0,False,projects/1/media/chunk_0_dipika.jpeg
879,starting,29.24,29.64,AA1,876,889,877-889,"['S', 'T', 'AA1', 'R', 'T', 'IH0', 'NG']",angry,character1,big_center,cross_hands,False,green,M,M,0,1.0,False,projects/1/media/chunk_0_dipika.jpeg
880,starting,29.24,29.64,AA1,876,889,877-889,"['S', 'T', 'AA1', 'R', 'T', 'IH0', 'NG']",angry,character1,big_center,cross_hands,False,green,M,M,0,1.0,False,projects/1/media/chunk_0_dipika.jpeg
881,starting,29.24,29.64,AA1,876,889,877-889,"['S', 'T', 'AA1', 'R', 'T', 'IH0', 'NG']",angry,character1,big_center,cross_hands,False,green,M,M,0,1.0,False,projects/1/media/chunk_0_dipika.jpeg
882,starting,29.24,29.64,R,876,889,877-889,"['S', 'T', 'AA1', 'R', 'T', 'IH0', 'NG']",angry,character1,big_center,cross_hands,False,green,M,M,0,1.0,False,projects/1/media/chunk_0_dipika.jpeg
883,starting,29.24,29.64,R,876,889,877-889,"['S', 'T', 'AA1', 'R', 'T', 'IH0', 'NG']",angry,character1,big_center,cross_hands,False,green,M,M,0,1.0,False,projects/1/media/chunk_0_dipika.jpeg
884,starting,29.24,29.64,T,876,889,877-889,"['S', 'T', 'AA1', 'R', 'T', 'IH0', 'NG']",angry,character1,big_center,cross_hands,False,green,M,M,0,1.0,False,projects/1/media/chunk_0_dipika.jpeg
885,starting,29.24,29.64,IH0,876,889,877-889,"['S', 'T', 'AA1', 'R', 'T', 'IH0', 'NG']",angry,character1,big_center,cross_hands,False,green,M,M,0,1.0,False,projects/1/media/chunk_0_dipika.jpeg
886,starting,29.24,29.64,IH0,876,889,877-889,"['S', 'T', 'AA1', 'R', 'T', 'IH0', 'NG']",angry,character1,big_center,cross_hands,False,green,M,M,0,1.0,False,projects/1/media/chunk_0_dipika.jpeg
887,starting,29.24,29.64,IH0,876,889,877-889,"['S', 'T', 'AA1', 'R', 'T', 'IH0', 'NG']",angry,character1,big_center,cross_hands,False,green,M,M,0,1.0,False,projects/1/media/chunk_0_dipika.jpeg
888,with,29.64,29.9,W,888,897,889-897,"['W', 'IH1', 'DH']",angry,character1,big_center,cross_hands,False,green,M,M,0,1.0,False,projects/1/media/chunk_0_dipika.jpeg
888,starting,29.24,29.64,NG,876,889,877-889,"['S', 'T', 'AA1', 'R', 'T', 'IH0', 'NG']",angry,character1,big_center,cross_hands,False,green,M,M,0,1.0,False,projects/1/media/chunk_0_dipika.jpeg
889,starting,29.24,29.64,NG,876,889,877-889,"['S', 'T', 'AA1', 'R', 'T', 'IH0', 'NG']",angry,character1,big_center,cross_hands,False,green,M,M,0,1.0,False,projects/1/media/chunk_0_dipika.jpeg
889,with,29.64,29.9,W,888,897,889-897,"['W', 'IH1', 'DH']",angry,character1,big_center,cross_hands,False,green,M,M,0,1.0,False,projects/1/media/chunk_0_dipika.jpeg
890,with,29.64,29.9,IH1,888,897,889-897,"['W', 'IH1', 'DH']",angry,character1,big_center,cross_hands,False,green,M,M,0,1.0,False,projects/1/media/chunk_0_dipika.jpeg
891,with,29.64,29.9,IH1,888,897,889-897,"['W', 'IH1', 'DH']",angry,character1,big_center,cross_hands,False,green,M,M,0,1.0,False,projects/1/media/chunk_0_dipika.jpeg
892,with,29.64,29.9,IH1,888,897,889-897,"['W', 'IH1', 'DH']",angry,character1,big_center,cross_hands,False,green,M,M,0,1.0,False,projects/1/media/chunk_0_dipika.jpeg
893,with,29.64,29.9,IH1,888,897,889-897,"['W', 'IH1', 'DH']",angry,character1,big_center,cross_hands,False,green,M,M,0,1.0,False,projects/1/media/chunk_0_dipika.jpeg
894,with,29.64,29.9,IH1,888,897,889-897,"['W', 'IH1', 'DH']",angry,character1,big_center,cross_hands,False,green,M,M,0,1.0,False,projects/1/media/chunk_0_dipika.jpeg
895,with,29.64,29.9,DH,888,897,889-897,"['W', 'IH1', 'DH']",angry,character1,big_center,cross_hands,False,green,M,M,0,1.0,False,projects/1/media/chunk_0_dipika.jpeg
896,with,29.64,29.9,DH,888,897,889-897,"['W', 'IH1', 'DH']",angry,character1,big_center,cross_hands,False,green,M,M,0,1.0,False,projects/1/media/chunk_0_dipika.jpeg
896,according,29.9,30.16,AH0,896,905,897-905,"['AH0', 'K', 'AO1', 'R', 'D', 'IH0', 'NG']",angry,character1,big_center,cross_hands,False,green,M,M,0,1.0,False,projects/1/media/chunk_0_dipika.jpeg
897,with,29.64,29.9,DH,888,897,889-897,"['W', 'IH1', 'DH']",angry,character1,big_center,cross_hands,False,green,M,M,0,1.0,False,projects/1/media/chunk_0_dipika.jpeg
897,according,29.9,30.16,AH0,896,905,897-905,"['AH0', 'K', 'AO1', 'R', 'D', 'IH0', 'NG']",angry,character1,big_center,cross_hands,False,green,M,M,0,1.0,False,projects/1/media/chunk_0_dipika.jpeg
898,according,29.9,30.16,K,896,905,897-905,"['AH0', 'K', 'AO1', 'R', 'D', 'IH0', 'NG']",angry,character1,big_center,cross_hands,False,green,M,M,0,1.0,False,projects/1/media/chunk_0_dipika.jpeg
899,according,29.9,30.16,AO1,896,905,897-905,"['AH0', 'K', 'AO1', 'R', 'D', 'IH0', 'NG']",angry,character1,big_center,cross_hands,False,green,M,M,0,1.0,False,projects/1/media/chunk_0_dipika.jpeg
900,according,29.9,30.16,AO1,896,905,897-905,"['AH0', 'K', 'AO1', 'R', 'D', 'IH0', 'NG']",angry,character1,big_center,cross_hands,False,green,M,M,0,1.0,False,projects/1/media/chunk_0_dipika.jpeg
901,according,29.9,30.16,R,896,905,897-905,"['AH0', 'K', 'AO1', 'R', 'D', 'IH0', 'NG']",angry,character1,big_center,cross_hands,False,green,M,M,0,1.0,False,projects/1/media/chunk_0_dipika.jpeg
902,according,29.9,30.16,D,896,905,897-905,"['AH0', 'K', 'AO1', 'R', 'D', 'IH0', 'NG']",angry,character1,big_center,cross_hands,False,green,M,M,0,1.0,False,projects/1/media/chunk_0_dipika.jpeg
903,according,29.9,30.16,IH0,896,905,897-905,"['AH0', 'K', 'AO1', 'R', 'D', 'IH0', 'NG']",angry,character1,big_center,cross_hands,False,green,M,M,0,1.0,False,projects/1/media/chunk_0_dipika.jpeg
904,according,29.9,30.16,IH0,896,905,897-905,"['AH0', 'K', 'AO1', 'R', 'D', 'IH0', 'NG']",angry,character1,big_center,cross_hands,False,green,M,M,0,1.0,False,projects/1/media/chunk_0_dipika.jpeg
904,to,30.16,30.5,T,904,915,905-915,"['T', 'UW1']",angry,character1,big_center,cross_hands,False,green,M,M,0,1.0,False,projects/1/media/chunk_0_dipika.jpeg
905,according,29.9,30.16,NG,896,905,897-905,"['AH0', 'K', 'AO1', 'R', 'D', 'IH0', 'NG']",angry,character1,big_center,cross_hands,False,green,M,M,0,1.0,False,projects/1/media/chunk_0_dipika.jpeg
905,to,30.16,30.5,T,904,915,905-915,"['T', 'UW1']",angry,character1,big_center,cross_hands,False,green,M,M,0,1.0,False,projects/1/media/chunk_0_dipika.jpeg
906,to,30.16,30.5,T,904,915,905-915,"['T', 'UW1']",angry,character1,big_center,cross_hands,False,green,M,R,0,1.0,False,projects/1/media/chunk_0_dipika.jpeg
907,to,30.16,30.5,UW1,904,915,905-915,"['T', 'UW1']",angry,character1,big_center,cross_hands,False,green,M,R,0,1.0,False,projects/1/media/chunk_0_dipika.jpeg
908,to,30.16,30.5,UW1,904,915,905-915,"['T', 'UW1']",angry,character1,big_center,cross_hands,False,green,M,R,0,1.0,False,projects/1/media/chunk_0_dipika.jpeg
909,to,30.16,30.5,UW1,904,915,905-915,"['T', 'UW1']",angry,character1,big_center,cross_hands,False,green,M,R,0,1.0,False,projects/1/media/chunk_0_dipika.jpeg
910,to,30.16,30.5,UW1,904,915,905-915,"['T', 'UW1']",angry,character1,big_center,cross_hands,False,green,M,R,0,1.0,False,projects/1/media/chunk_0_dipika.jpeg
911,to,30.16,30.5,UW1,904,915,905-915,"['T', 'UW1']",angry,character1,big_center,cross_hands,False,green,M,R,0,1.0,False,projects/1/media/chunk_0_dipika.jpeg
912,to,30.16,30.5,UW1,904,915,905-915,"['T', 'UW1']",angry,character1,big_center,cross_hands,False,green,M,R,0,1.0,False,projects/1/media/chunk_0_dipika.jpeg
913,to,30.16,30.5,UW1,904,915,905-915,"['T', 'UW1']",angry,character1,big_center,cross_hands,False,green,M,R,0,1.0,False,projects/1/media/chunk_0_dipika.jpeg
914,the,30.5,30.64,DH,914,919,915-919,"['DH', 'AH0']",angry,character1,big_center,cross_hands,False,green,M,R,0,1.0,False,projects/1/media/chunk_0_dipika.jpeg
914,to,30.16,30.5,UW1,904,915,905-915,"['T', 'UW1']",angry,character1,big_center,cross_hands,False,green,M,R,0,1.0,False,projects/1/media/chunk_0_dipika.jpeg
915,to,30.16,30.5,UW1,904,915,905-915,"['T', 'UW1']",angry,character1,big_center,cross_hands,False,green,M,R,0,1.0,False,projects/1/media/chunk_0_dipika.jpeg
915,the,30.5,30.64,DH,914,919,915-919,"['DH', 'AH0']",angry,character1,big_center,cross_hands,False,green,M,R,0,1.0,False,projects/1/media/chunk_0_dipika.jpeg
916,the,30.5,30.64,AH0,914,919,915-919,"['DH', 'AH0']",angry,character1,big_center,cross_hands,False,green,M,R,0,1.0,False,projects/1/media/chunk_0_dipika.jpeg
917,the,30.5,30.64,AH0,914,919,915-919,"['DH', 'AH0']",angry,character1,big_center,cross_hands,False,green,M,R,0,1.0,False,projects/1/media/chunk_0_dipika.jpeg
918,the,30.5,30.64,AH0,914,919,915-919,"['DH', 'AH0']",angry,character1,big_center,cross_hands,False,green,M,R,0,1.0,False,projects/1/media/chunk_0_dipika.jpeg
918,syllabus,30.64,30.92,S,918,928,919-928,"['S', 'IH1', 'L', 'AH0', 'B', 'AH0', 'S']",angry,character1,big_center,cross_hands,False,green,M,M,0,1.0,False,projects/1/media/chunk_0_dipika.jpeg
919,syllabus,30.64,30.92,IH1,918,928,919-928,"['S', 'IH1', 'L', 'AH0', 'B', 'AH0', 'S']",angry,character1,big_center,cross_hands,False,green,M,M,0,1.0,False,projects/1/media/chunk_0_dipika.jpeg
919,the,30.5,30.64,AH0,914,919,915-919,"['DH', 'AH0']",angry,character1,big_center,cross_hands,False,green,M,M,0,1.0,False,projects/1/media/chunk_0_dipika.jpeg
920,syllabus,30.64,30.92,IH1,918,928,919-928,"['S', 'IH1', 'L', 'AH0', 'B', 'AH0', 'S']",angry,character1,big_center,cross_hands,False,green,M,M,0,1.0,False,projects/1/media/chunk_0_dipika.jpeg
921,syllabus,30.64,30.92,IH1,918,928,919-928,"['S', 'IH1', 'L', 'AH0', 'B', 'AH0', 'S']",angry,character1,big_center,cross_hands,False,green,M,M,0,1.0,False,projects/1/media/chunk_0_dipika.jpeg
922,syllabus,30.64,30.92,L,918,928,919-928,"['S', 'IH1', 'L', 'AH0', 'B', 'AH0', 'S']",angry,character1,big_center,cross_hands,False,green,M,M,0,1.0,False,projects/1/media/chunk_0_dipika.jpeg
923,syllabus,30.64,30.92,AH0,918,928,919-928,"['S', 'IH1', 'L', 'AH0', 'B', 'AH0', 'S']",angry,character1,big_center,cross_hands,False,green,M,M,0,1.0,False,projects/1/media/chunk_0_dipika.jpeg
924,syllabus,30.64,30.92,AH0,918,928,919-928,"['S', 'IH1', 'L', 'AH0', 'B', 'AH0', 'S']",angry,character1,big_center,cross_hands,False,green,M,M,0,1.0,False,projects/1/media/chunk_0_dipika.jpeg
925,syllabus,30.64,30.92,B,918,928,919-928,"['S', 'IH1', 'L', 'AH0', 'B', 'AH0', 'S']",angry,character1,big_center,cross_hands,False,green,M,M,0,1.0,False,projects/1/media/chunk_0_dipika.jpeg
926,syllabus,30.64,30.92,AH0,918,928,919-928,"['S', 'IH1', 'L', 'AH0', 'B', 'AH0', 'S']",angry,character1,big_center,cross_hands,False,green,M,M,0,1.0,False,projects/1/media/chunk_0_dipika.jpeg
927,syllabus,30.64,30.92,AH0,918,928,919-928,"['S', 'IH1', 'L', 'AH0', 'B', 'AH0', 'S']",angry,character1,big_center,cross_hands,False,green,M,M,0,1.0,False,projects/1/media/chunk_0_dipika.jpeg
928,syllabus,30.64,30.92,S,918,928,919-928,"['S', 'IH1', 'L', 'AH0', 'B', 'AH0', 'S']",angry,character1,big_center,cross_hands,False,green,M,M,0,1.0,False,projects/1/media/chunk_0_dipika.jpeg
929,syllabus,30.64,30.92,B,918,928,,"['S', 'IH1', 'L', 'AH0', 'B', 'AH0', 'S']",angry,character1,big_center,cross_hands,False,green,M,M,0,1.0,False,projects/1/media/chunk_0_dipika.jpeg
930,syllabus,30.64,30.92,B,918,928,,"['S', 'IH1', 'L', 'AH0', 'B', 'AH0', 'S']",angry,character1,big_center,cross_hands,False,green,M,M,0,1.0,False,projects/1/media/chunk_0_dipika.jpeg
931,syllabus,30.64,30.92,B,918,928,,"['S', 'IH1', 'L', 'AH0', 'B', 'AH0', 'S']",angry,character1,big_center,cross_hands,False,green,M,M,0,1.0,False,projects/1/media/chunk_0_dipika.jpeg
932,syllabus,30.64,30.92,B,918,928,,"['S', 'IH1', 'L', 'AH0', 'B', 'AH0', 'S']",angry,character1,big_center,cross_hands,False,green,M,M,0,1.0,False,projects/1/media/chunk_0_dipika.jpeg
933,syllabus,30.64,30.92,B,918,928,,"['S', 'IH1', 'L', 'AH0', 'B', 'AH0', 'S']",angry,character1,big_center,cross_hands,False,green,M,M,0,1.0,False,projects/1/media/chunk_0_dipika.jpeg
934,syllabus,30.64,30.92,B,918,928,,"['S', 'IH1', 'L', 'AH0', 'B', 'AH0', 'S']",angry,character1,big_center,cross_hands,False,green,M,M,0,1.0,False,projects/1/media/chunk_0_dipika.jpeg
935,syllabus,30.64,30.92,B,918,928,,"['S', 'IH1', 'L', 'AH0', 'B', 'AH0', 'S']",angry,character1,big_center,cross_hands,False,green,M,M,0,1.0,False,projects/1/media/chunk_0_dipika.jpeg
936,syllabus,30.64,30.92,B,918,928,,"['S', 'IH1', 'L', 'AH0', 'B', 'AH0', 'S']",angry,character1,big_center,cross_hands,False,green,M,M,0,1.0,False,projects/1/media/chunk_0_dipika.jpeg
937,syllabus,30.64,30.92,B,918,928,,"['S', 'IH1', 'L', 'AH0', 'B', 'AH0', 'S']",angry,character1,big_center,cross_hands,False,green,M,M,0,1.0,False,projects/1/media/chunk_0_dipika.jpeg
938,syllabus,30.64,30.92,B,918,928,,"['S', 'IH1', 'L', 'AH0', 'B', 'AH0', 'S']",angry,character1,big_center,cross_hands,False,green,M,M,0,1.0,False,projects/1/media/chunk_0_dipika.jpeg
939,syllabus,30.64,30.92,B,918,928,,"['S', 'IH1', 'L', 'AH0', 'B', 'AH0', 'S']",angry,character1,big_center,cross_hands,False,green,M,M,0,1.0,False,projects/1/media/chunk_0_dipika.jpeg
940,syllabus,30.64,30.92,B,918,928,,"['S', 'IH1', 'L', 'AH0', 'B', 'AH0', 'S']",angry,character1,big_center,cross_hands,False,green,M,M,0,1.0,False,projects/1/media/chunk_0_dipika.jpeg
941,syllabus,30.64,30.92,B,918,928,,"['S', 'IH1', 'L', 'AH0', 'B', 'AH0', 'S']",angry,character1,big_center,cross_hands,False,green,M,M,0,1.0,False,projects/1/media/chunk_0_dipika.jpeg
942,syllabus,30.64,30.92,B,918,928,,"['S', 'IH1', 'L', 'AH0', 'B', 'AH0', 'S']",angry,character1,big_center,cross_hands,False,green,M,M,0,1.0,False,projects/1/media/chunk_0_dipika.jpeg
943,syllabus,30.64,30.92,B,918,928,,"['S', 'IH1', 'L', 'AH0', 'B', 'AH0', 'S']",angry,character1,big_center,cross_hands,False,green,M,M,0,1.0,False,projects/1/media/chunk_0_dipika.jpeg
944,syllabus,30.64,30.92,B,918,928,,"['S', 'IH1', 'L', 'AH0', 'B', 'AH0', 'S']",angry,character1,big_center,cross_hands,False,green,M,M,0,1.0,False,projects/1/media/chunk_0_dipika.jpeg
945,syllabus,30.64,30.92,B,918,928,,"['S', 'IH1', 'L', 'AH0', 'B', 'AH0', 'S']",angry,character1,big_center,cross_hands,False,green,M,M,0,1.0,False,projects/1/media/chunk_0_dipika.jpeg
946,syllabus,30.64,30.92,B,918,928,,"['S', 'IH1', 'L', 'AH0', 'B', 'AH0', 'S']",angry,character1,big_center,cross_hands,False,green,M,M,0,1.0,False,projects/1/media/chunk_0_dipika.jpeg
947,syllabus,30.64,30.92,B,918,928,,"['S', 'IH1', 'L', 'AH0', 'B', 'AH0', 'S']",angry,character1,big_center,cross_hands,False,green,M,M,0,1.0,False,projects/1/media/chunk_0_dipika.jpeg
948,syllabus,30.64,30.92,B,918,928,,"['S', 'IH1', 'L', 'AH0', 'B', 'AH0', 'S']",angry,character1,big_center,cross_hands,False,green,M,M,0,1.0,False,projects/1/media/chunk_0_dipika.jpeg
949,syllabus,30.64,30.92,B,918,928,,"['S', 'IH1', 'L', 'AH0', 'B', 'AH0', 'S']",angry,character1,big_center,cross_hands,False,green,M,M,0,1.0,False,projects/1/media/chunk_0_dipika.jpeg
950,syllabus,30.64,30.92,B,918,928,,"['S', 'IH1', 'L', 'AH0', 'B', 'AH0', 'S']",angry,character1,big_center,cross_hands,False,green,M,M,0,1.0,False,projects/1/media/chunk_0_dipika.jpeg
951,syllabus,30.64,30.92,B,918,928,,"['S', 'IH1', 'L', 'AH0', 'B', 'AH0', 'S']",angry,character1,big_center,cross_hands,False,green,M,M,0,1.0,False,projects/1/media/chunk_0_dipika.jpeg
952,syllabus,30.64,30.92,B,918,928,,"['S', 'IH1', 'L', 'AH0', 'B', 'AH0', 'S']",angry,character1,big_center,cross_hands,False,green,M,M,0,1.0,False,projects/1/media/chunk_0_dipika.jpeg
953,syllabus,30.64,30.92,B,918,928,,"['S', 'IH1', 'L', 'AH0', 'B', 'AH0', 'S']",angry,character1,big_center,cross_hands,False,green,M,M,0,1.0,False,projects/1/media/chunk_0_dipika.jpeg
954,syllabus,30.64,30.92,B,918,928,,"['S', 'IH1', 'L', 'AH0', 'B', 'AH0', 'S']",angry,character1,big_center,cross_hands,False,green,M,M,0,1.0,False,projects/1/media/chunk_0_dipika.jpeg
955,syllabus,30.64,30.92,B,918,928,,"['S', 'IH1', 'L', 'AH0', 'B', 'AH0', 'S']",angry,character1,big_center,cross_hands,False,green,M,M,0,1.0,False,projects/1/media/chunk_0_dipika.jpeg
956,syllabus,30.64,30.92,B,918,928,,"['S', 'IH1', 'L', 'AH0', 'B', 'AH0', 'S']",angry,character1,big_center,cross_hands,False,green,M,M,0,1.0,False,projects/1/media/chunk_0_dipika.jpeg
957,syllabus,30.64,30.92,B,918,928,,"['S', 'IH1', 'L', 'AH0', 'B', 'AH0', 'S']",angry,character1,big_center,cross_hands,False,green,M,M,0,1.0,False,projects/1/media/chunk_0_dipika.jpeg
958,syllabus,30.64,30.92,B,918,928,,"['S', 'IH1', 'L', 'AH0', 'B', 'AH0', 'S']",angry,character1,big_center,cross_hands,False,green,M,M,0,1.0,False,projects/1/media/chunk_0_dipika.jpeg
959,syllabus,30.64,30.92,B,918,928,,"['S', 'IH1', 'L', 'AH0', 'B', 'AH0', 'S']",angry,character1,big_center,cross_hands,False,green,M,M,0,1.0,False,projects/1/media/chunk_0_dipika.jpeg
960,syllabus,30.64,30.92,B,918,928,,"['S', 'IH1', 'L', 'AH0', 'B', 'AH0', 'S']",angry,character1,big_center,cross_hands,False,green,M,M,0,1.0,False,projects/1/media/chunk_0_dipika.jpeg
961,syllabus,30.64,30.92,B,918,928,,"['S', 'IH1', 'L', 'AH0', 'B', 'AH0', 'S']",angry,character1,big_center,cross_hands,False,green,M,M,0,1.0,False,projects/1/media/chunk_0_dipika.jpeg
962,syllabus,30.64,30.92,B,918,928,,"['S', 'IH1', 'L', 'AH0', 'B', 'AH0', 'S']",angry,character1,big_center,cross_hands,False,green,M,M,0,1.0,False,projects/1/media/chunk_0_dipika.jpeg
963,syllabus,30.64,30.92,B,918,928,,"['S', 'IH1', 'L', 'AH0', 'B', 'AH0', 'S']",angry,character1,big_center,cross_hands,False,green,M,M,0,1.0,False,projects/1/media/chunk_0_dipika.jpeg
964,syllabus,30.64,30.92,B,918,928,,"['S', 'IH1', 'L', 'AH0', 'B', 'AH0', 'S']",angry,character1,big_center,cross_hands,False,green,M,M,0,1.0,False,projects/1/media/chunk_0_dipika.jpeg
965,Whoa!,32.16,32.4,W,965,972,965-972,"['W', 'OW1']",angry,character1,big_center,cross_hands,False,green,M,M,0,1.0,False,projects/1/media/chunk_0_dipika.jpeg
966,Whoa!,32.16,32.4,W,965,972,965-972,"['W', 'OW1']",angry,character1,big_center,cross_hands,False,green,M,M,0,1.0,False,projects/1/media/chunk_0_dipika.jpeg
967,Whoa!,32.16,32.4,OW1,965,972,965-972,"['W', 'OW1']",angry,character1,big_center,cross_hands,False,green,M,M,0,1.0,False,projects/1/media/chunk_0_dipika.jpeg
968,Whoa!,32.16,32.4,OW1,965,972,965-972,"['W', 'OW1']",angry,character1,big_center,cross_hands,False,green,M,M,0,1.0,False,projects/1/media/chunk_0_dipika.jpeg
969,Whoa!,32.16,32.4,OW1,965,972,965-972,"['W', 'OW1']",angry,character1,big_center,cross_hands,False,green,M,M,0,1.0,False,projects/1/media/chunk_0_dipika.jpeg
970,Whoa!,32.16,32.4,OW1,965,972,965-972,"['W', 'OW1']",angry,character1,big_center,cross_hands,False,green,M,M,0,1.0,False,projects/1/media/chunk_0_dipika.jpeg
971,Whoa!,32.16,32.4,OW1,965,972,965-972,"['W', 'OW1']",angry,character1,big_center,cross_hands,False,green,M,M,0,1.0,False,projects/1/media/chunk_0_dipika.jpeg
972,Whoa!,32.16,32.4,OW1,965,972,965-972,"['W', 'OW1']",angry,character1,big_center,cross_hands,False,green,M,M,0,1.0,False,projects/1/media/chunk_0_dipika.jpeg
973,Whoa!,32.16,32.4,B,965,972,,"['W', 'OW1']",angry,character1,big_center,cross_hands,False,green,M,M,0,1.0,False,projects/1/media/chunk_0_dipika.jpeg
974,Whoa!,32.16,32.4,B,965,972,,"['W', 'OW1']",angry,character1,big_center,cross_hands,False,green,M,M,0,1.0,False,projects/1/media/chunk_0_dipika.jpeg
975,Whoa!,32.16,32.4,B,965,972,,"['W', 'OW1']",angry,character1,big_center,cross_hands,False,green,M,M,0,1.0,False,projects/1/media/chunk_0_dipika.jpeg
976,Whoa!,32.16,32.4,B,965,972,,"['W', 'OW1']",angry,character1,big_center,cross_hands,False,green,M,M,0,1.0,False,projects/1/media/chunk_0_dipika.jpeg
977,Something,32.56,33.84,S,977,1015,977-1015,"['S', 'AH1', 'M', 'TH', 'IH0', 'NG']",angry,character1,big_center,cross_hands,False,green,M,M,0,1.0,False,projects/1/media/chunk_0_dipika.jpeg
978,Something,32.56,33.84,S,977,1015,977-1015,"['S', 'AH1', 'M', 'TH', 'IH0', 'NG']",angry,character1,big_center,cross_hands,False,green,M,M,0,1.0,False,projects/1/media/chunk_0_dipika.jpeg
979,Something,32.56,33.84,S,977,1015,977-1015,"['S', 'AH1', 'M', 'TH', 'IH0', 'NG']",angry,character1,big_center,cross_hands,False,green,M,M,0,1.0,False,projects/1/media/chunk_0_dipika.jpeg
980,Something,32.56,33.84,S,977,1015,977-1015,"['S', 'AH1', 'M', 'TH', 'IH0', 'NG']",angry,character1,big_center,cross_hands,False,green,M,M,0,1.0,False,projects/1/media/chunk_0_dipika.jpeg
981,Something,32.56,33.84,S,977,1015,977-1015,"['S', 'AH1', 'M', 'TH', 'IH0', 'NG']",angry,character1,big_center,cross_hands,False,green,M,M,0,1.0,False,projects/1/media/chunk_0_dipika.jpeg
982,Something,32.56,33.84,S,977,1015,977-1015,"['S', 'AH1', 'M', 'TH', 'IH0', 'NG']",angry,character1,big_center,cross_hands,False,green,M,M,0,1.0,False,projects/1/media/chunk_0_dipika.jpeg
983,Something,32.56,33.84,AH1,977,1015,977-1015,"['S', 'AH1', 'M', 'TH', 'IH0', 'NG']",angry,character1,big_center,cross_hands,False,green,M,M,0,1.0,False,projects/1/media/chunk_0_dipika.jpeg
984,Something,32.56,33.84,AH1,977,1015,977-1015,"['S', 'AH1', 'M', 'TH', 'IH0', 'NG']",angry,character1,big_center,cross_hands,False,green,M,M,0,1.0,False,projects/1/media/chunk_0_dipika.jpeg
985,Something,32.56,33.84,AH1,977,1015,977-1015,"['S', 'AH1', 'M', 'TH', 'IH0', 'NG']",angry,character1,big_center,cross_hands,False,green,M,M,0,1.0,False,projects/1/media/chunk_0_dipika.jpeg
986,Something,32.56,33.84,AH1,977,1015,977-1015,"['S', 'AH1', 'M', 'TH', 'IH0', 'NG']",angry,character1,big_center,cross_hands,False,green,M,M,0,1.0,False,projects/1/media/chunk_0_dipika.jpeg
987,Something,32.56,33.84,AH1,977,1015,977-1015,"['S', 'AH1', 'M', 'TH', 'IH0', 'NG']",angry,character1,big_center,cross_hands,False,green,M,M,0,1.0,False,projects/1/media/chunk_0_dipika.jpeg
988,Something,32.56,33.84,AH1,977,1015,977-1015,"['S', 'AH1', 'M', 'TH', 'IH0', 'NG']",angry,character1,big_center,cross_hands,False,green,M,M,0,1.0,False,projects/1/media/chunk_0_dipika.jpeg
989,Something,32.56,33.84,AH1,977,1015,977-1015,"['S', 'AH1', 'M', 'TH', 'IH0', 'NG']",angry,character1,big_center,cross_hands,False,green,M,M,0,1.0,False,projects/1/media/chunk_0_dipika.jpeg
990,Something,32.56,33.84,M,977,1015,977-1015,"['S', 'AH1', 'M', 'TH', 'IH0', 'NG']",angry,character1,big_center,cross_hands,False,green,M,M,0,1.0,False,projects/1/media/chunk_0_dipika.jpeg
991,Something,32.56,33.84,M,977,1015,977-1015,"['S', 'AH1', 'M', 'TH', 'IH0', 'NG']",angry,character1,big_center,cross_hands,False,green,M,M,0,1.0,False,projects/1/media/chunk_0_dipika.jpeg
992,Something,32.56,33.84,M,977,1015,977-1015,"['S', 'AH1', 'M', 'TH', 'IH0', 'NG']",angry,character1,big_center,cross_hands,False,green,M,M,0,1.0,False,projects/1/media/chunk_0_dipika.jpeg
993,Something,32.56,33.84,M,977,1015,977-1015,"['S', 'AH1', 'M', 'TH', 'IH0', 'NG']",angry,character1,big_center,cross_hands,False,green,M,M,0,1.0,False,projects/1/media/chunk_0_dipika.jpeg
994,Something,32.56,33.84,M,977,1015,977-1015,"['S', 'AH1', 'M', 'TH', 'IH0', 'NG']",angry,character1,big_center,cross_hands,False,green,M,M,0,1.0,False,projects/1/media/chunk_0_dipika.jpeg
995,Something,32.56,33.84,M,977,1015,977-1015,"['S', 'AH1', 'M', 'TH', 'IH0', 'NG']",angry,character1,big_center,cross_hands,False,green,M,M,0,1.0,False,projects/1/media/chunk_0_dipika.jpeg
996,Something,32.56,33.84,TH,977,1015,977-1015,"['S', 'AH1', 'M', 'TH', 'IH0', 'NG']",angry,character1,big_center,cross_hands,False,green,M,M,0,1.0,False,projects/1/media/chunk_0_dipika.jpeg
997,Something,32.56,33.84,TH,977,1015,977-1015,"['S', 'AH1', 'M', 'TH', 'IH0', 'NG']",angry,character1,big_center,cross_hands,False,green,M,M,0,1.0,False,projects/1/media/chunk_0_dipika.jpeg
998,Something,32.56,33.84,TH,977,1015,977-1015,"['S', 'AH1', 'M', 'TH', 'IH0', 'NG']",angry,character1,big_center,cross_hands,False,green,M,M,0,1.0,False,projects/1/media/chunk_0_dipika.jpeg
999,Something,32.56,33.84,TH,977,1015,977-1015,"['S', 'AH1', 'M', 'TH', 'IH0', 'NG']",angry,character1,big_center,cross_hands,False,green,M,M,0,1.0,False,projects/1/media/chunk_0_dipika.jpeg
1000,Something,32.56,33.84,TH,977,1015,977-1015,"['S', 'AH1', 'M', 'TH', 'IH0', 'NG']",angry,character1,big_center,cross_hands,False,green,M,M,0,1.0,False,projects/1/media/chunk_0_dipika.jpeg
1001,Something,32.56,33.84,TH,977,1015,977-1015,"['S', 'AH1', 'M', 'TH', 'IH0', 'NG']",angry,character1,big_center,cross_hands,False,green,M,M,0,1.0,False,projects/1/media/chunk_0_dipika.jpeg
1002,Something,32.56,33.84,IH0,977,1015,977-1015,"['S', 'AH1', 'M', 'TH', 'IH0', 'NG']",angry,character1,big_center,cross_hands,False,green,M,M,0,1.0,False,projects/1/media/chunk_0_dipika.jpeg
1003,Something,32.56,33.84,IH0,977,1015,977-1015,"['S', 'AH1', 'M', 'TH', 'IH0', 'NG']",angry,character1,big_center,cross_hands,False,green,M,L,0,1.0,False,projects/1/media/chunk_0_dipika.jpeg
1004,Something,32.56,33.84,IH0,977,1015,977-1015,"['S', 'AH1', 'M', 'TH', 'IH0', 'NG']",angry,character1,big_center,cross_hands,False,green,M,L,0,1.0,False,projects/1/media/chunk_0_dipika.jpeg
1005,Something,32.56,33.84,IH0,977,1015,977-1015,"['S', 'AH1', 'M', 'TH', 'IH0', 'NG']",angry,character1,big_center,cross_hands,False,green,M,L,0,1.0,False,projects/1/media/chunk_0_dipika.jpeg
1006,Something,32.56,33.84,IH0,977,1015,977-1015,"['S', 'AH1', 'M', 'TH', 'IH0', 'NG']",angry,character1,big_center,cross_hands,False,green,M,L,0,1.0,False,projects/1/media/chunk_0_dipika.jpeg
1007,Something,32.56,33.84,IH0,977,1015,977-1015,"['S', 'AH1', 'M', 'TH', 'IH0', 'NG']",angry,character1,big_center,cross_hands,False,green,M,L,0,1.0,False,projects/1/media/chunk_0_dipika.jpeg
1008,Something,32.56,33.84,IH0,977,1015,977-1015,"['S', 'AH1', 'M', 'TH', 'IH0', 'NG']",angry,character1,big_center,cross_hands,False,green,M,L,0,1.0,False,projects/1/media/chunk_0_dipika.jpeg
1009,Something,32.56,33.84,IH0,977,1015,977-1015,"['S', 'AH1', 'M', 'TH', 'IH0', 'NG']",angry,character1,big_center,cross_hands,False,green,M,L,0,1.0,False,projects/1/media/chunk_0_dipika.jpeg
1010,Something,32.56,33.84,NG,977,1015,977-1015,"['S', 'AH1', 'M', 'TH', 'IH0', 'NG']",angry,character1,big_center,cross_hands,False,green,M,L,0,1.0,False,projects/1/media/chunk_0_dipika.jpeg
1011,Something,32.56,33.84,NG,977,1015,977-1015,"['S', 'AH1', 'M', 'TH', 'IH0', 'NG']",angry,character1,big_center,cross_hands,False,green,M,L,0,1.0,False,projects/1/media/chunk_0_dipika.jpeg
1012,Something,32.56,33.84,NG,977,1015,977-1015,"['S', 'AH1', 'M', 'TH', 'IH0', 'NG']",angry,character1,big_center,cross_hands,False,green,M,L,0,1.0,False,projects/1/media/chunk_0_dipika.jpeg
1013,Something,32.56,33.84,NG,977,1015,977-1015,"['S', 'AH1', 'M', 'TH', 'IH0', 'NG']",angry,character1,big_center,cross_hands,False,green,M,L,0,1.0,False,projects/1/media/chunk_0_dipika.jpeg
1014,actually,33.84,34.36,AE1,1014,1031,1015-1031,"['AE1', 'K', 'CH', 'AH0', 'W', 'AH0', 'L', 'IY0']",angry,character1,big_center,cross_hands,False,green,M,L,0,1.0,False,projects/1/media/chunk_0_dipika.jpeg
1014,Something,32.56,33.84,NG,977,1015,977-1015,"['S', 'AH1', 'M', 'TH', 'IH0', 'NG']",angry,character1,big_center,cross_hands,False,green,M,L,0,1.0,False,projects/1/media/chunk_0_dipika.jpeg
1015,Something,32.56,33.84,NG,977,1015,977-1015,"['S', 'AH1', 'M', 'TH', 'IH0', 'NG']",angry,character1,big_center,cross_hands,False,green,M,L,0,1.0,False,projects/1/media/chunk_0_dipika.jpeg
1015,actually,33.84,34.36,AE1,1014,1031,1015-1031,"['AE1', 'K', 'CH', 'AH0', 'W', 'AH0', 'L', 'IY0']",angry,character1,big_center,cross_hands,False,green,M,L,0,1.0,False,projects/1/media/chunk_0_dipika.jpeg
1016,actually,33.84,34.36,AE1,1014,1031,1015-1031,"['AE1', 'K', 'CH', 'AH0', 'W', 'AH0', 'L', 'IY0']",angry,character1,big_center,cross_hands,False,green,M,M,0,1.0,False,projects/1/media/chunk_0_dipika.jpeg
1017,actually,33.84,34.36,K,1014,1031,1015-1031,"['AE1', 'K', 'CH', 'AH0', 'W', 'AH0', 'L', 'IY0']",angry,character1,big_center,cross_hands,False,green,M,M,0,1.0,False,projects/1/media/chunk_0_dipika.jpeg
1018,actually,33.84,34.36,CH,1014,1031,1015-1031,"['AE1', 'K', 'CH', 'AH0', 'W', 'AH0', 'L', 'IY0']",angry,character1,big_center,cross_hands,False,green,M,M,0,1.0,False,projects/1/media/chunk_0_dipika.jpeg
1019,actually,33.84,34.36,CH,1014,1031,1015-1031,"['AE1', 'K', 'CH', 'AH0', 'W', 'AH0', 'L', 'IY0']",angry,character1,big_center,cross_hands,False,green,M,M,0,1.0,True,projects/1/media/chunk_0_dipika.jpeg
1020,actually,33.84,34.36,AH0,1014,1031,1015-1031,"['AE1', 'K', 'CH', 'AH0', 'W', 'AH0', 'L', 'IY0']",angry,character1,big_center,cross_hands,False,green,M,M,0,1.0,True,projects/1/media/chunk_0_dipika.jpeg
1021,actually,33.84,34.36,AH0,1014,1031,1015-1031,"['AE1', 'K', 'CH', 'AH0', 'W', 'AH0', 'L', 'IY0']",angry,character1,big_center,cross_hands,False,green,M,M,0,1.0,True,projects/1/media/chunk_0_dipika.jpeg
1022,actually,33.84,34.36,AH0,1014,1031,1015-1031,"['AE1', 'K', 'CH', 'AH0', 'W', 'AH0', 'L', 'IY0']",angry,character1,big_center,cross_hands,False,green,M,M,0,1.0,True,projects/1/media/chunk_0_dipika.jpeg
1023,actually,33.84,34.36,W,1014,1031,1015-1031,"['AE1', 'K', 'CH', 'AH0', 'W', 'AH0', 'L', 'IY0']",angry,character1,big_center,cross_hands,False,green,M,M,0,1.0,True,projects/1/media/chunk_0_dipika.jpeg
1024,actually,33.84,34.36,AH0,1014,1031,1015-1031,"['AE1', 'K', 'CH', 'AH0', 'W', 'AH0', 'L', 'IY0']",angry,character1,big_center,cross_hands,False,green,M,M,0,1.0,False,projects/1/media/chunk_0_dipika.jpeg
1025,actually,33.84,34.36,AH0,1014,1031,1015-1031,"['AE1', 'K', 'CH', 'AH0', 'W', 'AH0', 'L', 'IY0']",angry,character1,big_center,cross_hands,False,green,M,M,0,1.0,False,projects/1/media/chunk_0_dipika.jpeg
1026,actually,33.84,34.36,AH0,1014,1031,1015-1031,"['AE1', 'K', 'CH', 'AH0', 'W', 'AH0', 'L', 'IY0']",angry,character1,big_center,cross_hands,False,green,M,M,0,1.0,False,projects/1/media/chunk_0_dipika.jpeg
1027,actually,33.84,34.36,L,1014,1031,1015-1031,"['AE1', 'K', 'CH', 'AH0', 'W', 'AH0', 'L', 'IY0']",angry,character1,big_center,cross_hands,False,green,M,M,0,1.0,False,projects/1/media/chunk_0_dipika.jpeg
1028,actually,33.84,34.36,L,1014,1031,1015-1031,"['AE1', 'K', 'CH', 'AH0', 'W', 'AH0', 'L', 'IY0']",angry,character1,big_center,cross_hands,False,green,M,M,0,1.0,False,projects/1/media/chunk_0_dipika.jpeg
1029,actually,33.84,34.36,IY0,1014,1031,1015-1031,"['AE1', 'K', 'CH', 'AH0', 'W', 'AH0', 'L', 'IY0']",angry,character1,big_center,cross_hands,False,green,M,M,0,1.0,False,projects/1/media/chunk_0_dipika.jpeg
1030,actually,33.84,34.36,IY0,1014,1031,1015-1031,"['AE1', 'K', 'CH', 'AH0', 'W', 'AH0', 'L', 'IY0']",angry,character1,big_center,cross_hands,False,green,M,M,0,1.0,True,projects/1/media/chunk_0_dipika.jpeg
1030,interesting,34.36,34.82,N,1030,1045,1031-1045,"['IH1', 'N', 'T', 'R', 'AH0', 'S', 'T', 'IH0', 'NG']",angry,character1,big_center,cross_hands,False,green,M,M,0,1.0,True,projects/1/media/chunk_0_dipika.jpeg
1031,actually,33.84,34.36,IY0,1014,1031,1015-1031,"['AE1', 'K', 'CH', 'AH0', 'W', 'AH0', 'L', 'IY0']",angry,character1,big_center,cross_hands,False,green,M,M,0,1.0,True,projects/1/media/chunk_0_dipika.jpeg
1031,interesting,34.36,34.82,N,1030,1045,1031-1045,"['IH1', 'N', 'T', 'R', 'AH0', 'S', 'T', 'IH0', 'NG']",angry,character1,big_center,cross_hands,False,green,M,M,0,1.0,True,projects/1/media/chunk_0_dipika.jpeg
1032,interesting,34.36,34.82,T,1030,1045,1031-1045,"['IH1', 'N', 'T', 'R', 'AH0', 'S', 'T', 'IH0', 'NG']",angry,character1,big_center,cross_hands,False,green,M,M,0,1.0,True,projects/1/media/chunk_0_dipika.jpeg
1033,interesting,34.36,34.82,R,1030,1045,1031-1045,"['IH1', 'N', 'T', 'R', 'AH0', 'S', 'T', 'IH0', 'NG']",angry,character1,big_center,cross_hands,False,green,M,M,0,1.0,False,projects/1/media/chunk_0_dipika.jpeg
1034,interesting,34.36,34.82,R,1030,1045,1031-1045,"['IH1', 'N', 'T', 'R', 'AH0', 'S', 'T', 'IH0', 'NG']",angry,character1,big_center,cross_hands,False,green,M,M,0,1.0,False,projects/1/media/chunk_0_dipika.jpeg
1035,interesting,34.36,34.82,AH0,1030,1045,1031-1045,"['IH1', 'N', 'T', 'R', 'AH0', 'S', 'T', 'IH0', 'NG']",angry,character1,big_center,cross_hands,False,green,M,M,0,1.0,False,projects/1/media/chunk_0_dipika.jpeg
1036,interesting,34.36,34.82,AH0,1030,1045,1031-1045,"['IH1', 'N', 'T', 'R', 'AH0', 'S', 'T', 'IH0', 'NG']",angry,character1,big_center,cross_hands,False,green,M,M,0,1.0,False,projects/1/media/chunk_0_dipika.jpeg
1037,interesting,34.36,34.82,AH0,1030,1045,1031-1045,"['IH1', 'N', 'T', 'R', 'AH0', 'S', 'T', 'IH0', 'NG']",angry,character1,big_center,cross_hands,False,green,M,M,0,1.0,False,projects/1/media/chunk_0_dipika.jpeg
1038,interesting,34.36,34.82,S,1030,1045,1031-1045,"['IH1', 'N', 'T', 'R', 'AH0', 'S', 'T', 'IH0', 'NG']",angry,character1,big_center,cross_hands,False,green,M,M,0,1.0,False,projects/1/media/chunk_0_dipika.jpeg
1039,interesting,34.36,34.82,S,1030,1045,1031-1045,"['IH1', 'N', 'T', 'R', 'AH0', 'S', 'T', 'IH0', 'NG']",angry,character1,big_center,cross_hands,False,green,M,M,0,1.0,False,projects/1/media/chunk_0_dipika.jpeg
1040,interesting,34.36,34.82,T,1030,1045,1031-1045,"['IH1', 'N', 'T', 'R', 'AH0', 'S', 'T', 'IH0', 'NG']",angry,character1,big_center,cross_hands,False,green,M,M,0,1.0,False,projects/1/media/chunk_0_dipika.jpeg
1041,interesting,34.36,34.82,IH0,1030,1045,1031-1045,"['IH1', 'N', 'T', 'R', 'AH0', 'S', 'T', 'IH0', 'NG']",angry,character1,big_center,cross_hands,False,green,M,M,0,1.0,False,projects/1/media/chunk_0_dipika.jpeg
1042,interesting,34.36,34.82,IH0,1030,1045,1031-1045,"['IH1', 'N', 'T', 'R', 'AH0', 'S', 'T', 'IH0', 'NG']",angry,character1,big_center,cross_hands,False,green,M,M,0,1.0,False,projects/1/media/chunk_0_dipika.jpeg
1043,interesting,34.36,34.82,IH0,1030,1045,1031-1045,"['IH1', 'N', 'T', 'R', 'AH0', 'S', 'T', 'IH0', 'NG']",angry,character1,big_center,cross_hands,False,green,M,M,0,1.0,False,projects/1/media/chunk_0_dipika.jpeg
1044,interesting,34.36,34.82,NG,1030,1045,1031-1045,"['IH1', 'N', 'T', 'R', 'AH0', 'S', 'T', 'IH0', 'NG']",angry,character1,big_center,cross_hands,False,green,M,M,0,1.0,False,projects/1/media/chunk_0_dipika.jpeg
1045,interesting,34.36,34.82,NG,1030,1045,1031-1045,"['IH1', 'N', 'T', 'R', 'AH0', 'S', 'T', 'IH0', 'NG']",angry,character1,big_center,cross_hands,False,green,M,M,0,1.0,False,projects/1/media/chunk_0_dipika.jpeg
1046,interesting,34.36,34.82,B,1030,1045,,"['IH1', 'N', 'T', 'R', 'AH0', 'S', 'T', 'IH0', 'NG']",angry,character1,big_center,cross_hands,False,green,M,M,0,1.0,False,projects/1/media/chunk_0_dipika.jpeg
1047,interesting,34.36,34.82,B,1030,1045,,"['IH1', 'N', 'T', 'R', 'AH0', 'S', 'T', 'IH0', 'NG']",angry,character1,big_center,cross_hands,False,green,M,M,0,1.0,False,projects/1/media/chunk_0_dipika.jpeg
1048,interesting,34.36,34.82,B,1030,1045,,"['IH1', 'N', 'T', 'R', 'AH0', 'S', 'T', 'IH0', 'NG']",angry,character1,big_center,cross_hands,False,green,M,M,0,1.0,False,projects/1/media/chunk_0_dipika.jpeg
1049,interesting,34.36,34.82,B,1030,1045,,"['IH1', 'N', 'T', 'R', 'AH0', 'S', 'T', 'IH0', 'NG']",angry,character1,big_center,cross_hands,False,green,M,M,0,1.0,False,projects/1/media/chunk_0_dipika.jpeg
1050,interesting,34.36,34.82,B,1030,1045,,"['IH1', 'N', 'T', 'R', 'AH0', 'S', 'T', 'IH0', 'NG']",angry,character1,big_center,cross_hands,False,green,M,M,0,1.0,False,projects/1/media/chunk_0_dipika.jpeg
1051,interesting,34.36,34.82,B,1030,1045,,"['IH1', 'N', 'T', 'R', 'AH0', 'S', 'T', 'IH0', 'NG']",angry,character1,big_center,cross_hands,False,green,M,M,0,1.0,False,projects/1/media/chunk_0_dipika.jpeg
1052,interesting,34.36,34.82,B,1030,1045,,"['IH1', 'N', 'T', 'R', 'AH0', 'S', 'T', 'IH0', 'NG']",angry,character1,big_center,cross_hands,False,green,M,M,0,1.0,False,projects/1/media/chunk_0_dipika.jpeg
1053,interesting,34.36,34.82,B,1030,1045,,"['IH1', 'N', 'T', 'R', 'AH0', 'S', 'T', 'IH0', 'NG']",angry,character1,big_center,cross_hands,False,green,M,M,0,1.0,False,projects/1/media/chunk_0_dipika.jpeg
1054,interesting,34.36,34.82,B,1030,1045,,"['IH1', 'N', 'T', 'R', 'AH0', 'S', 'T', 'IH0', 'NG']",angry,character1,big_center,cross_hands,False,green,M,M,0,1.0,False,projects/1/media/chunk_0_dipika.jpeg
1055,interesting,34.36,34.82,B,1030,1045,,"['IH1', 'N', 'T', 'R', 'AH0', 'S', 'T', 'IH0', 'NG']",angry,character1,big_center,cross_hands,False,green,M,M,0,1.0,False,projects/1/media/chunk_0_dipika.jpeg
1056,interesting,34.36,34.82,B,1030,1045,,"['IH1', 'N', 'T', 'R', 'AH0', 'S', 'T', 'IH0', 'NG']",angry,character1,big_center,cross_hands,False,green,M,M,0,1.0,False,projects/1/media/chunk_0_dipika.jpeg
1057,interesting,34.36,34.82,B,1030,1045,,"['IH1', 'N', 'T', 'R', 'AH0', 'S', 'T', 'IH0', 'NG']",angry,character1,big_center,cross_hands,False,green,M,M,0,1.0,False,projects/1/media/chunk_0_dipika.jpeg
1058,interesting,34.36,34.82,B,1030,1045,,"['IH1', 'N', 'T', 'R', 'AH0', 'S', 'T', 'IH0', 'NG']",angry,character1,big_center,cross_hands,False,green,M,M,0,1.0,False,projects/1/media/chunk_0_dipika.jpeg
1059,interesting,34.36,34.82,B,1030,1045,,"['IH1', 'N', 'T', 'R', 'AH0', 'S', 'T', 'IH0', 'NG']",angry,character1,big_center,cross_hands,False,green,M,M,0,1.0,False,projects/1/media/chunk_0_dipika.jpeg
1060,interesting,34.36,34.82,B,1030,1045,,"['IH1', 'N', 'T', 'R', 'AH0', 'S', 'T', 'IH0', 'NG']",angry,character1,big_center,cross_hands,False,green,M,M,0,1.0,False,projects/1/media/chunk_0_dipika.jpeg
1061,interesting,34.36,34.82,B,1030,1045,,"['IH1', 'N', 'T', 'R', 'AH0', 'S', 'T', 'IH0', 'NG']",angry,character1,big_center,cross_hands,False,green,M,M,0,1.0,False,projects/1/media/chunk_0_dipika.jpeg
1062,interesting,34.36,34.82,B,1030,1045,,"['IH1', 'N', 'T', 'R', 'AH0', 'S', 'T', 'IH0', 'NG']",angry,character1,big_center,cross_hands,False,green,M,M,0,1.0,False,projects/1/media/chunk_0_dipika.jpeg
1063,interesting,34.36,34.82,B,1030,1045,,"['IH1', 'N', 'T', 'R', 'AH0', 'S', 'T', 'IH0', 'NG']",angry,character1,big_center,cross_hands,False,green,M,M,0,1.0,False,projects/1/media/chunk_0_dipika.jpeg
1064,interesting,34.36,34.82,B,1030,1045,,"['IH1', 'N', 'T', 'R', 'AH0', 'S', 'T', 'IH0', 'NG']",angry,character1,big_center,cross_hands,False,green,M,M,0,1.0,False,projects/1/media/chunk_0_dipika.jpeg
1065,interesting,34.36,34.82,B,1030,1045,,"['IH1', 'N', 'T', 'R', 'AH0', 'S', 'T', 'IH0', 'NG']",angry,character1,big_center,cross_hands,False,green,M,M,0,1.0,False,projects/1/media/chunk_0_dipika.jpeg
1066,interesting,34.36,34.82,B,1030,1045,,"['IH1', 'N', 'T', 'R', 'AH0', 'S', 'T', 'IH0', 'NG']",angry,character1,big_center,cross_hands,False,green,M,M,0,1.0,False,projects/1/media/chunk_0_dipika.jpeg
1067,interesting,34.36,34.82,B,1030,1045,,"['IH1', 'N', 'T', 'R', 'AH0', 'S', 'T', 'IH0', 'NG']",angry,character1,big_center,cross_hands,False,green,R,R,0,1.0,True,projects/1/media/chunk_0_dipika.jpeg
1068,interesting,34.36,34.82,B,1030,1045,,"['IH1', 'N', 'T', 'R', 'AH0', 'S', 'T', 'IH0', 'NG']",angry,character1,big_center,cross_hands,False,green,R,R,0,1.0,True,projects/1/media/chunk_0_dipika.jpeg
1069,interesting,34.36,34.82,B,1030,1045,,"['IH1', 'N', 'T', 'R', 'AH0', 'S', 'T', 'IH0', 'NG']",angry,character1,big_center,cross_hands,False,green,R,R,0,1.0,True,projects/1/media/chunk_0_dipika.jpeg
1070,interesting,34.36,34.82,B,1030,1045,,"['IH1', 'N', 'T', 'R', 'AH0', 'S', 'T', 'IH0', 'NG']",angry,character1,big_center,cross_hands,False,green,R,R,0,1.0,True,projects/1/media/chunk_0_dipika.jpeg
1071,interesting,34.36,34.82,B,1030,1045,,"['IH1', 'N', 'T', 'R', 'AH0', 'S', 'T', 'IH0', 'NG']",angry,character1,big_center,cross_hands,False,green,R,R,0,1.0,True,projects/1/media/chunk_0_dipika.jpeg
1072,interesting,34.36,34.82,B,1030,1045,,"['IH1', 'N', 'T', 'R', 'AH0', 'S', 'T', 'IH0', 'NG']",angry,character1,big_center,cross_hands,False,green,R,R,0,1.0,False,projects/1/media/chunk_0_dipika.jpeg
1073,interesting,34.36,34.82,B,1030,1045,,"['IH1', 'N', 'T', 'R', 'AH0', 'S', 'T', 'IH0', 'NG']",angry,character1,big_center,cross_hands,False,green,R,R,0,1.0,False,projects/1/media/chunk_0_dipika.jpeg
1074,interesting,34.36,34.82,B,1030,1045,,"['IH1', 'N', 'T', 'R', 'AH0', 'S', 'T', 'IH0', 'NG']",angry,character1,big_center,cross_hands,False,green,R,R,0,1.0,False,projects/1/media/chunk_0_dipika.jpeg
1075,interesting,34.36,34.82,B,1030,1045,,"['IH1', 'N', 'T', 'R', 'AH0', 'S', 'T', 'IH0', 'NG']",angry,character1,big_center,cross_hands,False,green,R,R,0,1.0,False,projects/1/media/chunk_0_dipika.jpeg
1076,interesting,34.36,34.82,B,1030,1045,,"['IH1', 'N', 'T', 'R', 'AH0', 'S', 'T', 'IH0', 'NG']",angry,character1,big_center,cross_hands,False,green,R,R,0,1.0,False,projects/1/media/chunk_0_dipika.jpeg
1077,interesting,34.36,34.82,B,1030,1045,,"['IH1', 'N', 'T', 'R', 'AH0', 'S', 'T', 'IH0', 'NG']",angry,character1,big_center,cross_hands,False,green,R,R,0,1.0,False,projects/1/media/chunk_0_dipika.jpeg
1078,interesting,34.36,34.82,B,1030,1045,,"['IH1', 'N', 'T', 'R', 'AH0', 'S', 'T', 'IH0', 'NG']",angry,character1,big_center,cross_hands,False,green,R,R,0,1.0,False,projects/1/media/chunk_0_dipika.jpeg
1079,interesting,34.36,34.82,B,1030,1045,,"['IH1', 'N', 'T', 'R', 'AH0', 'S', 'T', 'IH0', 'NG']",angry,character1,big_center,cross_hands,False,green,R,R,0,1.0,False,projects/1/media/chunk_0_dipika.jpeg
1080,interesting,34.36,34.82,B,1030,1045,,"['IH1', 'N', 'T', 'R', 'AH0', 'S', 'T', 'IH0', 'NG']",angry,character1,big_center,cross_hands,False,green,R,R,0,1.0,False,projects/1/media/chunk_0_dipika.jpeg
1081,interesting,34.36,34.82,B,1030,1045,,"['IH1', 'N', 'T', 'R', 'AH0', 'S', 'T', 'IH0', 'NG']",angry,character1,big_center,cross_hands,False,green,R,R,0,1.0,False,projects/1/media/chunk_0_dipika.jpeg
1082,Oh,36.06,36.14,OW1,1082,1084,1082-1084,['OW1'],angry,character1,big_center,cross_hands,False,green,R,R,0,1.0,False,projects/1/media/chunk_0_dipika.jpeg
1083,"yes,",36.14,36.46,Y,1083,1094,1084-1094,"['Y', 'EH1', 'S']",angry,character1,big_center,cross_hands,False,green,R,R,0,1.0,False,projects/1/media/chunk_0_dipika.jpeg
1083,Oh,36.06,36.14,OW1,1082,1084,1082-1084,['OW1'],angry,character1,big_center,cross_hands,False,green,R,R,0,1.0,False,projects/1/media/chunk_0_dipika.jpeg
1084,Oh,36.06,36.14,OW1,1082,1084,1082-1084,['OW1'],angry,character1,big_center,cross_hands,False,green,R,R,0,1.0,False,projects/1/media/chunk_0_dipika.jpeg
1084,"yes,",36.14,36.46,Y,1083,1094,1084-1094,"['Y', 'EH1', 'S']",angry,character1,big_center,cross_hands,False,green,R,R,0,1.0,False,projects/1/media/chunk_0_dipika.jpeg
1085,"yes,",36.14,36.46,EH1,1083,1094,1084-1094,"['Y', 'EH1', 'S']",angry,character1,big_center,cross_hands,False,green,R,R,0,1.0,False,projects/1/media/chunk_0_dipika.jpeg
1086,"yes,",36.14,36.46,EH1,1083,1094,1084-1094,"['Y', 'EH1', 'S']",angry,character1,big_center,cross_hands,False,green,R,R,0,1.0,False,projects/1/media/chunk_0_dipika.jpeg
1087,"yes,",36.14,36.46,EH1,1083,1094,1084-1094,"['Y', 'EH1', 'S']",angry,character1,big_center,cross_hands,False,green,R,R,0,1.0,False,projects/1/media/chunk_0_dipika.jpeg
1088,"yes,",36.14,36.46,EH1,1083,1094,1084-1094,"['Y', 'EH1', 'S']",angry,character1,big_center,cross_hands,False,green,R,R,0,1.0,False,projects/1/media/chunk_0_dipika.jpeg
1089,"yes,",36.14,36.46,EH1,1083,1094,1084-1094,"['Y', 'EH1', 'S']",angry,character1,big_center,cross_hands,False,green,R,R,0,1.0,False,projects/1/media/chunk_0_dipika.jpeg
1090,"yes,",36.14,36.46,EH1,1083,1094,1084-1094,"['Y', 'EH1', 'S']",angry,character1,big_center,cross_hands,False,green,R,R,0,1.0,False,projects/1/media/chunk_0_dipika.jpeg
1091,"yes,",36.14,36.46,S,1083,1094,1084-1094,"['Y', 'EH1', 'S']",angry,character1,big_center,cross_hands,False,green,R,R,0,1.0,False,projects/1/media/chunk_0_dipika.jpeg
1092,"yes,",36.14,36.46,S,1083,1094,1084-1094,"['Y', 'EH1', 'S']",angry,character1,big_center,cross_hands,False,green,R,R,0,1.0,False,projects/1/media/chunk_0_dipika.jpeg
1093,"yes,",36.14,36.46,S,1083,1094,1084-1094,"['Y', 'EH1', 'S']",angry,character1,big_center,cross_hands,False,green,R,R,0,1.0,False,projects/1/media/chunk_0_dipika.jpeg
1094,"yes,",36.14,36.46,S,1083,1094,1084-1094,"['Y', 'EH1', 'S']",angry,character1,big_center,cross_hands,False,green,R,R,0,1.0,False,projects/1/media/chunk_0_dipika.jpeg
1095,"yes,",36.14,36.46,S,1083,1094,,"['Y', 'EH1', 'S']",angry,character1,big_center,cross_hands,False,green,R,R,0,1.0,False,projects/1/media/chunk_0_dipika.jpeg
1096,"yes,",36.14,36.46,S,1083,1094,,"['Y', 'EH1', 'S']",angry,character1,big_center,cross_hands,False,green,R,R,0,1.0,False,projects/1/media/chunk_0_dipika.jpeg
1097,"yes,",36.14,36.46,S,1083,1094,,"['Y', 'EH1', 'S']",angry,character1,big_center,cross_hands,False,green,R,R,0,1.0,False,projects/1/media/chunk_0_dipika.jpeg
1098,because,36.6,37.0,B,1098,1110,1098-1110,"['B', 'IH0', 'K', 'AO1', 'Z']",angry,character1,big_center,cross_hands,False,green,R,R,0,1.0,False,projects/1/media/chunk_0_dipika.jpeg
1099,because,36.6,37.0,IH0,1098,1110,1098-1110,"['B', 'IH0', 'K', 'AO1', 'Z']",angry,character1,big_center,cross_hands,False,green,R,R,0,1.0,False,projects/1/media/chunk_0_dipika.jpeg
1100,because,36.6,37.0,IH0,1098,1110,1098-1110,"['B', 'IH0', 'K', 'AO1', 'Z']",angry,character1,big_center,cross_hands,False,green,R,R,0,1.0,False,projects/1/media/chunk_0_dipika.jpeg
1101,because,36.6,37.0,IH0,1098,1110,1098-1110,"['B', 'IH0', 'K', 'AO1', 'Z']",angry,character1,big_center,cross_hands,False,green,R,R,0,1.0,False,projects/1/media/chunk_0_dipika.jpeg
1102,because,36.6,37.0,IH0,1098,1110,1098-1110,"['B', 'IH0', 'K', 'AO1', 'Z']",angry,character1,big_center,cross_hands,False,green,R,R,0,1.0,False,projects/1/media/chunk_0_dipika.jpeg
1103,because,36.6,37.0,K,1098,1110,1098-1110,"['B', 'IH0', 'K', 'AO1', 'Z']",angry,character1,big_center,cross_hands,False,green,R,R,0,1.0,False,projects/1/media/chunk_0_dipika.jpeg
1104,because,36.6,37.0,AO1,1098,1110,1098-1110,"['B', 'IH0', 'K', 'AO1', 'Z']",angry,character1,big_center,cross_hands,False,green,R,R,0,1.0,False,projects/1/media/chunk_0_dipika.jpeg
1105,because,36.6,37.0,AO1,1098,1110,1098-1110,"['B', 'IH0', 'K', 'AO1', 'Z']",angry,character1,big_center,cross_hands,False,green,R,R,0,1.0,False,projects/1/media/chunk_0_dipika.jpeg
1106,because,36.6,37.0,AO1,1098,1110,1098-1110,"['B', 'IH0', 'K', 'AO1', 'Z']",angry,character1,big_center,cross_hands,False,green,R,R,0,1.0,False,projects/1/media/chunk_0_dipika.jpeg
1107,because,36.6,37.0,AO1,1098,1110,1098-1110,"['B', 'IH0', 'K', 'AO1', 'Z']",angry,character1,big_center,cross_hands,False,green,R,R,0,1.0,False,projects/1/media/chunk_0_dipika.jpeg
1108,because,36.6,37.0,Z,1098,1110,1098-1110,"['B', 'IH0', 'K', 'AO1', 'Z']",angry,character1,big_center,cross_hands,False,green,R,R,0,1.0,False,projects/1/media/chunk_0_dipika.jpeg
1109,because,36.6,37.0,Z,1098,1110,1098-1110,"['B', 'IH0', 'K', 'AO1', 'Z']",angry,character1,big_center,cross_hands,False,green,R,R,1,1.0,False,projects/1/media/chunk_0_dipika.jpeg
1109,obviously,37.0,37.38,AA1,1109,1121,1110-1121,"['AA1', 'B', 'V', 'IY0', 'AH0', 'S', 'L', 'IY0']",angry,character1,big_center,cross_hands,False,green,R,R,1,1.0,False,projects/1/media/chunk_0_dipika.jpeg
1110,obviously,37.0,37.38,AA1,1109,1121,1110-1121,"['AA1', 'B', 'V', 'IY0', 'AH0', 'S', 'L', 'IY0']",angry,character1,big_center,cross_hands,False,green,R,R,1,1.0,False,projects/1/media/chunk_0_dipika.jpeg
1110,because,36.6,37.0,Z,1098,1110,1098-1110,"['B', 'IH0', 'K', 'AO1', 'Z']",angry,character1,big_center,cross_hands,False,green,R,R,1,1.0,False,projects/1/media/chunk_0_dipika.jpeg
1111,obviously,37.0,37.38,AA1,1109,1121,1110-1121,"['AA1', 'B', 'V', 'IY0', 'AH0', 'S', 'L', 'IY0']",angry,character1,big_center,cross_hands,False,green,R,R,1,1.0,False,projects/1/media/chunk_0_dipika.jpeg
1112,obviously,37.0,37.38,B,1109,1121,1110-1121,"['AA1', 'B', 'V', 'IY0', 'AH0', 'S', 'L', 'IY0']",angry,character1,big_center,cross_hands,False,green,R,R,1,1.0,False,projects/1/media/chunk_0_dipika.jpeg
1113,obviously,37.0,37.38,V,1109,1121,1110-1121,"['AA1', 'B', 'V', 'IY0', 'AH0', 'S', 'L', 'IY0']",angry,character1,big_center,cross_hands,False,green,R,R,1,1.0,False,projects/1/media/chunk_0_dipika.jpeg
1114,obviously,37.0,37.38,IY0,1109,1121,1110-1121,"['AA1', 'B', 'V', 'IY0', 'AH0', 'S', 'L', 'IY0']",angry,character1,big_center,cross_hands,False,green,R,R,1,1.0,False,projects/1/media/chunk_0_dipika.jpeg
1115,obviously,37.0,37.38,IY0,1109,1121,1110-1121,"['AA1', 'B', 'V', 'IY0', 'AH0', 'S', 'L', 'IY0']",angry,character1,big_center,cross_hands,False,green,R,R,1,1.0,False,projects/1/media/chunk_0_dipika.jpeg
1116,obviously,37.0,37.38,AH0,1109,1121,1110-1121,"['AA1', 'B', 'V', 'IY0', 'AH0', 'S', 'L', 'IY0']",angry,character1,big_center,cross_hands,False,green,R,R,1,1.0,False,projects/1/media/chunk_0_dipika.jpeg
1117,obviously,37.0,37.38,AH0,1109,1121,1110-1121,"['AA1', 'B', 'V', 'IY0', 'AH0', 'S', 'L', 'IY0']",angry,character1,big_center,cross_hands,False,green,R,R,1,1.0,False,projects/1/media/chunk_0_dipika.jpeg
1118,obviously,37.0,37.38,S,1109,1121,1110-1121,"['AA1', 'B', 'V', 'IY0', 'AH0', 'S', 'L', 'IY0']",angry,character1,big_center,cross_hands,False,green,R,R,1,1.0,False,projects/1/media/chunk_0_dipika.jpeg
1119,obviously,37.0,37.38,L,1109,1121,1110-1121,"['AA1', 'B', 'V', 'IY0', 'AH0', 'S', 'L', 'IY0']",angry,character1,big_center,cross_hands,False,green,R,R,1,1.0,False,projects/1/media/chunk_0_dipika.jpeg
1120,the,37.38,37.72,DH,1120,1132,1121-1132,"['DH', 'AH0']",angry,character1,big_center,cross_hands,False,green,R,R,1,1.0,False,projects/1/media/chunk_0_dipika.jpeg
1120,obviously,37.0,37.38,IY0,1109,1121,1110-1121,"['AA1', 'B', 'V', 'IY0', 'AH0', 'S', 'L', 'IY0']",angry,character1,big_center,cross_hands,False,green,R,R,1,1.0,False,projects/1/media/chunk_0_dipika.jpeg
1121,the,37.38,37.72,DH,1120,1132,1121-1132,"['DH', 'AH0']",angry,character1,big_center,cross_hands,False,green,R,R,1,1.0,False,projects/1/media/chunk_0_dipika.jpeg
1121,obviously,37.0,37.38,IY0,1109,1121,1110-1121,"['AA1', 'B', 'V', 'IY0', 'AH0', 'S', 'L', 'IY0']",angry,character1,big_center,cross_hands,False,green,R,R,1,1.0,False,projects/1/media/chunk_0_dipika.jpeg
1122,the,37.38,37.72,DH,1120,1132,1121-1132,"['DH', 'AH0']",angry,character1,big_center,cross_hands,False,green,R,R,1,1.0,False,projects/1/media/chunk_0_dipika.jpeg
1123,the,37.38,37.72,DH,1120,1132,1121-1132,"['DH', 'AH0']",angry,character1,big_center,cross_hands,False,green,R,R,1,1.0,False,projects/1/media/chunk_0_dipika.jpeg
1124,the,37.38,37.72,DH,1120,1132,1121-1132,"['DH', 'AH0']",angry,character1,big_center,cross_hands,False,green,R,R,1,1.0,False,projects/1/media/chunk_0_dipika.jpeg
1125,the,37.38,37.72,AH0,1120,1132,1121-1132,"['DH', 'AH0']",angry,character1,big_center,cross_hands,False,green,R,R,1,1.0,False,projects/1/media/chunk_0_dipika.jpeg
1126,the,37.38,37.72,AH0,1120,1132,1121-1132,"['DH', 'AH0']",angry,character1,big_center,cross_hands,False,green,R,R,1,1.0,False,projects/1/media/chunk_0_dipika.jpeg
1127,the,37.38,37.72,AH0,1120,1132,1121-1132,"['DH', 'AH0']",angry,character1,big_center,cross_hands,False,green,R,R,1,1.0,False,projects/1/media/chunk_0_dipika.jpeg
1128,the,37.38,37.72,AH0,1120,1132,1121-1132,"['DH', 'AH0']",angry,character1,big_center,cross_hands,False,green,R,R,1,1.0,False,projects/1/media/chunk_0_dipika.jpeg
1129,the,37.38,37.72,AH0,1120,1132,1121-1132,"['DH', 'AH0']",angry,character1,big_center,cross_hands,False,green,M,M,1,1.0,True,projects/1/media/chunk_0_dipika.jpeg
1130,the,37.38,37.72,AH0,1120,1132,1121-1132,"['DH', 'AH0']",angry,character1,big_center,cross_hands,False,green,M,M,1,1.0,True,projects/1/media/chunk_0_dipika.jpeg
1131,world,37.72,38.04,W,1131,1141,1132-1141,"['W', 'ER1', 'L', 'D']",angry,character1,big_center,cross_hands,False,green,M,M,1,1.0,True,projects/1/media/chunk_0_dipika.jpeg
1131,the,37.38,37.72,AH0,1120,1132,1121-1132,"['DH', 'AH0']",angry,character1,big_center,cross_hands,False,green,M,M,1,1.0,True,projects/1/media/chunk_0_dipika.jpeg
1132,world,37.72,38.04,W,1131,1141,1132-1141,"['W', 'ER1', 'L', 'D']",angry,character1,big_center,cross_hands,False,green,M,M,1,1.0,True,projects/1/media/chunk_0_dipika.jpeg
1132,the,37.38,37.72,AH0,1120,1132,1121-1132,"['DH', 'AH0']",angry,character1,big_center,cross_hands,False,green,M,M,1,1.0,False,projects/1/media/chunk_0_dipika.jpeg
1133,world,37.72,38.04,ER1,1131,1141,1132-1141,"['W', 'ER1', 'L', 'D']",angry,character1,big_center,cross_hands,False,green,M,M,1,1.0,False,projects/1/media/chunk_0_dipika.jpeg
1134,world,37.72,38.04,ER1,1131,1141,1132-1141,"['W', 'ER1', 'L', 'D']",angry,character1,big_center,cross_hands,False,green,M,M,1,1.0,False,projects/1/media/chunk_0_dipika.jpeg
1135,world,37.72,38.04,ER1,1131,1141,1132-1141,"['W', 'ER1', 'L', 'D']",angry,character1,big_center,cross_hands,False,green,M,M,1,1.0,False,projects/1/media/chunk_0_dipika.jpeg
1136,world,37.72,38.04,ER1,1131,1141,1132-1141,"['W', 'ER1', 'L', 'D']",angry,character1,big_center,cross_hands,False,green,M,M,1,1.0,False,projects/1/media/chunk_0_dipika.jpeg
1137,world,37.72,38.04,L,1131,1141,1132-1141,"['W', 'ER1', 'L', 'D']",angry,character1,big_center,cross_hands,False,green,M,M,1,1.0,False,projects/1/media/chunk_0_dipika.jpeg
1138,world,37.72,38.04,L,1131,1141,1132-1141,"['W', 'ER1', 'L', 'D']",angry,character1,big_center,cross_hands,False,green,M,M,1,1.0,False,projects/1/media/chunk_0_dipika.jpeg
1139,world,37.72,38.04,L,1131,1141,1132-1141,"['W', 'ER1', 'L', 'D']",angry,character1,big_center,cross_hands,False,green,M,M,1,1.0,False,projects/1/media/chunk_0_dipika.jpeg
1140,world,37.72,38.04,D,1131,1141,1132-1141,"['W', 'ER1', 'L', 'D']",angry,character1,big_center,cross_hands,False,green,M,M,1,1.0,False,projects/1/media/chunk_0_dipika.jpeg
1140,was,38.04,38.24,W,1140,1147,1141-1147,"['W', 'AA1', 'Z']",angry,character1,big_center,cross_hands,False,green,M,M,1,1.0,False,projects/1/media/chunk_0_dipika.jpeg
1141,world,37.72,38.04,D,1131,1141,1132-1141,"['W', 'ER1', 'L', 'D']",angry,character1,big_center,cross_hands,False,green,M,M,1,1.0,False,projects/1/media/chunk_0_dipika.jpeg
1141,was,38.04,38.24,AA1,1140,1147,1141-1147,"['W', 'AA1', 'Z']",angry,character1,big_center,cross_hands,False,green,M,M,1,1.0,False,projects/1/media/chunk_0_dipika.jpeg
1142,was,38.04,38.24,AA1,1140,1147,1141-1147,"['W', 'AA1', 'Z']",angry,character1,big_center,cross_hands,False,green,M,M,0,1.0,False,projects/1/media/chunk_0_dipika.jpeg
1143,was,38.04,38.24,AA1,1140,1147,1141-1147,"['W', 'AA1', 'Z']",angry,character1,big_center,cross_hands,False,green,M,M,0,1.0,False,projects/1/media/chunk_0_dipika.jpeg
1144,was,38.04,38.24,AA1,1140,1147,1141-1147,"['W', 'AA1', 'Z']",angry,character1,big_center,cross_hands,False,green,M,M,0,1.0,False,projects/1/media/chunk_0_dipika.jpeg
1145,was,38.04,38.24,Z,1140,1147,1141-1147,"['W', 'AA1', 'Z']",angry,character1,big_center,cross_hands,False,green,M,M,0,1.0,False,projects/1/media/chunk_0_dipika.jpeg
1146,waiting,38.24,38.52,W,1146,1156,1147-1156,"['W', 'EY1', 'T', 'IH0', 'NG']",angry,character1,big_center,cross_hands,False,green,M,M,0,1.0,False,projects/1/media/chunk_0_dipika.jpeg
1146,was,38.04,38.24,Z,1140,1147,1141-1147,"['W', 'AA1', 'Z']",angry,character1,big_center,cross_hands,False,green,M,M,0,1.0,False,projects/1/media/chunk_0_dipika.jpeg
1147,waiting,38.24,38.52,EY1,1146,1156,1147-1156,"['W', 'EY1', 'T', 'IH0', 'NG']",angry,character1,big_center,cross_hands,False,green,M,M,0,1.0,False,projects/1/media/chunk_0_dipika.jpeg
1147,was,38.04,38.24,Z,1140,1147,1141-1147,"['W', 'AA1', 'Z']",angry,character1,big_center,cross_hands,False,green,M,M,0,1.0,False,projects/1/media/chunk_0_dipika.jpeg
1148,waiting,38.24,38.52,EY1,1146,1156,1147-1156,"['W', 'EY1', 'T', 'IH0', 'NG']",angry,character1,big_center,cross_hands,False,green,M,M,0,1.0,False,projects/1/media/chunk_0_dipika.jpeg
1149,waiting,38.24,38.52,EY1,1146,1156,1147-1156,"['W', 'EY1', 'T', 'IH0', 'NG']",angry,character1,big_center,cross_hands,False,green,M,M,0,1.0,False,projects/1/media/chunk_0_dipika.jpeg
1150,waiting,38.24,38.52,EY1,1146,1156,1147-1156,"['W', 'EY1', 'T', 'IH0', 'NG']",angry,character1,big_center,cross_hands,False,green,M,M,0,1.0,False,projects/1/media/chunk_0_dipika.jpeg
1151,waiting,38.24,38.52,T,1146,1156,1147-1156,"['W', 'EY1', 'T', 'IH0', 'NG']",angry,character1,big_center,cross_hands,False,green,M,M,0,1.0,False,projects/1/media/chunk_0_dipika.jpeg
1152,waiting,38.24,38.52,IH0,1146,1156,1147-1156,"['W', 'EY1', 'T', 'IH0', 'NG']",angry,character1,big_center,cross_hands,False,green,M,M,0,1.0,False,projects/1/media/chunk_0_dipika.jpeg
1153,waiting,38.24,38.52,IH0,1146,1156,1147-1156,"['W', 'EY1', 'T', 'IH0', 'NG']",angry,character1,big_center,cross_hands,False,green,M,M,0,1.0,False,projects/1/media/chunk_0_dipika.jpeg
1154,waiting,38.24,38.52,IH0,1146,1156,1147-1156,"['W', 'EY1', 'T', 'IH0', 'NG']",angry,character1,big_center,cross_hands,False,green,M,M,0,1.0,False,projects/1/media/chunk_0_dipika.jpeg
1155,waiting,38.24,38.52,NG,1146,1156,1147-1156,"['W', 'EY1', 'T', 'IH0', 'NG']",angry,character1,big_center,cross_hands,False,green,M,M,0,1.0,False,projects/1/media/chunk_0_dipika.jpeg
1155,for,38.52,38.76,F,1155,1163,1156-1163,"['F', 'AO1', 'R']",angry,character1,big_center,cross_hands,False,green,M,M,0,1.0,False,projects/1/media/chunk_0_dipika.jpeg
1156,waiting,38.24,38.52,NG,1146,1156,1147-1156,"['W', 'EY1', 'T', 'IH0', 'NG']",angry,character1,big_center,cross_hands,False,green,M,M,0,1.0,False,projects/1/media/chunk_0_dipika.jpeg
1156,for,38.52,38.76,F,1155,1163,1156-1163,"['F', 'AO1', 'R']",angry,character1,big_center,cross_hands,False,green,M,M,0,1.0,False,projects/1/media/chunk_0_dipika.jpeg
1157,for,38.52,38.76,F,1155,1163,1156-1163,"['F', 'AO1', 'R']",angry,character1,big_center,cross_hands,False,green,M,M,0,1.0,False,projects/1/media/chunk_0_dipika.jpeg
1158,for,38.52,38.76,AO1,1155,1163,1156-1163,"['F', 'AO1', 'R']",angry,character1,big_center,cross_hands,False,green,M,M,0,1.0,False,projects/1/media/chunk_0_dipika.jpeg
1159,for,38.52,38.76,AO1,1155,1163,1156-1163,"['F', 'AO1', 'R']",angry,character1,big_center,cross_hands,False,green,M,M,0,1.0,False,projects/1/media/chunk_0_dipika.jpeg
1160,for,38.52,38.76,AO1,1155,1163,1156-1163,"['F', 'AO1', 'R']",angry,character1,big_center,cross_hands,False,green,M,M,0,1.0,False,projects/1/media/chunk_0_dipika.jpeg
1161,for,38.52,38.76,R,1155,1163,1156-1163,"['F', 'AO1', 'R']",angry,character1,big_center,cross_hands,False,green,M,M,0,1.0,False,projects/1/media/chunk_0_dipika.jpeg
1162,for,38.52,38.76,R,1155,1163,1156-1163,"['F', 'AO1', 'R']",angry,character1,big_center,cross_hands,False,green,M,M,0,1.0,False,projects/1/media/chunk_0_dipika.jpeg
1162,another,38.76,39.02,AH0,1162,1171,1163-1171,"['AH0', 'N', 'AH1', 'DH', 'ER0']",angry,character1,big_center,cross_hands,False,green,M,M,0,1.0,False,projects/1/media/chunk_0_dipika.jpeg
1163,another,38.76,39.02,AH0,1162,1171,1163-1171,"['AH0', 'N', 'AH1', 'DH', 'ER0']",angry,character1,big_center,cross_hands,False,green,M,M,0,1.0,False,projects/1/media/chunk_0_dipika.jpeg
1163,for,38.52,38.76,R,1155,1163,1156-1163,"['F', 'AO1', 'R']",angry,character1,big_center,cross_hands,False,green,M,M,0,1.0,False,projects/1/media/chunk_0_dipika.jpeg
1164,another,38.76,39.02,N,1162,1171,1163-1171,"['AH0', 'N', 'AH1', 'DH', 'ER0']",angry,character1,big_center,cross_hands,False,green,M,M,0,1.0,False,projects/1/media/chunk_0_dipika.jpeg
1165,another,38.76,39.02,N,1162,1171,1163-1171,"['AH0', 'N', 'AH1', 'DH', 'ER0']",angry,character1,big_center,cross_hands,False,green,M,M,0,1.0,False,projects/1/media/chunk_0_dipika.jpeg
1166,another,38.76,39.02,AH1,1162,1171,1163-1171,"['AH0', 'N', 'AH1', 'DH', 'ER0']",angry,character1,big_center,cross_hands,False,green,M,M,0,1.0,False,projects/1/media/chunk_0_dipika.jpeg
1167,another,38.76,39.02,AH1,1162,1171,1163-1171,"['AH0', 'N', 'AH1', 'DH', 'ER0']",angry,character1,big_center,cross_hands,False,green,M,M,0,1.0,False,projects/1/media/chunk_0_dipika.jpeg
1168,another,38.76,39.02,DH,1162,1171,1163-1171,"['AH0', 'N', 'AH1', 'DH', 'ER0']",angry,character1,big_center,cross_hands,False,green,M,M,0,1.0,False,projects/1/media/chunk_0_dipika.jpeg
1169,another,38.76,39.02,DH,1162,1171,1163-1171,"['AH0', 'N', 'AH1', 'DH', 'ER0']",angry,character1,big_center,cross_hands,False,green,M,M,0,1.0,False,projects/1/media/chunk_0_dipika.jpeg
1170,creatively,39.02,39.52,K,1170,1186,1171-1186,"['K', 'R', 'IY0', 'EY1', 'T', 'IH0', 'V', 'L', 'IY0']",angry,character1,big_center,cross_hands,False,green,M,M,0,1.0,False,projects/1/media/chunk_0_dipika.jpeg
1170,another,38.76,39.02,ER0,1162,1171,1163-1171,"['AH0', 'N', 'AH1', 'DH', 'ER0']",angry,character1,big_center,cross_hands,False,green,M,M,0,1.0,False,projects/1/media/chunk_0_dipika.jpeg
1171,creatively,39.02,39.52,R,1170,1186,1171-1186,"['K', 'R', 'IY0', 'EY1', 'T', 'IH0', 'V', 'L', 'IY0']",angry,character1,big_center,cross_hands,False,green,M,M,0,1.0,False,projects/1/media/chunk_0_dipika.jpeg
1171,another,38.76,39.02,ER0,1162,1171,1163-1171,"['AH0', 'N', 'AH1', 'DH', 'ER0']",angry,character1,big_center,cross_hands,False,green,M,M,0,1.0,False,projects/1/media/chunk_0_dipika.jpeg
1172,creatively,39.02,39.52,R,1170,1186,1171-1186,"['K', 'R', 'IY0', 'EY1', 'T', 'IH0', 'V', 'L', 'IY0']",angry,character1,big_center,cross_hands,False,green,M,M,0,1.0,False,projects/1/media/chunk_0_dipika.jpeg
1173,creatively,39.02,39.52,EY1,1170,1186,1171-1186,"['K', 'R', 'IY0', 'EY1', 'T', 'IH0', 'V', 'L', 'IY0']",angry,character1,big_center,cross_hands,False,green,M,M,0,1.0,False,projects/1/media/chunk_0_dipika.jpeg
1174,creatively,39.02,39.52,EY1,1170,1186,1171-1186,"['K', 'R', 'IY0', 'EY1', 'T', 'IH0', 'V', 'L', 'IY0']",angry,character1,big_center,cross_hands,False,green,M,M,0,1.0,False,projects/1/media/chunk_0_dipika.jpeg
1175,creatively,39.02,39.52,EY1,1170,1186,1171-1186,"['K', 'R', 'IY0', 'EY1', 'T', 'IH0', 'V', 'L', 'IY0']",angry,character1,big_center,cross_hands,False,green,M,M,0,1.0,False,projects/1/media/chunk_0_dipika.jpeg
1176,creatively,39.02,39.52,T,1170,1186,1171-1186,"['K', 'R', 'IY0', 'EY1', 'T', 'IH0', 'V', 'L', 'IY0']",angry,character1,big_center,cross_hands,False,green,M,M,0,1.0,False,projects/1/media/chunk_0_dipika.jpeg
1177,creatively,39.02,39.52,IH0,1170,1186,1171-1186,"['K', 'R', 'IY0', 'EY1', 'T', 'IH0', 'V', 'L', 'IY0']",angry,character1,big_center,cross_hands,False,green,M,M,0,1.0,False,projects/1/media/chunk_0_dipika.jpeg
1178,creatively,39.02,39.52,IH0,1170,1186,1171-1186,"['K', 'R', 'IY0', 'EY1', 'T', 'IH0', 'V', 'L', 'IY0']",angry,character1,big_center,cross_hands,False,green,M,M,0,1.0,False,projects/1/media/chunk_0_dipika.jpeg
1179,creatively,39.02,39.52,IH0,1170,1186,1171-1186,"['K', 'R', 'IY0', 'EY1', 'T', 'IH0', 'V', 'L', 'IY0']",angry,character1,big_center,cross_hands,False,green,M,M,0,1.0,False,projects/1/media/chunk_0_dipika.jpeg
1180,creatively,39.02,39.52,V,1170,1186,1171-1186,"['K', 'R', 'IY0', 'EY1', 'T', 'IH0', 'V', 'L', 'IY0']",angry,character1,big_center,cross_hands,False,green,M,M,0,1.0,False,projects/1/media/chunk_0_dipika.jpeg
1181,creatively,39.02,39.52,V,1170,1186,1171-1186,"['K', 'R', 'IY0', 'EY1', 'T', 'IH0', 'V', 'L', 'IY0']",angry,character1,big_center,cross_hands,False,green,M,M,0,1.0,False,projects/1/media/chunk_0_dipika.jpeg
1182,creatively,39.02,39.52,L,1170,1186,1171-1186,"['K', 'R', 'IY0', 'EY1', 'T', 'IH0', 'V', 'L', 'IY0']",angry,character1,big_center,cross_hands,False,green,M,M,0,1.0,False,projects/1/media/chunk_0_dipika.jpeg
1183,creatively,39.02,39.52,L,1170,1186,1171-1186,"['K', 'R', 'IY0', 'EY1', 'T', 'IH0', 'V', 'L', 'IY0']",angry,character1,big_center,cross_hands,False,green,M,M,0,1.0,False,projects/1/media/chunk_0_dipika.jpeg
1184,creatively,39.02,39.52,IY0,1170,1186,1171-1186,"['K', 'R', 'IY0', 'EY1', 'T', 'IH0', 'V', 'L', 'IY0']",angry,character1,big_center,cross_hands,False,green,M,M,0,1.0,False,projects/1/media/chunk_0_dipika.jpeg
1185,creatively,39.02,39.52,IY0,1170,1186,1171-1186,"['K', 'R', 'IY0', 'EY1', 'T', 'IH0', 'V', 'L', 'IY0']",angry,character1,big_center,cross_hands,False,green,M,M,0,1.0,False,projects/1/media/chunk_0_dipika.jpeg
1185,edited,39.52,40.02,EH1,1185,1201,1186-1201,"['EH1', 'D', 'AH0', 'T', 'AH0', 'D']",angry,character1,big_center,cross_hands,False,green,M,M,0,1.0,False,projects/1/media/chunk_0_dipika.jpeg
1186,edited,39.52,40.02,EH1,1185,1201,1186-1201,"['EH1', 'D', 'AH0', 'T', 'AH0', 'D']",angry,character1,big_center,cross_hands,False,green,M,M,0,1.0,False,projects/1/media/chunk_0_dipika.jpeg
1186,creatively,39.02,39.52,IY0,1170,1186,1171-1186,"['K', 'R', 'IY0', 'EY1', 'T', 'IH0', 'V', 'L', 'IY0']",angry,character1,big_center,cross_hands,False,green,M,M,0,1.0,False,projects/1/media/chunk_0_dipika.jpeg
1187,edited,39.52,40.02,EH1,1185,1201,1186-1201,"['EH1', 'D', 'AH0', 'T', 'AH0', 'D']",angry,character1,big_center,cross_hands,False,green,M,M,0,1.0,False,projects/1/media/chunk_0_dipika.jpeg
1188,edited,39.52,40.02,EH1,1185,1201,1186-1201,"['EH1', 'D', 'AH0', 'T', 'AH0', 'D']",angry,character1,big_center,cross_hands,False,green,M,M,0,1.0,False,projects/1/media/chunk_0_dipika.jpeg
1189,edited,39.52,40.02,EH1,1185,1201,1186-1201,"['EH1', 'D', 'AH0', 'T', 'AH0', 'D']",angry,character1,big_center,cross_hands,False,green,M,M,0,1.0,False,projects/1/media/chunk_0_dipika.jpeg
1190,edited,39.52,40.02,EH1,1185,1201,1186-1201,"['EH1', 'D', 'AH0', 'T', 'AH0', 'D']",angry,character1,big_center,cross_hands,False,green,M,M,0,1.0,False,projects/1/media/chunk_0_dipika.jpeg
1191,edited,39.52,40.02,D,1185,1201,1186-1201,"['EH1', 'D', 'AH0', 'T', 'AH0', 'D']",angry,character1,big_center,cross_hands,False,green,M,M,0,1.0,False,projects/1/media/chunk_0_dipika.jpeg
1192,edited,39.52,40.02,AH0,1185,1201,1186-1201,"['EH1', 'D', 'AH0', 'T', 'AH0', 'D']",angry,character1,big_center,cross_hands,False,green,M,M,0,1.0,False,projects/1/media/chunk_0_dipika.jpeg
1193,edited,39.52,40.02,AH0,1185,1201,1186-1201,"['EH1', 'D', 'AH0', 'T', 'AH0', 'D']",angry,character1,big_center,cross_hands,False,green,M,M,0,1.0,False,projects/1/media/chunk_0_dipika.jpeg
1194,edited,39.52,40.02,AH0,1185,1201,1186-1201,"['EH1', 'D', 'AH0', 'T', 'AH0', 'D']",angry,character1,big_center,cross_hands,False,green,M,M,0,1.0,False,projects/1/media/chunk_0_dipika.jpeg
1195,edited,39.52,40.02,AH0,1185,1201,1186-1201,"['EH1', 'D', 'AH0', 'T', 'AH0', 'D']",angry,character1,big_center,cross_hands,False,green,M,M,0,1.0,False,projects/1/media/chunk_0_dipika.jpeg
1196,edited,39.52,40.02,T,1185,1201,1186-1201,"['EH1', 'D', 'AH0', 'T', 'AH0', 'D']",angry,character1,big_center,cross_hands,False,green,M,M,0,1.0,False,projects/1/media/chunk_0_dipika.jpeg
1197,edited,39.52,40.02,AH0,1185,1201,1186-1201,"['EH1', 'D', 'AH0', 'T', 'AH0', 'D']",angry,character1,big_center,cross_hands,False,green,M,M,0,1.0,False,projects/1/media/chunk_0_dipika.jpeg
1198,edited,39.52,40.02,AH0,1185,1201,1186-1201,"['EH1', 'D', 'AH0', 'T', 'AH0', 'D']",angry,character1,big_center,cross_hands,False,green,M,M,0,1.0,False,projects/1/media/chunk_0_dipika.jpeg
1199,edited,39.52,40.02,AH0,1185,1201,1186-1201,"['EH1', 'D', 'AH0', 'T', 'AH0', 'D']",angry,character1,big_center,cross_hands,False,green,M,M,0,1.0,False,projects/1/media/chunk_0_dipika.jpeg
1200,video,40.02,40.43,V,1200,1213,1201-1213,"['V', 'IH1', 'D', 'IY0', 'OW0']",angry,character1,big_center,cross_hands,False,green,M,M,0,1.0,False,projects/1/media/chunk_0_dipika.jpeg
1200,edited,39.52,40.02,AH0,1185,1201,1186-1201,"['EH1', 'D', 'AH0', 'T', 'AH0', 'D']",angry,character1,big_center,cross_hands,False,green,M,M,0,1.0,False,projects/1/media/chunk_0_dipika.jpeg
1201,edited,39.52,40.02,D,1185,1201,1186-1201,"['EH1', 'D', 'AH0', 'T', 'AH0', 'D']",angry,character1,big_center,cross_hands,False,green,M,M,0,1.0,False,projects/1/media/chunk_0_dipika.jpeg
1201,video,40.02,40.43,V,1200,1213,1201-1213,"['V', 'IH1', 'D', 'IY0', 'OW0']",angry,character1,big_center,cross_hands,False,green,M,M,0,1.0,False,projects/1/media/chunk_0_dipika.jpeg
1202,video,40.02,40.43,IH1,1200,1213,1201-1213,"['V', 'IH1', 'D', 'IY0', 'OW0']",angry,character1,big_center,cross_hands,False,green,M,R,0,1.0,False,projects/1/media/chunk_0_dipika.jpeg
1203,video,40.02,40.43,IH1,1200,1213,1201-1213,"['V', 'IH1', 'D', 'IY0', 'OW0']",angry,character1,big_center,cross_hands,False,green,M,R,0,1.0,False,projects/1/media/chunk_0_dipika.jpeg
1204,video,40.02,40.43,IH1,1200,1213,1201-1213,"['V', 'IH1', 'D', 'IY0', 'OW0']",angry,character1,big_center,cross_hands,False,green,M,R,0,1.0,False,projects/1/media/chunk_0_dipika.jpeg
1205,video,40.02,40.43,D,1200,1213,1201-1213,"['V', 'IH1', 'D', 'IY0', 'OW0']",angry,character1,big_center,cross_hands,False,green,M,R,0,1.0,False,projects/1/media/chunk_0_dipika.jpeg
1206,video,40.02,40.43,IY0,1200,1213,1201-1213,"['V', 'IH1', 'D', 'IY0', 'OW0']",angry,character1,big_center,cross_hands,False,green,M,R,0,1.0,False,projects/1/media/chunk_0_dipika.jpeg
1207,video,40.02,40.43,IY0,1200,1213,1201-1213,"['V', 'IH1', 'D', 'IY0', 'OW0']",angry,character1,big_center,cross_hands,False,green,M,R,0,1.0,False,projects/1/media/chunk_0_dipika.jpeg
1208,video,40.02,40.43,IY0,1200,1213,1201-1213,"['V', 'IH1', 'D', 'IY0', 'OW0']",angry,character1,big_center,cross_hands,False,green,M,R,0,1.0,False,projects/1/media/chunk_0_dipika.jpeg
1209,video,40.02,40.43,IY0,1200,1213,1201-1213,"['V', 'IH1', 'D', 'IY0', 'OW0']",angry,character1,big_center,cross_hands,False,green,M,R,0,1.0,False,projects/1/media/chunk_0_dipika.jpeg
1210,video,40.02,40.43,OW0,1200,1213,1201-1213,"['V', 'IH1', 'D', 'IY0', 'OW0']",angry,character1,big_center,cross_hands,False,green,M,R,0,1.0,False,projects/1/media/chunk_0_dipika.jpeg
1211,video,40.02,40.43,OW0,1200,1213,1201-1213,"['V', 'IH1', 'D', 'IY0', 'OW0']",angry,character1,big_center,cross_hands,False,green,M,R,0,1.0,False,projects/1/media/chunk_0_dipika.jpeg
1212,video,40.02,40.43,OW0,1200,1213,1201-1213,"['V', 'IH1', 'D', 'IY0', 'OW0']",angry,character1,big_center,cross_hands,False,green,M,R,0,1.0,False,projects/1/media/chunk_0_dipika.jpeg
1212,Revolutionary,40.43,42.54,R,1212,1276,1213-1276,"['R', 'EH2', 'V', 'AH0', 'L', 'UW1', 'SH', 'AH0', 'N', 'EH2', 'R', 'IY0']",angry,character1,big_center,cross_hands,False,green,M,R,0,1.0,False,projects/1/media/chunk_0_dipika.jpeg
1213,video,40.02,40.43,OW0,1200,1213,1201-1213,"['V', 'IH1', 'D', 'IY0', 'OW0']",angry,character1,big_center,cross_hands,False,green,M,R,0,1.0,False,projects/1/media/chunk_0_dipika.jpeg
1213,Revolutionary,40.43,42.54,R,1212,1276,1213-1276,"['R', 'EH2', 'V', 'AH0', 'L', 'UW1', 'SH', 'AH0', 'N', 'EH2', 'R', 'IY0']",angry,character1,big_center,cross_hands,False,green,M,R,0,1.0,False,projects/1/media/chunk_0_dipika.jpeg
1214,Revolutionary,40.43,42.54,R,1212,1276,1213-1276,"['R', 'EH2', 'V', 'AH0', 'L', 'UW1', 'SH', 'AH0', 'N', 'EH2', 'R', 'IY0']",angry,character1,big_center,cross_hands,False,green,M,R,0,1.0,False,projects/1/media/chunk_0_dipika.jpeg
1215,Revolutionary,40.43,42.54,R,1212,1276,1213-1276,"['R', 'EH2', 'V', 'AH0', 'L', 'UW1', 'SH', 'AH0', 'N', 'EH2', 'R', 'IY0']",angry,character1,big_center,cross_hands,False,green,M,M,0,1.0,False,projects/1/media/chunk_0_dipika.jpeg
1216,Revolutionary,40.43,42.54,EH2,1212,1276,1213-1276,"['R', 'EH2', 'V', 'AH0', 'L', 'UW1', 'SH', 'AH0', 'N', 'EH2', 'R', 'IY0']",angry,character1,big_center,cross_hands,False,green,M,M,0,1.0,False,projects/1/media/chunk_0_dipika.jpeg
1217,Revolutionary,40.43,42.54,EH2,1212,1276,1213-1276,"['R', 'EH2', 'V', 'AH0', 'L', 'UW1', 'SH', 'AH0', 'N', 'EH2', 'R', 'IY0']",angry,character1,big_center,cross_hands,False,green,M,M,0,1.0,False,projects/1/media/chunk_0_dipika.jpeg
1218,Revolutionary,40.43,42.54,EH2,1212,1276,1213-1276,"['R', 'EH2', 'V', 'AH0', 'L', 'UW1', 'SH', 'AH0', 'N', 'EH2', 'R', 'IY0']",angry,character1,big_center,cross_hands,False,green,M,M,0,1.0,False,projects/1/media/chunk_0_dipika.jpeg
1219,Revolutionary,40.43,42.54,EH2,1212,1276,1213-1276,"['R', 'EH2', 'V', 'AH0', 'L', 'UW1', 'SH', 'AH0', 'N', 'EH2', 'R', 'IY0']",angry,character1,big_center,cross_hands,False,green,M,M,0,1.0,False,projects/1/media/chunk_0_dipika.jpeg
1220,Revolutionary,40.43,42.54,EH2,1212,1276,1213-1276,"['R', 'EH2', 'V', 'AH0', 'L', 'UW1', 'SH', 'AH0', 'N', 'EH2', 'R', 'IY0']",angry,character1,big_center,cross_hands,False,green,M,M,0,1.0,False,projects/1/media/chunk_0_dipika.jpeg
1221,Revolutionary,40.43,42.54,EH2,1212,1276,1213-1276,"['R', 'EH2', 'V', 'AH0', 'L', 'UW1', 'SH', 'AH0', 'N', 'EH2', 'R', 'IY0']",angry,character1,big_center,cross_hands,False,green,M,M,0,1.0,False,projects/1/media/chunk_0_dipika.jpeg
1222,Revolutionary,40.43,42.54,EH2,1212,1276,1213-1276,"['R', 'EH2', 'V', 'AH0', 'L', 'UW1', 'SH', 'AH0', 'N', 'EH2', 'R', 'IY0']",angry,character1,big_center,cross_hands,False,green,M,M,0,1.0,False,projects/1/media/chunk_0_dipika.jpeg
1223,Revolutionary,40.43,42.54,EH2,1212,1276,1213-1276,"['R', 'EH2', 'V', 'AH0', 'L', 'UW1', 'SH', 'AH0', 'N', 'EH2', 'R', 'IY0']",angry,character1,big_center,cross_hands,False,green,M,M,0,1.0,False,projects/1/media/chunk_0_dipika.jpeg
1224,Revolutionary,40.43,42.54,EH2,1212,1276,1213-1276,"['R', 'EH2', 'V', 'AH0', 'L', 'UW1', 'SH', 'AH0', 'N', 'EH2', 'R', 'IY0']",angry,character1,big_center,cross_hands,False,green,M,M,0,1.0,False,projects/1/media/chunk_0_dipika.jpeg
1225,Revolutionary,40.43,42.54,EH2,1212,1276,1213-1276,"['R', 'EH2', 'V', 'AH0', 'L', 'UW1', 'SH', 'AH0', 'N', 'EH2', 'R', 'IY0']",angry,character1,big_center,cross_hands,False,green,M,M,0,1.0,False,projects/1/media/chunk_0_dipika.jpeg
1226,Revolutionary,40.43,42.54,EH2,1212,1276,1213-1276,"['R', 'EH2', 'V', 'AH0', 'L', 'UW1', 'SH', 'AH0', 'N', 'EH2', 'R', 'IY0']",angry,character1,big_center,cross_hands,False,green,M,M,0,1.0,False,projects/1/media/chunk_0_dipika.jpeg
1227,Revolutionary,40.43,42.54,V,1212,1276,1213-1276,"['R', 'EH2', 'V', 'AH0', 'L', 'UW1', 'SH', 'AH0', 'N', 'EH2', 'R', 'IY0']",angry,character1,big_center,cross_hands,False,green,M,M,0,1.0,False,projects/1/media/chunk_0_dipika.jpeg
1228,Revolutionary,40.43,42.54,V,1212,1276,1213-1276,"['R', 'EH2', 'V', 'AH0', 'L', 'UW1', 'SH', 'AH0', 'N', 'EH2', 'R', 'IY0']",angry,character1,big_center,cross_hands,False,green,M,M,0,1.0,False,projects/1/media/chunk_0_dipika.jpeg
1229,Revolutionary,40.43,42.54,V,1212,1276,1213-1276,"['R', 'EH2', 'V', 'AH0', 'L', 'UW1', 'SH', 'AH0', 'N', 'EH2', 'R', 'IY0']",angry,character1,big_center,cross_hands,False,green,M,M,0,1.0,False,projects/1/media/chunk_0_dipika.jpeg
1230,Revolutionary,40.43,42.54,V,1212,1276,1213-1276,"['R', 'EH2', 'V', 'AH0', 'L', 'UW1', 'SH', 'AH0', 'N', 'EH2', 'R', 'IY0']",angry,character1,big_center,cross_hands,False,green,M,M,0,1.0,False,projects/1/media/chunk_0_dipika.jpeg
1231,Revolutionary,40.43,42.54,AH0,1212,1276,1213-1276,"['R', 'EH2', 'V', 'AH0', 'L', 'UW1', 'SH', 'AH0', 'N', 'EH2', 'R', 'IY0']",angry,character1,big_center,cross_hands,False,green,M,M,0,1.0,False,projects/1/media/chunk_0_dipika.jpeg
1232,Revolutionary,40.43,42.54,AH0,1212,1276,1213-1276,"['R', 'EH2', 'V', 'AH0', 'L', 'UW1', 'SH', 'AH0', 'N', 'EH2', 'R', 'IY0']",angry,character1,big_center,cross_hands,False,green,M,M,0,1.0,False,projects/1/media/chunk_0_dipika.jpeg
1233,Revolutionary,40.43,42.54,AH0,1212,1276,1213-1276,"['R', 'EH2', 'V', 'AH0', 'L', 'UW1', 'SH', 'AH0', 'N', 'EH2', 'R', 'IY0']",angry,character1,big_center,cross_hands,False,green,M,M,0,1.0,False,projects/1/media/chunk_0_dipika.jpeg
1234,Revolutionary,40.43,42.54,AH0,1212,1276,1213-1276,"['R', 'EH2', 'V', 'AH0', 'L', 'UW1', 'SH', 'AH0', 'N', 'EH2', 'R', 'IY0']",angry,character1,big_center,cross_hands,False,green,M,M,0,1.0,False,projects/1/media/chunk_0_dipika.jpeg
1235,Revolutionary,40.43,42.54,AH0,1212,1276,1213-1276,"['R', 'EH2', 'V', 'AH0', 'L', 'UW1', 'SH', 'AH0', 'N', 'EH2', 'R', 'IY0']",angry,character1,big_center,cross_hands,False,green,M,M,0,1.0,False,projects/1/media/chunk_0_dipika.jpeg
1236,Revolutionary,40.43,42.54,AH0,1212,1276,1213-1276,"['R', 'EH2', 'V', 'AH0', 'L', 'UW1', 'SH', 'AH0', 'N', 'EH2', 'R', 'IY0']",angry,character1,big_center,cross_hands,False,green,M,M,0,1.0,False,projects/1/media/chunk_0_dipika.jpeg
1237,Revolutionary,40.43,42.54,L,1212,1276,1213-1276,"['R', 'EH2', 'V', 'AH0', 'L', 'UW1', 'SH', 'AH0', 'N', 'EH2', 'R', 'IY0']",angry,character1,big_center,cross_hands,False,green,M,M,0,1.0,False,projects/1/media/chunk_0_dipika.jpeg
1238,Revolutionary,40.43,42.54,L,1212,1276,1213-1276,"['R', 'EH2', 'V', 'AH0', 'L', 'UW1', 'SH', 'AH0', 'N', 'EH2', 'R', 'IY0']",angry,character1,big_center,cross_hands,False,green,M,M,0,1.0,False,projects/1/media/chunk_0_dipika.jpeg
1239,Revolutionary,40.43,42.54,L,1212,1276,1213-1276,"['R', 'EH2', 'V', 'AH0', 'L', 'UW1', 'SH', 'AH0', 'N', 'EH2', 'R', 'IY0']",angry,character1,big_center,cross_hands,False,green,M,M,0,1.0,False,projects/1/media/chunk_0_dipika.jpeg
1240,Revolutionary,40.43,42.54,L,1212,1276,1213-1276,"['R', 'EH2', 'V', 'AH0', 'L', 'UW1', 'SH', 'AH0', 'N', 'EH2', 'R', 'IY0']",angry,character1,big_center,cross_hands,False,green,M,M,0,1.0,False,projects/1/media/chunk_0_dipika.jpeg
1241,Revolutionary,40.43,42.54,UW1,1212,1276,1213-1276,"['R', 'EH2', 'V', 'AH0', 'L', 'UW1', 'SH', 'AH0', 'N', 'EH2', 'R', 'IY0']",angry,character1,big_center,cross_hands,False,green,M,M,0,1.0,False,projects/1/media/chunk_0_dipika.jpeg
1242,Revolutionary,40.43,42.54,UW1,1212,1276,1213-1276,"['R', 'EH2', 'V', 'AH0', 'L', 'UW1', 'SH', 'AH0', 'N', 'EH2', 'R', 'IY0']",angry,character1,big_center,cross_hands,False,green,M,M,0,1.0,False,projects/1/media/chunk_0_dipika.jpeg
1243,Revolutionary,40.43,42.54,UW1,1212,1276,1213-1276,"['R', 'EH2', 'V', 'AH0', 'L', 'UW1', 'SH', 'AH0', 'N', 'EH2', 'R', 'IY0']",angry,character1,big_center,cross_hands,False,green,M,M,0,1.0,False,projects/1/media/chunk_0_dipika.jpeg
1244,Revolutionary,40.43,42.54,UW1,1212,1276,1213-1276,"['R', 'EH2', 'V', 'AH0', 'L', 'UW1', 'SH', 'AH0', 'N', 'EH2', 'R', 'IY0']",angry,character1,big_center,cross_hands,False,green,M,M,0,1.0,False,projects/1/media/chunk_0_dipika.jpeg
1245,Revolutionary,40.43,42.54,UW1,1212,1276,1213-1276,"['R', 'EH2', 'V', 'AH0', 'L', 'UW1', 'SH', 'AH0', 'N', 'EH2', 'R', 'IY0']",angry,character1,big_center,cross_hands,False,green,M,M,0,1.0,False,projects/1/media/chunk_0_dipika.jpeg
1246,Revolutionary,40.43,42.54,UW1,1212,1276,1213-1276,"['R', 'EH2', 'V', 'AH0', 'L', 'UW1', 'SH', 'AH0', 'N', 'EH2', 'R', 'IY0']",angry,character1,big_center,cross_hands,False,green,M,M,0,1.0,False,projects/1/media/chunk_0_dipika.jpeg
1247,Revolutionary,40.43,42.54,SH,1212,1276,1213-1276,"['R', 'EH2', 'V', 'AH0', 'L', 'UW1', 'SH', 'AH0', 'N', 'EH2', 'R', 'IY0']",angry,character1,big_center,cross_hands,False,green,M,M,0,1.0,False,projects/1/media/chunk_0_dipika.jpeg
1248,Revolutionary,40.43,42.54,SH,1212,1276,1213-1276,"['R', 'EH2', 'V', 'AH0', 'L', 'UW1', 'SH', 'AH0', 'N', 'EH2', 'R', 'IY0']",angry,character1,big_center,cross_hands,False,green,M,M,0,1.0,False,projects/1/media/chunk_0_dipika.jpeg
1249,Revolutionary,40.43,42.54,SH,1212,1276,1213-1276,"['R', 'EH2', 'V', 'AH0', 'L', 'UW1', 'SH', 'AH0', 'N', 'EH2', 'R', 'IY0']",angry,character1,big_center,cross_hands,False,green,M,M,0,1.0,False,projects/1/media/chunk_0_dipika.jpeg
1250,Revolutionary,40.43,42.54,SH,1212,1276,1213-1276,"['R', 'EH2', 'V', 'AH0', 'L', 'UW1', 'SH', 'AH0', 'N', 'EH2', 'R', 'IY0']",angry,character1,big_center,cross_hands,False,green,M,M,0,1.0,False,projects/1/media/chunk_0_dipika.jpeg
1251,Revolutionary,40.43,42.54,AH0,1212,1276,1213-1276,"['R', 'EH2', 'V', 'AH0', 'L', 'UW1', 'SH', 'AH0', 'N', 'EH2', 'R', 'IY0']",angry,character1,big_center,cross_hands,False,green,M,M,0,1.0,False,projects/1/media/chunk_0_dipika.jpeg
1252,Revolutionary,40.43,42.54,AH0,1212,1276,1213-1276,"['R', 'EH2', 'V', 'AH0', 'L', 'UW1', 'SH', 'AH0', 'N', 'EH2', 'R', 'IY0']",angry,character1,big_center,cross_hands,False,green,M,M,0,1.0,False,projects/1/media/chunk_0_dipika.jpeg
1253,Revolutionary,40.43,42.54,AH0,1212,1276,1213-1276,"['R', 'EH2', 'V', 'AH0', 'L', 'UW1', 'SH', 'AH0', 'N', 'EH2', 'R', 'IY0']",angry,character1,big_center,cross_hands,False,green,M,M,0,1.0,False,projects/1/media/chunk_0_dipika.jpeg
1254,Revolutionary,40.43,42.54,AH0,1212,1276,1213-1276,"['R', 'EH2', 'V', 'AH0', 'L', 'UW1', 'SH', 'AH0', 'N', 'EH2', 'R', 'IY0']",angry,character1,big_center,cross_hands,False,green,M,M,0,1.0,False,projects/1/media/chunk_0_dipika.jpeg
1255,Revolutionary,40.43,42.54,AH0,1212,1276,1213-1276,"['R', 'EH2', 'V', 'AH0', 'L', 'UW1', 'SH', 'AH0', 'N', 'EH2', 'R', 'IY0']",angry,character1,big_center,cross_hands,False,green,M,M,0,1.0,False,projects/1/media/chunk_0_dipika.jpeg
1256,Revolutionary,40.43,42.54,AH0,1212,1276,1213-1276,"['R', 'EH2', 'V', 'AH0', 'L', 'UW1', 'SH', 'AH0', 'N', 'EH2', 'R', 'IY0']",angry,character1,big_center,cross_hands,False,green,M,M,0,1.0,False,projects/1/media/chunk_0_dipika.jpeg
1257,Revolutionary,40.43,42.54,N,1212,1276,1213-1276,"['R', 'EH2', 'V', 'AH0', 'L', 'UW1', 'SH', 'AH0', 'N', 'EH2', 'R', 'IY0']",angry,character1,big_center,cross_hands,False,green,M,M,0,1.0,False,projects/1/media/chunk_0_dipika.jpeg
1258,Revolutionary,40.43,42.54,N,1212,1276,1213-1276,"['R', 'EH2', 'V', 'AH0', 'L', 'UW1', 'SH', 'AH0', 'N', 'EH2', 'R', 'IY0']",angry,character1,big_center,cross_hands,False,green,M,M,0,1.0,False,projects/1/media/chunk_0_dipika.jpeg
1259,Revolutionary,40.43,42.54,N,1212,1276,1213-1276,"['R', 'EH2', 'V', 'AH0', 'L', 'UW1', 'SH', 'AH0', 'N', 'EH2', 'R', 'IY0']",angry,character1,big_center,cross_hands,False,green,M,M,0,1.0,False,projects/1/media/chunk_0_dipika.jpeg
1260,Revolutionary,40.43,42.54,N,1212,1276,1213-1276,"['R', 'EH2', 'V', 'AH0', 'L', 'UW1', 'SH', 'AH0', 'N', 'EH2', 'R', 'IY0']",angry,character1,big_center,cross_hands,False,green,M,M,0,1.0,False,projects/1/media/chunk_0_dipika.jpeg
1261,Revolutionary,40.43,42.54,EH2,1212,1276,1213-1276,"['R', 'EH2', 'V', 'AH0', 'L', 'UW1', 'SH', 'AH0', 'N', 'EH2', 'R', 'IY0']",angry,character1,big_center,cross_hands,False,green,M,M,0,1.0,False,projects/1/media/chunk_0_dipika.jpeg
1262,Revolutionary,40.43,42.54,EH2,1212,1276,1213-1276,"['R', 'EH2', 'V', 'AH0', 'L', 'UW1', 'SH', 'AH0', 'N', 'EH2', 'R', 'IY0']",angry,character1,big_center,cross_hands,False,green,M,M,0,1.0,False,projects/1/media/chunk_0_dipika.jpeg
1263,Revolutionary,40.43,42.54,EH2,1212,1276,1213-1276,"['R', 'EH2', 'V', 'AH0', 'L', 'UW1', 'SH', 'AH0', 'N', 'EH2', 'R', 'IY0']",angry,character1,big_center,cross_hands,False,green,M,M,0,1.0,False,projects/1/media/chunk_0_dipika.jpeg
1264,Revolutionary,40.43,42.54,EH2,1212,1276,1213-1276,"['R', 'EH2', 'V', 'AH0', 'L', 'UW1', 'SH', 'AH0', 'N', 'EH2', 'R', 'IY0']",angry,character1,big_center,cross_hands,False,green,M,M,0,1.0,False,projects/1/media/chunk_0_dipika.jpeg
1265,Revolutionary,40.43,42.54,EH2,1212,1276,1213-1276,"['R', 'EH2', 'V', 'AH0', 'L', 'UW1', 'SH', 'AH0', 'N', 'EH2', 'R', 'IY0']",angry,character1,big_center,cross_hands,False,green,M,M,0,1.0,False,projects/1/media/chunk_0_dipika.jpeg
1266,Revolutionary,40.43,42.54,EH2,1212,1276,1213-1276,"['R', 'EH2', 'V', 'AH0', 'L', 'UW1', 'SH', 'AH0', 'N', 'EH2', 'R', 'IY0']",angry,character1,big_center,cross_hands,False,green,M,M,0,1.0,False,projects/1/media/chunk_0_dipika.jpeg
1267,Revolutionary,40.43,42.54,R,1212,1276,1213-1276,"['R', 'EH2', 'V', 'AH0', 'L', 'UW1', 'SH', 'AH0', 'N', 'EH2', 'R', 'IY0']",angry,character1,big_center,cross_hands,False,green,M,M,0,1.0,False,projects/1/media/chunk_0_dipika.jpeg
1268,Revolutionary,40.43,42.54,R,1212,1276,1213-1276,"['R', 'EH2', 'V', 'AH0', 'L', 'UW1', 'SH', 'AH0', 'N', 'EH2', 'R', 'IY0']",angry,character1,big_center,cross_hands,False,green,M,M,0,1.0,False,projects/1/media/chunk_0_dipika.jpeg
1269,Revolutionary,40.43,42.54,R,1212,1276,1213-1276,"['R', 'EH2', 'V', 'AH0', 'L', 'UW1', 'SH', 'AH0', 'N', 'EH2', 'R', 'IY0']",angry,character1,big_center,cross_hands,False,green,M,M,0,1.0,False,projects/1/media/chunk_0_dipika.jpeg
1270,Revolutionary,40.43,42.54,R,1212,1276,1213-1276,"['R', 'EH2', 'V', 'AH0', 'L', 'UW1', 'SH', 'AH0', 'N', 'EH2', 'R', 'IY0']",angry,character1,big_center,cross_hands,False,green,M,M,0,1.0,False,projects/1/media/chunk_0_dipika.jpeg
1271,Revolutionary,40.43,42.54,IY0,1212,1276,1213-1276,"['R', 'EH2', 'V', 'AH0', 'L', 'UW1', 'SH', 'AH0', 'N', 'EH2', 'R', 'IY0']",angry,character1,big_center,cross_hands,False,green,M,M,0,1.0,False,projects/1/media/chunk_0_dipika.jpeg
1272,Revolutionary,40.43,42.54,IY0,1212,1276,1213-1276,"['R', 'EH2', 'V', 'AH0', 'L', 'UW1', 'SH', 'AH0', 'N', 'EH2', 'R', 'IY0']",angry,character1,big_center,cross_hands,False,green,M,M,0,1.0,False,projects/1/media/chunk_0_dipika.jpeg
1273,Revolutionary,40.43,42.54,IY0,1212,1276,1213-1276,"['R', 'EH2', 'V', 'AH0', 'L', 'UW1', 'SH', 'AH0', 'N', 'EH2', 'R', 'IY0']",angry,character1,big_center,cross_hands,False,green,M,M,0,1.0,False,projects/1/media/chunk_0_dipika.jpeg
1274,Revolutionary,40.43,42.54,IY0,1212,1276,1213-1276,"['R', 'EH2', 'V', 'AH0', 'L', 'UW1', 'SH', 'AH0', 'N', 'EH2', 'R', 'IY0']",angry,character1,big_center,cross_hands,False,green,M,M,0,1.0,False,projects/1/media/chunk_0_dipika.jpeg
1275,Revolutionary,40.43,42.54,IY0,1212,1276,1213-1276,"['R', 'EH2', 'V', 'AH0', 'L', 'UW1', 'SH', 'AH0', 'N', 'EH2', 'R', 'IY0']",angry,character1,big_center,cross_hands,False,green,M,M,0,1.0,False,projects/1/media/chunk_0_dipika.jpeg
1276,Revolutionary,40.43,42.54,IY0,1212,1276,1213-1276,"['R', 'EH2', 'V', 'AH0', 'L', 'UW1', 'SH', 'AH0', 'N', 'EH2', 'R', 'IY0']",angry,character1,big_center,cross_hands,False,green,M,M,0,1.0,False,projects/1/media/chunk_0_dipika.jpeg
1277,Revolutionary,40.43,42.54,B,1212,1276,,"['R', 'EH2', 'V', 'AH0', 'L', 'UW1', 'SH', 'AH0', 'N', 'EH2', 'R', 'IY0']",angry,character1,big_center,cross_hands,False,green,M,M,0,1.0,False,projects/1/media/chunk_0_dipika.jpeg
1278,Revolutionary,40.43,42.54,B,1212,1276,,"['R', 'EH2', 'V', 'AH0', 'L', 'UW1', 'SH', 'AH0', 'N', 'EH2', 'R', 'IY0']",angry,character1,big_center,cross_hands,False,green,M,M,0,1.0,False,projects/1/media/chunk_0_dipika.jpeg
1279,Revolutionary,40.43,42.54,B,1212,1276,,"['R', 'EH2', 'V', 'AH0', 'L', 'UW1', 'SH', 'AH0', 'N', 'EH2', 'R', 'IY0']",angry,character1,big_center,cross_hands,False,green,M,M,0,1.0,False,projects/1/media/chunk_0_dipika.jpeg
1280,Revolutionary,40.43,42.54,B,1212,1276,,"['R', 'EH2', 'V', 'AH0', 'L', 'UW1', 'SH', 'AH0', 'N', 'EH2', 'R', 'IY0']",angry,character1,big_center,cross_hands,False,green,M,M,0,1.0,False,projects/1/media/chunk_0_dipika.jpeg
1281,Revolutionary,40.43,42.54,B,1212,1276,,"['R', 'EH2', 'V', 'AH0', 'L', 'UW1', 'SH', 'AH0', 'N', 'EH2', 'R', 'IY0']",angry,character1,big_center,cross_hands,False,green,M,M,0,1.0,False,projects/1/media/chunk_0_dipika.jpeg
1282,Revolutionary,40.43,42.54,B,1212,1276,,"['R', 'EH2', 'V', 'AH0', 'L', 'UW1', 'SH', 'AH0', 'N', 'EH2', 'R', 'IY0']",angry,character1,big_center,cross_hands,False,green,M,M,0,1.0,False,projects/1/media/chunk_0_dipika.jpeg
1283,Revolutionary,40.43,42.54,B,1212,1276,,"['R', 'EH2', 'V', 'AH0', 'L', 'UW1', 'SH', 'AH0', 'N', 'EH2', 'R', 'IY0']",angry,character1,big_center,cross_hands,False,green,M,M,0,1.0,False,projects/1/media/chunk_0_dipika.jpeg
1284,Revolutionary,40.43,42.54,B,1212,1276,,"['R', 'EH2', 'V', 'AH0', 'L', 'UW1', 'SH', 'AH0', 'N', 'EH2', 'R', 'IY0']",angry,character1,big_center,cross_hands,False,green,M,M,0,1.0,False,projects/1/media/chunk_0_dipika.jpeg
1285,Revolutionary,40.43,42.54,B,1212,1276,,"['R', 'EH2', 'V', 'AH0', 'L', 'UW1', 'SH', 'AH0', 'N', 'EH2', 'R', 'IY0']",angry,character1,big_center,cross_hands,False,green,M,M,0,1.0,False,projects/1/media/chunk_0_dipika.jpeg
1286,Revolutionary,40.43,42.54,B,1212,1276,,"['R', 'EH2', 'V', 'AH0', 'L', 'UW1', 'SH', 'AH0', 'N', 'EH2', 'R', 'IY0']",angry,character1,big_center,cross_hands,False,green,M,M,0,1.0,False,projects/1/media/chunk_0_dipika.jpeg
1287,Revolutionary,40.43,42.54,B,1212,1276,,"['R', 'EH2', 'V', 'AH0', 'L', 'UW1', 'SH', 'AH0', 'N', 'EH2', 'R', 'IY0']",angry,character1,big_center,cross_hands,False,green,M,M,0,1.0,False,projects/1/media/chunk_0_dipika.jpeg
1288,Revolutionary,40.43,42.54,B,1212,1276,,"['R', 'EH2', 'V', 'AH0', 'L', 'UW1', 'SH', 'AH0', 'N', 'EH2', 'R', 'IY0']",angry,character1,big_center,cross_hands,False,green,M,M,0,1.0,False,projects/1/media/chunk_0_dipika.jpeg
1289,Revolutionary,40.43,42.54,B,1212,1276,,"['R', 'EH2', 'V', 'AH0', 'L', 'UW1', 'SH', 'AH0', 'N', 'EH2', 'R', 'IY0']",angry,character1,big_center,cross_hands,False,green,M,M,0,1.0,False,projects/1/media/chunk_0_dipika.jpeg
1290,Revolutionary,40.43,42.54,B,1212,1276,,"['R', 'EH2', 'V', 'AH0', 'L', 'UW1', 'SH', 'AH0', 'N', 'EH2', 'R', 'IY0']",angry,character1,big_center,cross_hands,False,green,M,M,0,1.0,False,projects/1/media/chunk_0_dipika.jpeg
1291,Revolutionary,40.43,42.54,B,1212,1276,,"['R', 'EH2', 'V', 'AH0', 'L', 'UW1', 'SH', 'AH0', 'N', 'EH2', 'R', 'IY0']",angry,character1,big_center,cross_hands,False,green,M,M,0,1.0,False,projects/1/media/chunk_0_dipika.jpeg
1292,Revolutionary,40.43,42.54,B,1212,1276,,"['R', 'EH2', 'V', 'AH0', 'L', 'UW1', 'SH', 'AH0', 'N', 'EH2', 'R', 'IY0']",angry,character1,big_center,cross_hands,False,green,M,M,0,1.0,False,projects/1/media/chunk_0_dipika.jpeg
1293,Revolutionary,40.43,42.54,B,1212,1276,,"['R', 'EH2', 'V', 'AH0', 'L', 'UW1', 'SH', 'AH0', 'N', 'EH2', 'R', 'IY0']",angry,character1,big_center,cross_hands,False,green,M,M,0,1.0,False,projects/1/media/chunk_0_dipika.jpeg
1294,Revolutionary,40.43,42.54,B,1212,1276,,"['R', 'EH2', 'V', 'AH0', 'L', 'UW1', 'SH', 'AH0', 'N', 'EH2', 'R', 'IY0']",angry,character1,big_center,cross_hands,False,green,M,M,0,1.0,False,projects/1/media/chunk_0_dipika.jpeg
1295,Revolutionary,40.43,42.54,B,1212,1276,,"['R', 'EH2', 'V', 'AH0', 'L', 'UW1', 'SH', 'AH0', 'N', 'EH2', 'R', 'IY0']",angry,character1,big_center,cross_hands,False,green,M,M,0,1.0,False,projects/1/media/chunk_0_dipika.jpeg
1296,Revolutionary,40.43,42.54,B,1212,1276,,"['R', 'EH2', 'V', 'AH0', 'L', 'UW1', 'SH', 'AH0', 'N', 'EH2', 'R', 'IY0']",angry,character1,big_center,cross_hands,False,green,M,M,0,1.0,False,projects/1/media/chunk_0_dipika.jpeg
1297,Revolutionary,40.43,42.54,B,1212,1276,,"['R', 'EH2', 'V', 'AH0', 'L', 'UW1', 'SH', 'AH0', 'N', 'EH2', 'R', 'IY0']",angry,character1,big_center,cross_hands,False,green,M,M,0,1.0,False,projects/1/media/chunk_0_dipika.jpeg
1298,Revolutionary,40.43,42.54,B,1212,1276,,"['R', 'EH2', 'V', 'AH0', 'L', 'UW1', 'SH', 'AH0', 'N', 'EH2', 'R', 'IY0']",angry,character1,big_center,cross_hands,False,green,M,R,0,1.0,False,projects/1/media/chunk_0_dipika.jpeg
1299,Revolutionary,40.43,42.54,B,1212,1276,,"['R', 'EH2', 'V', 'AH0', 'L', 'UW1', 'SH', 'AH0', 'N', 'EH2', 'R', 'IY0']",angry,character1,big_center,cross_hands,False,green,M,R,0,1.0,False,projects/1/media/chunk_0_dipika.jpeg
1300,Revolutionary,40.43,42.54,B,1212,1276,,"['R', 'EH2', 'V', 'AH0', 'L', 'UW1', 'SH', 'AH0', 'N', 'EH2', 'R', 'IY0']",angry,character1,big_center,cross_hands,False,green,M,R,0,1.0,False,projects/1/media/chunk_0_dipika.jpeg
1301,Revolutionary,40.43,42.54,B,1212,1276,,"['R', 'EH2', 'V', 'AH0', 'L', 'UW1', 'SH', 'AH0', 'N', 'EH2', 'R', 'IY0']",angry,character1,big_center,cross_hands,False,green,M,R,0,1.0,False,projects/1/media/chunk_0_dipika.jpeg
1302,Revolutionary,40.43,42.54,B,1212,1276,,"['R', 'EH2', 'V', 'AH0', 'L', 'UW1', 'SH', 'AH0', 'N', 'EH2', 'R', 'IY0']",angry,character1,big_center,cross_hands,False,green,M,R,0,1.0,False,projects/1/media/chunk_0_dipika.jpeg
1303,Revolutionary,40.43,42.54,B,1212,1276,,"['R', 'EH2', 'V', 'AH0', 'L', 'UW1', 'SH', 'AH0', 'N', 'EH2', 'R', 'IY0']",angry,character1,big_center,cross_hands,False,green,M,R,0,1.0,False,projects/1/media/chunk_0_dipika.jpeg
1304,Revolutionary,40.43,42.54,B,1212,1276,,"['R', 'EH2', 'V', 'AH0', 'L', 'UW1', 'SH', 'AH0', 'N', 'EH2', 'R', 'IY0']",angry,character1,big_center,cross_hands,False,green,M,R,0,1.0,False,projects/1/media/chunk_0_dipika.jpeg
1305,Revolutionary,40.43,42.54,B,1212,1276,,"['R', 'EH2', 'V', 'AH0', 'L', 'UW1', 'SH', 'AH0', 'N', 'EH2', 'R', 'IY0']",angry,character1,big_center,cross_hands,False,green,M,R,0,1.0,False,projects/1/media/chunk_0_dipika.jpeg
1306,Revolutionary,40.43,42.54,B,1212,1276,,"['R', 'EH2', 'V', 'AH0', 'L', 'UW1', 'SH', 'AH0', 'N', 'EH2', 'R', 'IY0']",angry,character1,big_center,cross_hands,False,green,M,R,0,1.0,False,projects/1/media/chunk_0_dipika.jpeg
1307,Revolutionary,40.43,42.54,B,1212,1276,,"['R', 'EH2', 'V', 'AH0', 'L', 'UW1', 'SH', 'AH0', 'N', 'EH2', 'R', 'IY0']",angry,character1,big_center,cross_hands,False,green,M,R,0,1.0,False,projects/1/media/chunk_0_dipika.jpeg
1308,Revolutionary,40.43,42.54,B,1212,1276,,"['R', 'EH2', 'V', 'AH0', 'L', 'UW1', 'SH', 'AH0', 'N', 'EH2', 'R', 'IY0']",angry,character1,big_center,cross_hands,False,green,M,R,0,1.0,False,projects/1/media/chunk_0_dipika.jpeg
1309,Revolutionary,40.43,42.54,B,1212,1276,,"['R', 'EH2', 'V', 'AH0', 'L', 'UW1', 'SH', 'AH0', 'N', 'EH2', 'R', 'IY0']",angry,character1,big_center,cross_hands,False,green,M,R,0,1.0,False,projects/1/media/chunk_0_dipika.jpeg
1310,"Wait,",43.66,43.84,W,1310,1315,1310-1315,"['W', 'EY1', 'T']",angry,character1,big_center,cross_hands,False,green,M,R,0,1.0,True,projects/1/media/chunk_0_dipika.jpeg
1311,"Wait,",43.66,43.84,EY1,1310,1315,1310-1315,"['W', 'EY1', 'T']",angry,character1,big_center,cross_hands,False,green,M,R,0,1.0,True,projects/1/media/chunk_0_dipika.jpeg
1312,"Wait,",43.66,43.84,EY1,1310,1315,1310-1315,"['W', 'EY1', 'T']",angry,character1,big_center,cross_hands,False,green,M,R,0,1.0,True,projects/1/media/chunk_0_dipika.jpeg
1313,"Wait,",43.66,43.84,EY1,1310,1315,1310-1315,"['W', 'EY1', 'T']",angry,character1,big_center,cross_hands,False,green,M,M,0,1.0,True,projects/1/media/chunk_0_dipika.jpeg
1314,"Wait,",43.66,43.84,EY1,1310,1315,1310-1315,"['W', 'EY1', 'T']",angry,character1,big_center,cross_hands,False,green,M,M,0,1.0,True,projects/1/media/chunk_0_dipika.jpeg
1315,"Wait,",43.66,43.84,T,1310,1315,1310-1315,"['W', 'EY1', 'T']",angry,character1,big_center,cross_hands,False,green,M,M,0,1.0,False,projects/1/media/chunk_0_dipika.jpeg
1316,"Wait,",43.66,43.84,T,1310,1315,,"['W', 'EY1', 'T']",angry,character1,big_center,cross_hands,False,green,M,M,0,1.0,False,projects/1/media/chunk_0_dipika.jpeg
1317,"Wait,",43.66,43.84,T,1310,1315,,"['W', 'EY1', 'T']",angry,character1,big_center,cross_hands,False,green,M,M,0,1.0,False,projects/1/media/chunk_0_dipika.jpeg
1318,"Wait,",43.66,43.84,T,1310,1315,,"['W', 'EY1', 'T']",angry,character1,big_center,cross_hands,False,green,M,M,0,1.0,False,projects/1/media/chunk_0_dipika.jpeg
1319,where,43.98,44.22,W,1319,1327,1319-1327,"['W', 'EH1', 'R']",angry,character1,big_center,cross_hands,False,green,M,M,0,1.0,False,projects/1/media/chunk_0_dipika.jpeg
1320,where,43.98,44.22,W,1319,1327,1319-1327,"['W', 'EH1', 'R']",angry,character1,big_center,cross_hands,False,green,M,M,0,1.0,False,projects/1/media/chunk_0_dipika.jpeg
1321,where,43.98,44.22,EH1,1319,1327,1319-1327,"['W', 'EH1', 'R']",angry,character1,big_center,cross_hands,False,green,M,M,0,1.0,False,projects/1/media/chunk_0_dipika.jpeg
1322,where,43.98,44.22,EH1,1319,1327,1319-1327,"['W', 'EH1', 'R']",angry,character1,big_center,cross_hands,False,green,M,M,0,1.0,False,projects/1/media/chunk_0_dipika.jpeg
1323,where,43.98,44.22,EH1,1319,1327,1319-1327,"['W', 'EH1', 'R']",angry,character1,big_center,cross_hands,False,green,M,M,0,1.0,False,projects/1/media/chunk_0_dipika.jpeg
1324,where,43.98,44.22,EH1,1319,1327,1319-1327,"['W', 'EH1', 'R']",angry,character1,big_center,cross_hands,False,green,M,M,0,1.0,False,projects/1/media/chunk_0_dipika.jpeg
1325,where,43.98,44.22,R,1319,1327,1319-1327,"['W', 'EH1', 'R']",angry,character1,big_center,cross_hands,False,green,M,M,0,1.0,False,projects/1/media/chunk_0_dipika.jpeg
1326,did,44.22,44.32,D,1326,1330,1327-1330,"['D', 'IH1', 'D']",angry,character1,big_center,cross_hands,False,green,M,M,0,1.0,False,projects/1/media/chunk_0_dipika.jpeg
1326,where,43.98,44.22,R,1319,1327,1319-1327,"['W', 'EH1', 'R']",angry,character1,big_center,cross_hands,False,green,M,M,0,1.0,False,projects/1/media/chunk_0_dipika.jpeg
1327,where,43.98,44.22,R,1319,1327,1319-1327,"['W', 'EH1', 'R']",angry,character1,big_center,cross_hands,False,green,M,M,0,1.0,False,projects/1/media/chunk_0_dipika.jpeg
1327,did,44.22,44.32,IH1,1326,1330,1327-1330,"['D', 'IH1', 'D']",angry,character1,big_center,cross_hands,False,green,M,M,0,1.0,False,projects/1/media/chunk_0_dipika.jpeg
1328,did,44.22,44.32,IH1,1326,1330,1327-1330,"['D', 'IH1', 'D']",angry,character1,big_center,cross_hands,False,green,M,M,0,1.0,False,projects/1/media/chunk_0_dipika.jpeg
1329,did,44.22,44.32,IH1,1326,1330,1327-1330,"['D', 'IH1', 'D']",angry,character1,big_center,cross_hands,False,green,M,M,0,1.0,False,projects/1/media/chunk_0_dipika.jpeg
1329,I,44.32,44.48,AY1,1329,1334,1330-1334,['AY1'],angry,character1,big_center,cross_hands,True,green,M,M,0,1.0,False,projects/1/media/chunk_0_dipika.jpeg
1330,did,44.22,44.32,D,1326,1330,1327-1330,"['D', 'IH1', 'D']",angry,character1,big_center,cross_hands,False,green,M,M,0,1.0,False,projects/1/media/chunk_0_dipika.jpeg
1330,I,44.32,44.48,AY1,1329,1334,1330-1334,['AY1'],angry,character1,big_center,cross_hands,True,green,M,M,0,1.0,False,projects/1/media/chunk_0_dipika.jpeg
1331,I,44.32,44.48,AY1,1329,1334,1330-1334,['AY1'],angry,character1,big_center,cross_hands,True,green,M,M,0,1.0,False,projects/1/media/chunk_0_dipika.jpeg
1332,I,44.32,44.48,AY1,1329,1334,1330-1334,['AY1'],angry,character1,big_center,cross_hands,True,green,M,M,0,1.0,False,projects/1/media/chunk_0_dipika.jpeg
1333,go?,44.48,44.72,G,1333,1342,1334-1342,"['G', 'OW1']",angry,character1,big_center,cross_hands,True,green,M,M,0,1.0,False,projects/1/media/chunk_0_dipika.jpeg
1333,I,44.32,44.48,AY1,1329,1334,1330-1334,['AY1'],angry,character1,big_center,cross_hands,True,green,M,M,0,1.0,False,projects/1/media/chunk_0_dipika.jpeg
1334,I,44.32,44.48,AY1,1329,1334,1330-1334,['AY1'],angry,character1,big_center,cross_hands,True,green,M,M,0,1.0,False,projects/1/media/chunk_0_dipika.jpeg
1334,go?,44.48,44.72,G,1333,1342,1334-1342,"['G', 'OW1']",angry,character1,big_center,cross_hands,True,green,M,M,0,1.0,False,projects/1/media/chunk_0_dipika.jpeg
1335,go?,44.48,44.72,OW1,1333,1342,1334-1342,"['G', 'OW1']",angry,character1,big_center,cross_hands,True,green,M,M,0,1.0,False,projects/1/media/chunk_0_dipika.jpeg
1336,go?,44.48,44.72,OW1,1333,1342,1334-1342,"['G', 'OW1']",angry,character1,big_center,cross_hands,True,green,M,M,0,1.0,False,projects/1/media/chunk_0_dipika.jpeg
1337,go?,44.48,44.72,OW1,1333,1342,1334-1342,"['G', 'OW1']",angry,character1,big_center,cross_hands,True,green,M,M,0,1.0,False,projects/1/media/chunk_0_dipika.jpeg
1338,go?,44.48,44.72,OW1,1333,1342,1334-1342,"['G', 'OW1']",angry,character1,big_center,cross_hands,True,green,M,M,0,1.0,False,projects/1/media/chunk_0_dipika.jpeg
1339,go?,44.48,44.72,OW1,1333,1342,1334-1342,"['G', 'OW1']",angry,character1,big_center,cross_hands,True,green,M,M,0,1.0,False,projects/1/media/chunk_0_dipika.jpeg
1340,go?,44.48,44.72,OW1,1333,1342,1334-1342,"['G', 'OW1']",angry,character1,big_center,cross_hands,True,green,M,M,0,1.0,False,projects/1/media/chunk_0_dipika.jpeg
1341,go?,44.48,44.72,OW1,1333,1342,1334-1342,"['G', 'OW1']",angry,character1,big_center,cross_hands,True,green,M,M,0,1.0,False,projects/1/media/chunk_0_dipika.jpeg
1342,go?,44.48,44.72,OW1,1333,1342,1334-1342,"['G', 'OW1']",angry,character1,big_center,cross_hands,True,green,M,M,0,1.0,False,projects/1/media/chunk_0_dipika.jpeg
1343,go?,44.48,44.72,B,1333,1342,,"['G', 'OW1']",angry,character1,big_center,cross_hands,True,green,M,M,0,1.0,False,projects/1/media/chunk_0_dipika.jpeg
1344,go?,44.48,44.72,B,1333,1342,,"['G', 'OW1']",angry,character1,big_center,cross_hands,True,green,M,M,0,1.0,False,projects/1/media/chunk_0_dipika.jpeg
1345,go?,44.48,44.72,B,1333,1342,,"['G', 'OW1']",angry,character1,big_center,cross_hands,True,green,M,M,0,1.0,False,projects/1/media/chunk_0_dipika.jpeg
1346,go?,44.48,44.72,B,1333,1342,,"['G', 'OW1']",angry,character1,big_center,cross_hands,True,green,M,M,0,1.0,False,projects/1/media/chunk_0_dipika.jpeg
1347,go?,44.48,44.72,B,1333,1342,,"['G', 'OW1']",angry,character1,big_center,cross_hands,True,green,M,M,0,1.0,False,projects/1/media/chunk_0_dipika.jpeg
1348,go?,44.48,44.72,B,1333,1342,,"['G', 'OW1']",angry,character1,big_center,cross_hands,True,green,M,M,0,1.0,False,projects/1/media/chunk_0_dipika.jpeg
1349,go?,44.48,44.72,B,1333,1342,,"['G', 'OW1']",angry,character1,big_center,cross_hands,True,green,M,M,0,1.0,False,projects/1/media/chunk_0_dipika.jpeg
1350,go?,44.48,44.72,B,1333,1342,,"['G', 'OW1']",angry,character1,big_center,cross_hands,True,green,M,M,0,1.0,False,projects/1/media/chunk_0_dipika.jpeg
1351,go?,44.48,44.72,B,1333,1342,,"['G', 'OW1']",angry,character1,big_center,cross_hands,True,green,M,M,0,1.0,False,projects/1/media/chunk_0_dipika.jpeg
1352,go?,44.48,44.72,B,1333,1342,,"['G', 'OW1']",angry,character1,big_center,cross_hands,True,green,M,M,0,1.0,False,projects/1/media/chunk_0_dipika.jpeg
1353,go?,44.48,44.72,B,1333,1342,,"['G', 'OW1']",angry,character1,big_center,cross_hands,True,green,M,M,0,1.0,False,projects/1/media/chunk_0_dipika.jpeg
1354,go?,44.48,44.72,B,1333,1342,,"['G', 'OW1']",angry,character1,big_center,cross_hands,True,green,M,M,0,1.0,False,projects/1/media/chunk_0_dipika.jpeg
1355,go?,44.48,44.72,B,1333,1342,,"['G', 'OW1']",angry,character1,big_center,cross_hands,True,green,R,R,0,1.0,False,projects/1/media/chunk_0_dipika.jpeg
1356,go?,44.48,44.72,B,1333,1342,,"['G', 'OW1']",angry,character1,big_center,cross_hands,True,green,R,R,0,1.0,False,projects/1/media/chunk_0_dipika.jpeg
1357,go?,44.48,44.72,B,1333,1342,,"['G', 'OW1']",angry,character1,big_center,cross_hands,True,green,R,R,0,1.0,False,projects/1/media/chunk_0_dipika.jpeg
1358,go?,44.48,44.72,B,1333,1342,,"['G', 'OW1']",angry,character1,big_center,cross_hands,True,green,R,R,0,1.0,False,projects/1/media/chunk_0_dipika.jpeg
1359,go?,44.48,44.72,B,1333,1342,,"['G', 'OW1']",angry,character1,big_center,cross_hands,True,green,R,R,0,1.0,False,projects/1/media/chunk_0_dipika.jpeg
1360,go?,44.48,44.72,B,1333,1342,,"['G', 'OW1']",angry,character1,big_center,cross_hands,True,green,R,R,0,1.0,False,projects/1/media/chunk_0_dipika.jpeg
1361,go?,44.48,44.72,B,1333,1342,,"['G', 'OW1']",angry,character1,big_center,cross_hands,True,green,R,R,0,1.0,False,projects/1/media/chunk_0_dipika.jpeg
1362,go?,44.48,44.72,B,1333,1342,,"['G', 'OW1']",angry,character1,big_center,cross_hands,True,green,R,R,0,1.0,False,projects/1/media/chunk_0_dipika.jpeg
1363,go?,44.48,44.72,B,1333,1342,,"['G', 'OW1']",angry,character1,big_center,cross_hands,True,green,R,R,0,1.0,False,projects/1/media/chunk_0_dipika.jpeg
1364,go?,44.48,44.72,B,1333,1342,,"['G', 'OW1']",angry,character1,big_center,cross_hands,True,green,R,R,0,1.0,False,projects/1/media/chunk_0_dipika.jpeg
1365,go?,44.48,44.72,B,1333,1342,,"['G', 'OW1']",angry,character1,big_center,cross_hands,True,green,R,R,0,1.0,False,projects/1/media/chunk_0_dipika.jpeg
1366,go?,44.48,44.72,B,1333,1342,,"['G', 'OW1']",angry,character1,big_center,cross_hands,True,green,R,R,0,1.0,False,projects/1/media/chunk_0_dipika.jpeg
1367,go?,44.48,44.72,B,1333,1342,,"['G', 'OW1']",angry,character1,big_center,cross_hands,True,green,R,R,0,1.0,False,projects/1/media/chunk_0_dipika.jpeg
1368,go?,44.48,44.72,B,1333,1342,,"['G', 'OW1']",angry,character1,big_center,cross_hands,True,green,R,R,0,1.0,False,projects/1/media/chunk_0_dipika.jpeg
1369,go?,44.48,44.72,B,1333,1342,,"['G', 'OW1']",angry,character1,big_center,cross_hands,True,green,R,R,0,1.0,False,projects/1/media/chunk_0_dipika.jpeg
1370,go?,44.48,44.72,B,1333,1342,,"['G', 'OW1']",angry,character1,big_center,cross_hands,True,green,R,R,0,1.0,False,projects/1/media/chunk_0_dipika.jpeg
1371,go?,44.48,44.72,B,1333,1342,,"['G', 'OW1']",angry,character1,big_center,cross_hands,True,green,R,R,0,1.0,False,projects/1/media/chunk_0_dipika.jpeg
1372,go?,44.48,44.72,B,1333,1342,,"['G', 'OW1']",angry,character1,big_center,cross_hands,True,green,R,R,0,1.0,False,projects/1/media/chunk_0_dipika.jpeg
1373,go?,44.48,44.72,B,1333,1342,,"['G', 'OW1']",angry,character1,big_center,cross_hands,True,green,R,R,0,1.0,False,projects/1/media/chunk_0_dipika.jpeg
1374,Wow!,45.8,46.08,W,1374,1382,1374-1382,"['W', 'AW1']",angry,character1,big_center,cross_hands,True,green,R,R,0,1.0,False,projects/1/media/chunk_0_dipika.jpeg
1375,Wow!,45.8,46.08,W,1374,1382,1374-1382,"['W', 'AW1']",angry,character1,big_center,cross_hands,True,green,R,R,0,1.0,False,projects/1/media/chunk_0_dipika.jpeg
1376,Wow!,45.8,46.08,AW1,1374,1382,1374-1382,"['W', 'AW1']",angry,character1,big_center,cross_hands,True,green,R,R,0,1.0,False,projects/1/media/chunk_0_dipika.jpeg
1377,Wow!,45.8,46.08,AW1,1374,1382,1374-1382,"['W', 'AW1']",angry,character1,big_center,cross_hands,True,green,R,R,0,1.0,False,projects/1/media/chunk_0_dipika.jpeg
1378,Wow!,45.8,46.08,AW1,1374,1382,1374-1382,"['W', 'AW1']",angry,character1,big_center,cross_hands,True,green,R,R,0,1.0,False,projects/1/media/chunk_0_dipika.jpeg
1379,Wow!,45.8,46.08,AW1,1374,1382,1374-1382,"['W', 'AW1']",angry,character1,big_center,cross_hands,True,green,R,R,0,1.0,False,projects/1/media/chunk_0_dipika.jpeg
1380,Wow!,45.8,46.08,AW1,1374,1382,1374-1382,"['W', 'AW1']",angry,character1,big_center,cross_hands,True,green,R,R,0,1.0,False,projects/1/media/chunk_0_dipika.jpeg
1381,Wow!,45.8,46.08,AW1,1374,1382,1374-1382,"['W', 'AW1']",angry,character1,big_center,cross_hands,True,green,R,R,0,1.0,False,projects/1/media/chunk_0_dipika.jpeg
1382,Wow!,45.8,46.08,AW1,1374,1382,1374-1382,"['W', 'AW1']",angry,character1,big_center,cross_hands,True,green,R,R,0,1.0,False,projects/1/media/chunk_0_dipika.jpeg
1383,Wow!,45.8,46.08,B,1374,1382,,"['W', 'AW1']",angry,character1,big_center,cross_hands,True,green,R,R,0,1.0,False,projects/1/media/chunk_0_dipika.jpeg
1384,Wow!,45.8,46.08,B,1374,1382,,"['W', 'AW1']",angry,character1,big_center,cross_hands,True,green,R,R,0,1.0,False,projects/1/media/chunk_0_dipika.jpeg
1385,Wow!,45.8,46.08,B,1374,1382,,"['W', 'AW1']",angry,character1,big_center,cross_hands,True,green,R,R,0,1.0,False,projects/1/media/chunk_0_dipika.jpeg
1386,Wow!,45.8,46.08,B,1374,1382,,"['W', 'AW1']",angry,character1,big_center,cross_hands,True,green,R,R,0,1.0,False,projects/1/media/chunk_0_dipika.jpeg
1387,Editor,46.22,47.36,EH1,1387,1421,1387-1421,"['EH1', 'D', 'AH0', 'T', 'ER0']",angry,character1,big_center,cross_hands,True,green,R,R,0,1.0,False,projects/1/media/chunk_0_dipika.jpeg
1388,Editor,46.22,47.36,EH1,1387,1421,1387-1421,"['EH1', 'D', 'AH0', 'T', 'ER0']",angry,character1,big_center,cross_hands,True,green,R,R,0,1.0,False,projects/1/media/chunk_0_dipika.jpeg
1389,Editor,46.22,47.36,EH1,1387,1421,1387-1421,"['EH1', 'D', 'AH0', 'T', 'ER0']",angry,character1,big_center,cross_hands,True,green,R,R,0,1.0,False,projects/1/media/chunk_0_dipika.jpeg
1390,Editor,46.22,47.36,EH1,1387,1421,1387-1421,"['EH1', 'D', 'AH0', 'T', 'ER0']",angry,character1,big_center,cross_hands,True,green,R,R,0,1.0,False,projects/1/media/chunk_0_dipika.jpeg
1391,Editor,46.22,47.36,EH1,1387,1421,1387-1421,"['EH1', 'D', 'AH0', 'T', 'ER0']",angry,character1,big_center,cross_hands,True,green,R,R,0,1.0,False,projects/1/media/chunk_0_dipika.jpeg
1392,Editor,46.22,47.36,EH1,1387,1421,1387-1421,"['EH1', 'D', 'AH0', 'T', 'ER0']",angry,character1,big_center,cross_hands,True,green,R,R,0,1.0,False,projects/1/media/chunk_0_dipika.jpeg
1393,Editor,46.22,47.36,EH1,1387,1421,1387-1421,"['EH1', 'D', 'AH0', 'T', 'ER0']",angry,character1,big_center,cross_hands,True,green,R,R,0,1.0,False,projects/1/media/chunk_0_dipika.jpeg
1394,Editor,46.22,47.36,EH1,1387,1421,1387-1421,"['EH1', 'D', 'AH0', 'T', 'ER0']",angry,character1,big_center,cross_hands,True,green,R,R,0,1.0,False,projects/1/media/chunk_0_dipika.jpeg
1395,Editor,46.22,47.36,EH1,1387,1421,1387-1421,"['EH1', 'D', 'AH0', 'T', 'ER0']",angry,character1,big_center,cross_hands,True,green,R,R,0,1.0,False,projects/1/media/chunk_0_dipika.jpeg
1396,Editor,46.22,47.36,D,1387,1421,1387-1421,"['EH1', 'D', 'AH0', 'T', 'ER0']",angry,character1,big_center,cross_hands,True,green,R,R,0,1.0,False,projects/1/media/chunk_0_dipika.jpeg
1397,Editor,46.22,47.36,D,1387,1421,1387-1421,"['EH1', 'D', 'AH0', 'T', 'ER0']",angry,character1,big_center,cross_hands,True,green,R,R,0,1.0,False,projects/1/media/chunk_0_dipika.jpeg
1398,Editor,46.22,47.36,D,1387,1421,1387-1421,"['EH1', 'D', 'AH0', 'T', 'ER0']",angry,character1,big_center,cross_hands,True,green,R,R,0,1.0,False,projects/1/media/chunk_0_dipika.jpeg
1399,Editor,46.22,47.36,AH0,1387,1421,1387-1421,"['EH1', 'D', 'AH0', 'T', 'ER0']",angry,character1,big_center,cross_hands,True,green,R,R,0,1.0,False,projects/1/media/chunk_0_dipika.jpeg
1400,Editor,46.22,47.36,AH0,1387,1421,1387-1421,"['EH1', 'D', 'AH0', 'T', 'ER0']",angry,character1,big_center,cross_hands,True,green,R,R,0,1.0,False,projects/1/media/chunk_0_dipika.jpeg
1401,Editor,46.22,47.36,AH0,1387,1421,1387-1421,"['EH1', 'D', 'AH0', 'T', 'ER0']",angry,character1,big_center,cross_hands,True,green,R,R,0,1.0,False,projects/1/media/chunk_0_dipika.jpeg
1402,Editor,46.22,47.36,AH0,1387,1421,1387-1421,"['EH1', 'D', 'AH0', 'T', 'ER0']",angry,character1,big_center,cross_hands,True,green,R,R,0,1.0,False,projects/1/media/chunk_0_dipika.jpeg
1403,Editor,46.22,47.36,AH0,1387,1421,1387-1421,"['EH1', 'D', 'AH0', 'T', 'ER0']",angry,character1,big_center,cross_hands,True,green,R,R,0,1.0,False,projects/1/media/chunk_0_dipika.jpeg
1404,Editor,46.22,47.36,AH0,1387,1421,1387-1421,"['EH1', 'D', 'AH0', 'T', 'ER0']",angry,character1,big_center,cross_hands,True,green,R,R,0,1.0,False,projects/1/media/chunk_0_dipika.jpeg
1405,Editor,46.22,47.36,AH0,1387,1421,1387-1421,"['EH1', 'D', 'AH0', 'T', 'ER0']",angry,character1,big_center,cross_hands,True,green,R,R,0,1.0,False,projects/1/media/chunk_0_dipika.jpeg
1406,Editor,46.22,47.36,AH0,1387,1421,1387-1421,"['EH1', 'D', 'AH0', 'T', 'ER0']",angry,character1,big_center,cross_hands,True,green,R,R,0,1.0,False,projects/1/media/chunk_0_dipika.jpeg
1407,Editor,46.22,47.36,AH0,1387,1421,1387-1421,"['EH1', 'D', 'AH0', 'T', 'ER0']",angry,character1,big_center,cross_hands,True,green,R,R,0,1.0,False,projects/1/media/chunk_0_dipika.jpeg
1408,Editor,46.22,47.36,AH0,1387,1421,1387-1421,"['EH1', 'D', 'AH0', 'T', 'ER0']",angry,character1,big_center,cross_hands,True,green,R,R,0,1.0,False,projects/1/media/chunk_0_dipika.jpeg
1409,Editor,46.22,47.36,T,1387,1421,1387-1421,"['EH1', 'D', 'AH0', 'T', 'ER0']",angry,character1,big_center,cross_hands,True,green,R,R,0,1.0,False,projects/1/media/chunk_0_dipika.jpeg
1410,Editor,46.22,47.36,T,1387,1421,1387-1421,"['EH1', 'D', 'AH0', 'T', 'ER0']",angry,character1,big_center,cross_hands,True,green,R,R,0,1.0,False,projects/1/media/chunk_0_dipika.jpeg
1411,Editor,46.22,47.36,T,1387,1421,1387-1421,"['EH1', 'D', 'AH0', 'T', 'ER0']",angry,character1,big_center,cross_hands,True,green,R,R,0,1.0,False,projects/1/media/chunk_0_dipika.jpeg
1412,Editor,46.22,47.36,ER0,1387,1421,1387-1421,"['EH1', 'D', 'AH0', 'T', 'ER0']",angry,character1,big_center,cross_hands,True,green,R,R,0,1.0,False,projects/1/media/chunk_0_dipika.jpeg
1413,Editor,46.22,47.36,ER0,1387,1421,1387-1421,"['EH1', 'D', 'AH0', 'T', 'ER0']",angry,character1,big_center,cross_hands,True,green,R,R,0,1.0,False,projects/1/media/chunk_0_dipika.jpeg
1414,Editor,46.22,47.36,ER0,1387,1421,1387-1421,"['EH1', 'D', 'AH0', 'T', 'ER0']",angry,character1,big_center,cross_hands,True,green,R,R,0,1.0,False,projects/1/media/chunk_0_dipika.jpeg
1415,Editor,46.22,47.36,ER0,1387,1421,1387-1421,"['EH1', 'D', 'AH0', 'T', 'ER0']",angry,character1,big_center,cross_hands,True,green,R,R,0,1.0,False,projects/1/media/chunk_0_dipika.jpeg
1416,Editor,46.22,47.36,ER0,1387,1421,1387-1421,"['EH1', 'D', 'AH0', 'T', 'ER0']",angry,character1,big_center,cross_hands,True,green,R,R,0,1.0,False,projects/1/media/chunk_0_dipika.jpeg
1417,Editor,46.22,47.36,ER0,1387,1421,1387-1421,"['EH1', 'D', 'AH0', 'T', 'ER0']",angry,character1,big_center,cross_hands,True,green,R,R,0,1.0,False,projects/1/media/chunk_0_dipika.jpeg
1418,Editor,46.22,47.36,ER0,1387,1421,1387-1421,"['EH1', 'D', 'AH0', 'T', 'ER0']",angry,character1,big_center,cross_hands,True,green,R,R,0,1.0,False,projects/1/media/chunk_0_dipika.jpeg
1419,Editor,46.22,47.36,ER0,1387,1421,1387-1421,"['EH1', 'D', 'AH0', 'T', 'ER0']",angry,character1,big_center,cross_hands,True,green,R,R,0,1.0,False,projects/1/media/chunk_0_dipika.jpeg
1420,Editor,46.22,47.36,ER0,1387,1421,1387-1421,"['EH1', 'D', 'AH0', 'T', 'ER0']",angry,character1,big_center,cross_hands,True,green,R,R,-1,1.0,False,projects/1/media/chunk_0_dipika.jpeg
1420,moved,47.36,47.74,M,1420,1432,1421-1432,"['M', 'UW1', 'V', 'D']",angry,character1,big_center,cross_hands,True,green,R,R,-1,1.0,False,projects/1/media/chunk_0_dipika.jpeg
1421,Editor,46.22,47.36,ER0,1387,1421,1387-1421,"['EH1', 'D', 'AH0', 'T', 'ER0']",angry,character1,big_center,cross_hands,True,green,M,M,-1,1.0,False,projects/1/media/chunk_0_dipika.jpeg
1421,moved,47.36,47.74,M,1420,1432,1421-1432,"['M', 'UW1', 'V', 'D']",angry,character1,big_center,cross_hands,True,green,M,M,-1,1.0,False,projects/1/media/chunk_0_dipika.jpeg
1422,moved,47.36,47.74,M,1420,1432,1421-1432,"['M', 'UW1', 'V', 'D']",angry,character1,big_center,cross_hands,True,green,M,M,-1,1.0,False,projects/1/media/chunk_0_dipika.jpeg
1423,moved,47.36,47.74,UW1,1420,1432,1421-1432,"['M', 'UW1', 'V', 'D']",angry,character1,big_center,cross_hands,True,green,M,M,-1,1.0,False,projects/1/media/chunk_0_dipika.jpeg
1424,moved,47.36,47.74,UW1,1420,1432,1421-1432,"['M', 'UW1', 'V', 'D']",angry,character1,big_center,cross_hands,True,green,M,M,-1,1.0,False,projects/1/media/chunk_0_dipika.jpeg
1425,moved,47.36,47.74,UW1,1420,1432,1421-1432,"['M', 'UW1', 'V', 'D']",angry,character1,big_center,cross_hands,True,green,M,M,-1,1.0,False,projects/1/media/chunk_0_dipika.jpeg
1426,moved,47.36,47.74,UW1,1420,1432,1421-1432,"['M', 'UW1', 'V', 'D']",angry,character1,big_center,cross_hands,True,green,M,M,-1,1.0,False,projects/1/media/chunk_0_dipika.jpeg
1427,moved,47.36,47.74,UW1,1420,1432,1421-1432,"['M', 'UW1', 'V', 'D']",angry,character1,big_center,cross_hands,True,green,M,M,-1,1.0,False,projects/1/media/chunk_0_dipika.jpeg
1428,moved,47.36,47.74,V,1420,1432,1421-1432,"['M', 'UW1', 'V', 'D']",angry,character1,big_center,cross_hands,True,green,M,M,-1,1.0,False,projects/1/media/chunk_0_dipika.jpeg
1429,moved,47.36,47.74,V,1420,1432,1421-1432,"['M', 'UW1', 'V', 'D']",angry,character1,big_center,cross_hands,True,green,M,M,-1,1.0,False,projects/1/media/chunk_0_dipika.jpeg
1430,moved,47.36,47.74,V,1420,1432,1421-1432,"['M', 'UW1', 'V', 'D']",angry,character1,big_center,cross_hands,True,green,M,M,-1,1.0,False,projects/1/media/chunk_0_dipika.jpeg
1431,me,47.74,48.0,M,1431,1440,1432-1440,"['M', 'IY1']",angry,character1,big_center,cross_hands,True,green,M,M,-1,1.0,False,projects/1/media/chunk_0_dipika.jpeg
1431,moved,47.36,47.74,D,1420,1432,1421-1432,"['M', 'UW1', 'V', 'D']",angry,character1,big_center,cross_hands,True,green,M,M,-1,1.0,False,projects/1/media/chunk_0_dipika.jpeg
1432,me,47.74,48.0,M,1431,1440,1432-1440,"['M', 'IY1']",angry,character1,big_center,cross_hands,True,green,M,M,-1,1.0,False,projects/1/media/chunk_0_dipika.jpeg
1432,moved,47.36,47.74,D,1420,1432,1421-1432,"['M', 'UW1', 'V', 'D']",angry,character1,big_center,cross_hands,True,green,M,M,-1,1.0,False,projects/1/media/chunk_0_dipika.jpeg
1433,me,47.74,48.0,M,1431,1440,1432-1440,"['M', 'IY1']",angry,character1,big_center,cross_hands,True,green,M,M,-1,1.0,False,projects/1/media/chunk_0_dipika.jpeg
1434,me,47.74,48.0,M,1431,1440,1432-1440,"['M', 'IY1']",angry,character1,big_center,cross_hands,True,green,M,M,-1,1.0,False,projects/1/media/chunk_0_dipika.jpeg
1435,me,47.74,48.0,IY1,1431,1440,1432-1440,"['M', 'IY1']",angry,character1,big_center,cross_hands,True,green,M,M,-1,1.0,False,projects/1/media/chunk_0_dipika.jpeg
1436,me,47.74,48.0,IY1,1431,1440,1432-1440,"['M', 'IY1']",angry,character1,big_center,cross_hands,True,green,M,M,-1,1.0,False,projects/1/media/chunk_0_dipika.jpeg
1437,me,47.74,48.0,IY1,1431,1440,1432-1440,"['M', 'IY1']",angry,character1,big_center,cross_hands,True,green,M,M,-1,1.0,False,projects/1/media/chunk_0_dipika.jpeg
1438,me,47.74,48.0,IY1,1431,1440,1432-1440,"['M', 'IY1']",angry,character1,big_center,cross_hands,True,green,M,M,-1,1.0,False,projects/1/media/chunk_0_dipika.jpeg
1439,to,48.0,48.12,T,1439,1444,1440-1444,"['T', 'UW1']",angry,character1,big_center,cross_hands,True,green,M,M,-1,1.0,False,projects/1/media/chunk_0_dipika.jpeg
1439,me,47.74,48.0,IY1,1431,1440,1432-1440,"['M', 'IY1']",angry,character1,big_center,cross_hands,True,green,M,M,-1,1.0,False,projects/1/media/chunk_0_dipika.jpeg
1440,to,48.0,48.12,T,1439,1444,1440-1444,"['T', 'UW1']",angry,character1,big_center,cross_hands,True,green,M,M,-1,1.0,False,projects/1/media/chunk_0_dipika.jpeg
1440,me,47.74,48.0,IY1,1431,1440,1432-1440,"['M', 'IY1']",angry,character1,big_center,cross_hands,True,green,M,M,-1,1.0,False,projects/1/media/chunk_0_dipika.jpeg
1441,to,48.0,48.12,UW1,1439,1444,1440-1444,"['T', 'UW1']",angry,character1,big_center,cross_hands,True,green,M,M,-1,1.0,False,projects/1/media/chunk_0_dipika.jpeg
1442,to,48.0,48.12,UW1,1439,1444,1440-1444,"['T', 'UW1']",angry,character1,big_center,cross_hands,True,green,M,M,-1,1.0,False,projects/1/media/chunk_0_dipika.jpeg
1443,to,48.0,48.12,UW1,1439,1444,1440-1444,"['T', 'UW1']",angry,character1,big_center,cross_hands,True,green,M,M,-1,1.0,False,projects/1/media/chunk_0_dipika.jpeg
1443,side,48.12,48.36,S,1443,1451,1444-1451,"['S', 'AY1', 'D']",angry,character1,big_center,cross_hands,True,green,M,M,-1,1.0,False,projects/1/media/chunk_0_dipika.jpeg
1444,side,48.12,48.36,S,1443,1451,1444-1451,"['S', 'AY1', 'D']",angry,character1,big_center,cross_hands,True,green,M,M,-1,1.0,False,projects/1/media/chunk_0_dipika.jpeg
1444,to,48.0,48.12,UW1,1439,1444,1440-1444,"['T', 'UW1']",angry,character1,big_center,cross_hands,True,green,M,M,-1,1.0,False,projects/1/media/chunk_0_dipika.jpeg
1445,side,48.12,48.36,S,1443,1451,1444-1451,"['S', 'AY1', 'D']",angry,character1,big_center,cross_hands,True,green,M,M,-1,1.0,False,projects/1/media/chunk_0_dipika.jpeg
1446,side,48.12,48.36,AY1,1443,1451,1444-1451,"['S', 'AY1', 'D']",angry,character1,big_center,cross_hands,True,green,M,M,-1,1.0,False,projects/1/media/chunk_0_dipika.jpeg
1447,side,48.12,48.36,AY1,1443,1451,1444-1451,"['S', 'AY1', 'D']",angry,character1,big_center,cross_hands,True,green,M,M,-1,1.0,False,projects/1/media/chunk_0_dipika.jpeg
1448,side,48.12,48.36,AY1,1443,1451,1444-1451,"['S', 'AY1', 'D']",angry,character1,big_center,cross_hands,True,green,M,M,-1,1.0,False,projects/1/media/chunk_0_dipika.jpeg
1449,side,48.12,48.36,AY1,1443,1451,1444-1451,"['S', 'AY1', 'D']",angry,character1,big_center,cross_hands,True,green,M,M,-1,1.0,False,projects/1/media/chunk_0_dipika.jpeg
1450,side,48.12,48.36,D,1443,1451,1444-1451,"['S', 'AY1', 'D']",angry,character1,big_center,cross_hands,True,green,M,M,-1,1.0,False,projects/1/media/chunk_0_dipika.jpeg
1450,like,48.36,48.58,L,1450,1457,1451-1457,"['L', 'AY1', 'K']",angry,character1,big_center,cross_hands,True,green,M,M,-1,1.0,False,projects/1/media/chunk_0_dipika.jpeg
1451,side,48.12,48.36,D,1443,1451,1444-1451,"['S', 'AY1', 'D']",angry,character1,big_center,cross_hands,True,green,M,M,-1,1.0,False,projects/1/media/chunk_0_dipika.jpeg
1451,like,48.36,48.58,L,1450,1457,1451-1457,"['L', 'AY1', 'K']",angry,character1,big_center,cross_hands,True,green,M,M,-1,1.0,False,projects/1/media/chunk_0_dipika.jpeg
1452,like,48.36,48.58,L,1450,1457,1451-1457,"['L', 'AY1', 'K']",angry,character1,big_center,cross_hands,True,green,M,M,-1,1.0,False,projects/1/media/chunk_0_dipika.jpeg
1453,like,48.36,48.58,AY1,1450,1457,1451-1457,"['L', 'AY1', 'K']",angry,character1,big_center,cross_hands,True,green,M,M,-1,1.0,False,projects/1/media/chunk_0_dipika.jpeg
1454,like,48.36,48.58,AY1,1450,1457,1451-1457,"['L', 'AY1', 'K']",angry,character1,big_center,cross_hands,True,green,M,M,-1,1.0,False,projects/1/media/chunk_0_dipika.jpeg
1455,like,48.36,48.58,AY1,1450,1457,1451-1457,"['L', 'AY1', 'K']",angry,character1,big_center,cross_hands,True,green,M,M,-1,1.0,False,projects/1/media/chunk_0_dipika.jpeg
1456,an,48.58,48.72,AE1,1456,1462,1457-1462,"['AE1', 'N']",angry,character1,big_center,cross_hands,True,green,M,M,-1,1.0,False,projects/1/media/chunk_0_dipika.jpeg
1456,like,48.36,48.58,AY1,1450,1457,1451-1457,"['L', 'AY1', 'K']",angry,character1,big_center,cross_hands,True,green,M,M,-1,1.0,False,projects/1/media/chunk_0_dipika.jpeg
1457,an,48.58,48.72,AE1,1456,1462,1457-1462,"['AE1', 'N']",angry,character1,big_center,cross_hands,True,green,M,M,-1,1.0,False,projects/1/media/chunk_0_dipika.jpeg
1457,like,48.36,48.58,K,1450,1457,1451-1457,"['L', 'AY1', 'K']",angry,character1,big_center,cross_hands,True,green,M,M,-1,1.0,False,projects/1/media/chunk_0_dipika.jpeg
1458,an,48.58,48.72,AE1,1456,1462,1457-1462,"['AE1', 'N']",angry,character1,big_center,cross_hands,True,green,M,M,-1,1.0,False,projects/1/media/chunk_0_dipika.jpeg
1459,an,48.58,48.72,AE1,1456,1462,1457-1462,"['AE1', 'N']",angry,character1,big_center,cross_hands,True,green,M,M,-1,1.0,False,projects/1/media/chunk_0_dipika.jpeg
1460,an,48.58,48.72,N,1456,1462,1457-1462,"['AE1', 'N']",angry,character1,big_center,cross_hands,True,green,M,M,-1,1.0,False,projects/1/media/chunk_0_dipika.jpeg
1461,an,48.58,48.72,N,1456,1462,1457-1462,"['AE1', 'N']",angry,character1,big_center,cross_hands,True,green,M,M,-1,1.0,False,projects/1/media/chunk_0_dipika.jpeg
1461,unnecessary,48.72,49.12,AH0,1461,1474,1462-1474,"['AH0', 'N', 'N', 'EH1', 'S', 'AH0', 'S', 'EH2', 'R', 'IY0']",angry,character1,big_center,cross_hands,True,green,M,M,-1,1.0,False,projects/1/media/chunk_0_dipika.jpeg
1462,an,48.58,48.72,N,1456,1462,1457-1462,"['AE1', 'N']",angry,character1,big_center,cross_hands,True,green,M,M,-1,1.0,False,projects/1/media/chunk_0_dipika.jpeg
1462,unnecessary,48.72,49.12,N,1461,1474,1462-1474,"['AH0', 'N', 'N', 'EH1', 'S', 'AH0', 'S', 'EH2', 'R', 'IY0']",angry,character1,big_center,cross_hands,True,green,M,M,-1,1.0,False,projects/1/media/chunk_0_dipika.jpeg
1463,unnecessary,48.72,49.12,N,1461,1474,1462-1474,"['AH0', 'N', 'N', 'EH1', 'S', 'AH0', 'S', 'EH2', 'R', 'IY0']",angry,character1,big_center,cross_hands,True,green,M,M,-1,1.0,False,projects/1/media/chunk_0_dipika.jpeg
1464,unnecessary,48.72,49.12,EH1,1461,1474,1462-1474,"['AH0', 'N', 'N', 'EH1', 'S', 'AH0', 'S', 'EH2', 'R', 'IY0']",angry,character1,big_center,cross_hands,True,green,M,M,-1,1.0,False,projects/1/media/chunk_0_dipika.jpeg
1465,unnecessary,48.72,49.12,EH1,1461,1474,1462-1474,"['AH0', 'N', 'N', 'EH1', 'S', 'AH0', 'S', 'EH2', 'R', 'IY0']",angry,character1,big_center,cross_hands,True,green,M,M,-1,1.0,False,projects/1/media/chunk_0_dipika.jpeg
1466,unnecessary,48.72,49.12,S,1461,1474,1462-1474,"['AH0', 'N', 'N', 'EH1', 'S', 'AH0', 'S', 'EH2', 'R', 'IY0']",angry,character1,big_center,cross_hands,True,green,M,M,-1,1.0,False,projects/1/media/chunk_0_dipika.jpeg
1467,unnecessary,48.72,49.12,AH0,1461,1474,1462-1474,"['AH0', 'N', 'N', 'EH1', 'S', 'AH0', 'S', 'EH2', 'R', 'IY0']",angry,character1,big_center,cross_hands,True,green,M,M,-1,1.0,False,projects/1/media/chunk_0_dipika.jpeg
1468,unnecessary,48.72,49.12,AH0,1461,1474,1462-1474,"['AH0', 'N', 'N', 'EH1', 'S', 'AH0', 'S', 'EH2', 'R', 'IY0']",angry,character1,big_center,cross_hands,True,green,M,M,0,1.0,False,projects/1/media/chunk_0_dipika.jpeg
1469,unnecessary,48.72,49.12,S,1461,1474,1462-1474,"['AH0', 'N', 'N', 'EH1', 'S', 'AH0', 'S', 'EH2', 'R', 'IY0']",angry,character1,big_center,cross_hands,True,green,M,M,0,1.0,False,projects/1/media/chunk_0_dipika.jpeg
1470,unnecessary,48.72,49.12,EH2,1461,1474,1462-1474,"['AH0', 'N', 'N', 'EH1', 'S', 'AH0', 'S', 'EH2', 'R', 'IY0']",angry,character1,big_center,cross_hands,True,green,M,M,0,1.0,False,projects/1/media/chunk_0_dipika.jpeg
1471,unnecessary,48.72,49.12,EH2,1461,1474,1462-1474,"['AH0', 'N', 'N', 'EH1', 'S', 'AH0', 'S', 'EH2', 'R', 'IY0']",angry,character1,big_center,cross_hands,True,green,M,M,0,1.0,False,projects/1/media/chunk_0_dipika.jpeg
1472,unnecessary,48.72,49.12,R,1461,1474,1462-1474,"['AH0', 'N', 'N', 'EH1', 'S', 'AH0', 'S', 'EH2', 'R', 'IY0']",angry,character1,big_center,cross_hands,True,green,M,M,0,1.0,False,projects/1/media/chunk_0_dipika.jpeg
1473,variable,49.12,49.88,V,1473,1496,1474-1496,"['V', 'EH1', 'R', 'IY0', 'AH0', 'B', 'AH0', 'L']",angry,character1,big_center,cross_hands,True,green,M,M,0,1.0,False,projects/1/media/chunk_0_dipika.jpeg
1473,unnecessary,48.72,49.12,IY0,1461,1474,1462-1474,"['AH0', 'N', 'N', 'EH1', 'S', 'AH0', 'S', 'EH2', 'R', 'IY0']",angry,character1,big_center,cross_hands,True,green,M,M,0,1.0,False,projects/1/media/chunk_0_dipika.jpeg
1474,unnecessary,48.72,49.12,IY0,1461,1474,1462-1474,"['AH0', 'N', 'N', 'EH1', 'S', 'AH0', 'S', 'EH2', 'R', 'IY0']",angry,character1,big_center,cross_hands,True,green,M,M,0,1.0,False,projects/1/media/chunk_0_dipika.jpeg
1474,variable,49.12,49.88,V,1473,1496,1474-1496,"['V', 'EH1', 'R', 'IY0', 'AH0', 'B', 'AH0', 'L']",angry,character1,big_center,cross_hands,True,green,M,M,0,1.0,False,projects/1/media/chunk_0_dipika.jpeg
1475,variable,49.12,49.88,V,1473,1496,1474-1496,"['V', 'EH1', 'R', 'IY0', 'AH0', 'B', 'AH0', 'L']",angry,character1,big_center,cross_hands,True,green,M,M,0,1.0,False,projects/1/media/chunk_0_dipika.jpeg
1476,variable,49.12,49.88,EH1,1473,1496,1474-1496,"['V', 'EH1', 'R', 'IY0', 'AH0', 'B', 'AH0', 'L']",angry,character1,big_center,cross_hands,True,green,M,M,0,1.0,False,projects/1/media/chunk_0_dipika.jpeg
1477,variable,49.12,49.88,EH1,1473,1496,1474-1496,"['V', 'EH1', 'R', 'IY0', 'AH0', 'B', 'AH0', 'L']",angry,character1,big_center,cross_hands,True,green,M,M,0,1.0,False,projects/1/media/chunk_0_dipika.jpeg
1478,variable,49.12,49.88,R,1473,1496,1474-1496,"['V', 'EH1', 'R', 'IY0', 'AH0', 'B', 'AH0', 'L']",angry,character1,big_center,cross_hands,True,green,M,M,0,1.0,False,projects/1/media/chunk_0_dipika.jpeg
1479,variable,49.12,49.88,R,1473,1496,1474-1496,"['V', 'EH1', 'R', 'IY0', 'AH0', 'B', 'AH0', 'L']",angry,character1,big_center,cross_hands,True,green,M,M,0,1.0,False,projects/1/media/chunk_0_dipika.jpeg
1480,variable,49.12,49.88,R,1473,1496,1474-1496,"['V', 'EH1', 'R', 'IY0', 'AH0', 'B', 'AH0', 'L']",angry,character1,big_center,cross_hands,True,green,M,M,0,1.0,False,projects/1/media/chunk_0_dipika.jpeg
1481,variable,49.12,49.88,IY0,1473,1496,1474-1496,"['V', 'EH1', 'R', 'IY0', 'AH0', 'B', 'AH0', 'L']",angry,character1,big_center,cross_hands,True,green,M,M,0,1.0,False,projects/1/media/chunk_0_dipika.jpeg
1482,variable,49.12,49.88,IY0,1473,1496,1474-1496,"['V', 'EH1', 'R', 'IY0', 'AH0', 'B', 'AH0', 'L']",angry,character1,big_center,cross_hands,True,green,M,M,0,1.0,False,projects/1/media/chunk_0_dipika.jpeg
1483,variable,49.12,49.88,IY0,1473,1496,1474-1496,"['V', 'EH1', 'R', 'IY0', 'AH0', 'B', 'AH0', 'L']",angry,character1,big_center,cross_hands,True,green,M,M,0,1.0,False,projects/1/media/chunk_0_dipika.jpeg
1484,variable,49.12,49.88,IY0,1473,1496,1474-1496,"['V', 'EH1', 'R', 'IY0', 'AH0', 'B', 'AH0', 'L']",angry,character1,big_center,cross_hands,True,green,M,M,0,1.0,False,projects/1/media/chunk_0_dipika.jpeg
1485,variable,49.12,49.88,AH0,1473,1496,1474-1496,"['V', 'EH1', 'R', 'IY0', 'AH0', 'B', 'AH0', 'L']",angry,character1,big_center,cross_hands,True,green,M,M,0,1.0,False,projects/1/media/chunk_0_dipika.jpeg
1486,variable,49.12,49.88,AH0,1473,1496,1474-1496,"['V', 'EH1', 'R', 'IY0', 'AH0', 'B', 'AH0', 'L']",angry,character1,big_center,cross_hands,True,green,M,M,0,1.0,False,projects/1/media/chunk_0_dipika.jpeg
1487,variable,49.12,49.88,AH0,1473,1496,1474-1496,"['V', 'EH1', 'R', 'IY0', 'AH0', 'B', 'AH0', 'L']",angry,character1,big_center,cross_hands,True,green,M,M,0,1.0,False,projects/1/media/chunk_0_dipika.jpeg
1488,variable,49.12,49.88,AH0,1473,1496,1474-1496,"['V', 'EH1', 'R', 'IY0', 'AH0', 'B', 'AH0', 'L']",angry,character1,big_center,cross_hands,True,green,M,M,0,1.0,False,projects/1/media/chunk_0_dipika.jpeg
1489,variable,49.12,49.88,B,1473,1496,1474-1496,"['V', 'EH1', 'R', 'IY0', 'AH0', 'B', 'AH0', 'L']",angry,character1,big_center,cross_hands,True,green,M,M,0,1.0,False,projects/1/media/chunk_0_dipika.jpeg
1490,variable,49.12,49.88,AH0,1473,1496,1474-1496,"['V', 'EH1', 'R', 'IY0', 'AH0', 'B', 'AH0', 'L']",angry,character1,big_center,cross_hands,True,green,M,M,0,1.0,False,projects/1/media/chunk_0_dipika.jpeg
1491,variable,49.12,49.88,AH0,1473,1496,1474-1496,"['V', 'EH1', 'R', 'IY0', 'AH0', 'B', 'AH0', 'L']",angry,character1,big_center,cross_hands,True,green,M,M,0,1.0,False,projects/1/media/chunk_0_dipika.jpeg
1492,variable,49.12,49.88,AH0,1473,1496,1474-1496,"['V', 'EH1', 'R', 'IY0', 'AH0', 'B', 'AH0', 'L']",angry,character1,big_center,cross_hands,True,green,M,M,0,1.0,False,projects/1/media/chunk_0_dipika.jpeg
1493,variable,49.12,49.88,AH0,1473,1496,1474-1496,"['V', 'EH1', 'R', 'IY0', 'AH0', 'B', 'AH0', 'L']",angry,character1,big_center,cross_hands,True,green,M,M,0,1.0,False,projects/1/media/chunk_0_dipika.jpeg
1494,variable,49.12,49.88,L,1473,1496,1474-1496,"['V', 'EH1', 'R', 'IY0', 'AH0', 'B', 'AH0', 'L']",angry,character1,big_center,cross_hands,True,green,M,M,0,1.0,False,projects/1/media/chunk_0_dipika.jpeg
1495,variable,49.12,49.88,L,1473,1496,1474-1496,"['V', 'EH1', 'R', 'IY0', 'AH0', 'B', 'AH0', 'L']",angry,character1,big_center,cross_hands,True,green,M,M,0,1.0,False,projects/1/media/chunk_0_dipika.jpeg
1496,variable,49.12,49.88,L,1473,1496,1474-1496,"['V', 'EH1', 'R', 'IY0', 'AH0', 'B', 'AH0', 'L']",angry,character1,big_center,cross_hands,True,green,M,R,0,1.0,False,projects/1/media/chunk_0_dipika.jpeg
1497,variable,49.12,49.88,B,1473,1496,,"['V', 'EH1', 'R', 'IY0', 'AH0', 'B', 'AH0', 'L']",angry,character1,big_center,cross_hands,True,green,M,R,0,1.0,True,projects/1/media/chunk_0_dipika.jpeg
1498,variable,49.12,49.88,B,1473,1496,,"['V', 'EH1', 'R', 'IY0', 'AH0', 'B', 'AH0', 'L']",angry,character1,big_center,cross_hands,True,green,M,R,0,1.0,True,projects/1/media/chunk_0_dipika.jpeg
1499,variable,49.12,49.88,B,1473,1496,,"['V', 'EH1', 'R', 'IY0', 'AH0', 'B', 'AH0', 'L']",angry,character1,big_center,cross_hands,True,green,M,R,0,1.0,True,projects/1/media/chunk_0_dipika.jpeg
1500,variable,49.12,49.88,B,1473,1496,,"['V', 'EH1', 'R', 'IY0', 'AH0', 'B', 'AH0', 'L']",angry,character1,big_center,cross_hands,True,green,M,R,0,1.0,True,projects/1/media/chunk_0_dipika.jpeg
1501,variable,49.12,49.88,B,1473,1496,,"['V', 'EH1', 'R', 'IY0', 'AH0', 'B', 'AH0', 'L']",angry,character1,big_center,cross_hands,True,green,M,R,0,1.0,True,projects/1/media/chunk_0_dipika.jpeg
1502,variable,49.12,49.88,B,1473,1496,,"['V', 'EH1', 'R', 'IY0', 'AH0', 'B', 'AH0', 'L']",angry,character1,big_center,cross_hands,True,green,M,R,0,1.0,False,projects/1/media/chunk_0_dipika.jpeg
1503,variable,49.12,49.88,B,1473,1496,,"['V', 'EH1', 'R', 'IY0', 'AH0', 'B', 'AH0', 'L']",angry,character1,big_center,cross_hands,True,green,M,R,0,1.0,False,projects/1/media/chunk_0_dipika.jpeg
1504,variable,49.12,49.88,B,1473,1496,,"['V', 'EH1', 'R', 'IY0', 'AH0', 'B', 'AH0', 'L']",angry,character1,big_center,cross_hands,True,green,M,R,0,1.0,False,projects/1/media/chunk_0_dipika.jpeg
1505,variable,49.12,49.88,B,1473,1496,,"['V', 'EH1', 'R', 'IY0', 'AH0', 'B', 'AH0', 'L']",angry,character1,big_center,cross_hands,True,green,M,R,0,1.0,False,projects/1/media/chunk_0_dipika.jpeg
1506,variable,49.12,49.88,B,1473,1496,,"['V', 'EH1', 'R', 'IY0', 'AH0', 'B', 'AH0', 'L']",angry,character1,big_center,cross_hands,True,green,M,R,0,1.0,False,projects/1/media/chunk_0_dipika.jpeg
1507,variable,49.12,49.88,B,1473,1496,,"['V', 'EH1', 'R', 'IY0', 'AH0', 'B', 'AH0', 'L']",angry,character1,big_center,cross_hands,True,green,M,R,0,1.0,False,projects/1/media/chunk_0_dipika.jpeg
1508,variable,49.12,49.88,B,1473,1496,,"['V', 'EH1', 'R', 'IY0', 'AH0', 'B', 'AH0', 'L']",angry,character1,big_center,cross_hands,True,green,M,R,0,1.0,False,projects/1/media/chunk_0_dipika.jpeg
1509,variable,49.12,49.88,B,1473,1496,,"['V', 'EH1', 'R', 'IY0', 'AH0', 'B', 'AH0', 'L']",angry,character1,big_center,cross_hands,True,green,M,R,0,1.0,False,projects/1/media/chunk_0_dipika.jpeg
1510,variable,49.12,49.88,B,1473,1496,,"['V', 'EH1', 'R', 'IY0', 'AH0', 'B', 'AH0', 'L']",angry,character1,big_center,cross_hands,True,green,M,R,0,1.0,False,projects/1/media/chunk_0_dipika.jpeg
1511,variable,49.12,49.88,B,1473,1496,,"['V', 'EH1', 'R', 'IY0', 'AH0', 'B', 'AH0', 'L']",angry,character1,big_center,cross_hands,True,green,M,M,0,1.0,False,projects/1/media/chunk_0_dipika.jpeg
1512,variable,49.12,49.88,B,1473,1496,,"['V', 'EH1', 'R', 'IY0', 'AH0', 'B', 'AH0', 'L']",angry,character1,big_center,cross_hands,True,green,M,M,0,1.0,False,projects/1/media/chunk_0_dipika.jpeg
1513,variable,49.12,49.88,B,1473,1496,,"['V', 'EH1', 'R', 'IY0', 'AH0', 'B', 'AH0', 'L']",angry,character1,big_center,cross_hands,True,green,M,M,0,1.0,False,projects/1/media/chunk_0_dipika.jpeg
1514,variable,49.12,49.88,B,1473,1496,,"['V', 'EH1', 'R', 'IY0', 'AH0', 'B', 'AH0', 'L']",angry,character1,big_center,cross_hands,True,green,M,M,0,1.0,False,projects/1/media/chunk_0_dipika.jpeg
1515,variable,49.12,49.88,B,1473,1496,,"['V', 'EH1', 'R', 'IY0', 'AH0', 'B', 'AH0', 'L']",angry,character1,big_center,cross_hands,True,green,M,M,0,1.0,False,projects/1/media/chunk_0_dipika.jpeg
1516,variable,49.12,49.88,B,1473,1496,,"['V', 'EH1', 'R', 'IY0', 'AH0', 'B', 'AH0', 'L']",angry,character1,big_center,cross_hands,True,green,M,M,0,1.0,False,projects/1/media/chunk_0_dipika.jpeg
1517,variable,49.12,49.88,B,1473,1496,,"['V', 'EH1', 'R', 'IY0', 'AH0', 'B', 'AH0', 'L']",angry,character1,big_center,cross_hands,True,green,M,M,0,1.0,False,projects/1/media/chunk_0_dipika.jpeg
1518,variable,49.12,49.88,B,1473,1496,,"['V', 'EH1', 'R', 'IY0', 'AH0', 'B', 'AH0', 'L']",angry,character1,big_center,cross_hands,True,green,M,M,0,1.0,False,projects/1/media/chunk_0_dipika.jpeg
1519,variable,49.12,49.88,B,1473,1496,,"['V', 'EH1', 'R', 'IY0', 'AH0', 'B', 'AH0', 'L']",angry,character1,big_center,cross_hands,True,green,M,M,0,1.0,False,projects/1/media/chunk_0_dipika.jpeg
1520,variable,49.12,49.88,B,1473,1496,,"['V', 'EH1', 'R', 'IY0', 'AH0', 'B', 'AH0', 'L']",angry,character1,big_center,cross_hands,True,green,M,M,0,1.0,False,projects/1/media/chunk_0_dipika.jpeg
1521,variable,49.12,49.88,B,1473,1496,,"['V', 'EH1', 'R', 'IY0', 'AH0', 'B', 'AH0', 'L']",angry,character1,big_center,cross_hands,True,green,M,M,0,1.0,False,projects/1/media/chunk_0_dipika.jpeg
1522,variable,49.12,49.88,B,1473,1496,,"['V', 'EH1', 'R', 'IY0', 'AH0', 'B', 'AH0', 'L']",angry,character1,big_center,cross_hands,True,green,M,M,0,1.0,False,projects/1/media/chunk_0_dipika.jpeg
1523,variable,49.12,49.88,B,1473,1496,,"['V', 'EH1', 'R', 'IY0', 'AH0', 'B', 'AH0', 'L']",angry,character1,big_center,cross_hands,True,green,M,M,0,1.0,False,projects/1/media/chunk_0_dipika.jpeg
1524,variable,49.12,49.88,B,1473,1496,,"['V', 'EH1', 'R', 'IY0', 'AH0', 'B', 'AH0', 'L']",angry,character1,big_center,cross_hands,True,green,M,M,0,1.0,False,projects/1/media/chunk_0_dipika.jpeg
1525,variable,49.12,49.88,B,1473,1496,,"['V', 'EH1', 'R', 'IY0', 'AH0', 'B', 'AH0', 'L']",angry,character1,big_center,cross_hands,True,green,M,M,0,1.0,False,projects/1/media/chunk_0_dipika.jpeg
1526,variable,49.12,49.88,B,1473,1496,,"['V', 'EH1', 'R', 'IY0', 'AH0', 'B', 'AH0', 'L']",angry,character1,big_center,cross_hands,True,green,M,M,0,1.0,False,projects/1/media/chunk_0_dipika.jpeg
1527,variable,49.12,49.88,B,1473,1496,,"['V', 'EH1', 'R', 'IY0', 'AH0', 'B', 'AH0', 'L']",angry,character1,big_center,cross_hands,True,green,M,M,0,1.0,False,projects/1/media/chunk_0_dipika.jpeg
1528,variable,49.12,49.88,B,1473,1496,,"['V', 'EH1', 'R', 'IY0', 'AH0', 'B', 'AH0', 'L']",angry,character1,big_center,cross_hands,True,green,M,M,0,1.0,False,projects/1/media/chunk_0_dipika.jpeg
1529,variable,49.12,49.88,B,1473,1496,,"['V', 'EH1', 'R', 'IY0', 'AH0', 'B', 'AH0', 'L']",angry,character1,big_center,cross_hands,True,green,M,M,0,1.0,False,projects/1/media/chunk_0_dipika.jpeg
1530,variable,49.12,49.88,B,1473,1496,,"['V', 'EH1', 'R', 'IY0', 'AH0', 'B', 'AH0', 'L']",angry,character1,big_center,cross_hands,True,green,M,M,0,1.0,False,projects/1/media/chunk_0_dipika.jpeg
1531,variable,49.12,49.88,B,1473,1496,,"['V', 'EH1', 'R', 'IY0', 'AH0', 'B', 'AH0', 'L']",angry,character1,big_center,cross_hands,True,green,M,M,0,1.0,False,projects/1/media/chunk_0_dipika.jpeg
1532,variable,49.12,49.88,B,1473,1496,,"['V', 'EH1', 'R', 'IY0', 'AH0', 'B', 'AH0', 'L']",angry,character1,big_center,cross_hands,True,green,M,M,0,1.0,False,projects/1/media/chunk_0_dipika.jpeg
1533,Dude!,51.1,51.24,D,1533,1537,1533-1537,"['D', 'UW1', 'D']",angry,character1,big_center,cross_hands,True,green,M,M,0,1.0,False,projects/1/media/chunk_0_dipika.jpeg
1534,Dude!,51.1,51.24,UW1,1533,1537,1533-1537,"['D', 'UW1', 'D']",angry,character1,big_center,cross_hands,True,green,M,M,0,1.0,False,projects/1/media/chunk_0_dipika.jpeg
1535,Dude!,51.1,51.24,UW1,1533,1537,1533-1537,"['D', 'UW1', 'D']",angry,character1,big_center,cross_hands,True,green,M,M,0,1.0,False,projects/1/media/chunk_0_dipika.jpeg
1536,Dude!,51.1,51.24,UW1,1533,1537,1533-1537,"['D', 'UW1', 'D']",angry,character1,big_center,cross_hands,True,green,M,M,0,1.0,False,projects/1/media/chunk_0_dipika.jpeg
1537,Dude!,51.1,51.24,D,1533,1537,1533-1537,"['D', 'UW1', 'D']",angry,character1,big_center,cross_hands,True,green,M,M,0,1.0,False,projects/1/media/chunk_0_dipika.jpeg
1538,Dude!,51.1,51.24,B,1533,1537,,"['D', 'UW1', 'D']",angry,character1,big_center,cross_hands,True,green,M,M,0,1.0,False,projects/1/media/chunk_0_dipika.jpeg
1539,Dude!,51.1,51.24,B,1533,1537,,"['D', 'UW1', 'D']",angry,character1,big_center,cross_hands,True,green,M,M,0,1.0,False,projects/1/media/chunk_0_dipika.jpeg
1540,Dude!,51.1,51.24,B,1533,1537,,"['D', 'UW1', 'D']",angry,character1,big_center,cross_hands,True,green,M,M,0,1.0,False,projects/1/media/chunk_0_dipika.jpeg
1541,Dude!,51.1,51.24,B,1533,1537,,"['D', 'UW1', 'D']",angry,character1,big_center,cross_hands,True,green,M,M,0,1.0,False,projects/1/media/chunk_0_dipika.jpeg
1542,Dude!,51.1,51.24,B,1533,1537,,"['D', 'UW1', 'D']",angry,character1,big_center,cross_hands,True,green,M,M,0,1.0,False,projects/1/media/chunk_0_dipika.jpeg
1543,Dude!,51.1,51.24,B,1533,1537,,"['D', 'UW1', 'D']",angry,character1,big_center,cross_hands,True,green,M,M,0,1.0,False,projects/1/media/chunk_0_dipika.jpeg
1544,Dude!,51.1,51.24,B,1533,1537,,"['D', 'UW1', 'D']",angry,character1,big_center,cross_hands,True,green,M,M,0,1.0,False,projects/1/media/chunk_0_dipika.jpeg
1545,A,51.5,52.52,AH0,1545,1576,1545-1576,['AH0'],angry,character1,big_center,cross_hands,True,green,M,M,0,1.0,False,projects/1/media/chunk_0_dipika.jpeg
1546,A,51.5,52.52,AH0,1545,1576,1545-1576,['AH0'],angry,character1,big_center,cross_hands,True,green,M,M,0,1.0,False,projects/1/media/chunk_0_dipika.jpeg
1547,A,51.5,52.52,AH0,1545,1576,1545-1576,['AH0'],angry,character1,big_center,cross_hands,True,green,M,M,0,1.0,False,projects/1/media/chunk_0_dipika.jpeg
1548,A,51.5,52.52,AH0,1545,1576,1545-1576,['AH0'],angry,character1,big_center,cross_hands,True,green,M,M,0,1.0,False,projects/1/media/chunk_0_dipika.jpeg
1549,A,51.5,52.52,AH0,1545,1576,1545-1576,['AH0'],angry,character1,big_center,cross_hands,True,green,M,M,0,1.0,False,projects/1/media/chunk_0_dipika.jpeg
1550,A,51.5,52.52,AH0,1545,1576,1545-1576,['AH0'],angry,character1,big_center,cross_hands,True,green,M,M,0,1.0,False,projects/1/media/chunk_0_dipika.jpeg
1551,A,51.5,52.52,AH0,1545,1576,1545-1576,['AH0'],angry,character1,big_center,cross_hands,True,green,M,M,0,1.0,False,projects/1/media/chunk_0_dipika.jpeg
1552,A,51.5,52.52,AH0,1545,1576,1545-1576,['AH0'],angry,character1,big_center,cross_hands,True,green,M,M,0,1.0,False,projects/1/media/chunk_0_dipika.jpeg
1553,A,51.5,52.52,AH0,1545,1576,1545-1576,['AH0'],angry,character1,big_center,cross_hands,True,green,M,M,0,1.0,False,projects/1/media/chunk_0_dipika.jpeg
1554,A,51.5,52.52,AH0,1545,1576,1545-1576,['AH0'],angry,character1,big_center,cross_hands,True,green,M,M,0,1.0,False,projects/1/media/chunk_0_dipika.jpeg
1555,A,51.5,52.52,AH0,1545,1576,1545-1576,['AH0'],angry,character1,big_center,cross_hands,True,green,M,M,0,1.0,False,projects/1/media/chunk_0_dipika.jpeg
1556,A,51.5,52.52,AH0,1545,1576,1545-1576,['AH0'],angry,character1,big_center,cross_hands,True,green,M,M,0,1.0,False,projects/1/media/chunk_0_dipika.jpeg
1557,A,51.5,52.52,AH0,1545,1576,1545-1576,['AH0'],angry,character1,big_center,cross_hands,True,green,M,M,0,1.0,False,projects/1/media/chunk_0_dipika.jpeg
1558,A,51.5,52.52,AH0,1545,1576,1545-1576,['AH0'],angry,character1,big_center,cross_hands,True,green,M,M,0,1.0,False,projects/1/media/chunk_0_dipika.jpeg
1559,A,51.5,52.52,AH0,1545,1576,1545-1576,['AH0'],angry,character1,big_center,cross_hands,True,green,M,M,0,1.0,False,projects/1/media/chunk_0_dipika.jpeg
1560,A,51.5,52.52,AH0,1545,1576,1545-1576,['AH0'],angry,character1,big_center,cross_hands,True,green,M,M,0,1.0,False,projects/1/media/chunk_0_dipika.jpeg
1561,A,51.5,52.52,AH0,1545,1576,1545-1576,['AH0'],angry,character1,big_center,cross_hands,True,green,M,M,0,1.0,False,projects/1/media/chunk_0_dipika.jpeg
1562,A,51.5,52.52,AH0,1545,1576,1545-1576,['AH0'],angry,character1,big_center,cross_hands,True,green,M,M,0,1.0,False,projects/1/media/chunk_0_dipika.jpeg
1563,A,51.5,52.52,AH0,1545,1576,1545-1576,['AH0'],angry,character1,big_center,cross_hands,True,green,M,M,0,1.0,False,projects/1/media/chunk_0_dipika.jpeg
1564,A,51.5,52.52,AH0,1545,1576,1545-1576,['AH0'],angry,character1,big_center,cross_hands,True,green,M,M,0,1.0,False,projects/1/media/chunk_0_dipika.jpeg
1565,A,51.5,52.52,AH0,1545,1576,1545-1576,['AH0'],angry,character1,big_center,cross_hands,True,green,M,M,0,1.0,False,projects/1/media/chunk_0_dipika.jpeg
1566,A,51.5,52.52,AH0,1545,1576,1545-1576,['AH0'],angry,character1,big_center,cross_hands,True,green,M,M,0,1.0,False,projects/1/media/chunk_0_dipika.jpeg
1567,A,51.5,52.52,AH0,1545,1576,1545-1576,['AH0'],angry,character1,big_center,cross_hands,True,green,M,M,0,1.0,False,projects/1/media/chunk_0_dipika.jpeg
1568,A,51.5,52.52,AH0,1545,1576,1545-1576,['AH0'],angry,character1,big_center,cross_hands,True,green,M,M,0,1.0,False,projects/1/media/chunk_0_dipika.jpeg
1569,A,51.5,52.52,AH0,1545,1576,1545-1576,['AH0'],angry,character1,big_center,cross_hands,True,green,M,M,0,1.0,False,projects/1/media/chunk_0_dipika.jpeg
1570,A,51.5,52.52,AH0,1545,1576,1545-1576,['AH0'],angry,character1,big_center,cross_hands,True,green,M,M,0,1.0,False,projects/1/media/chunk_0_dipika.jpeg
1571,A,51.5,52.52,AH0,1545,1576,1545-1576,['AH0'],angry,character1,big_center,cross_hands,True,green,M,M,0,1.0,False,projects/1/media/chunk_0_dipika.jpeg
1572,A,51.5,52.52,AH0,1545,1576,1545-1576,['AH0'],angry,character1,big_center,cross_hands,True,green,M,M,0,1.0,False,projects/1/media/chunk_0_dipika.jpeg
1573,A,51.5,52.52,AH0,1545,1576,1545-1576,['AH0'],angry,character1,big_center,cross_hands,True,green,M,M,0,1.0,False,projects/1/media/chunk_0_dipika.jpeg
1574,A,51.5,52.52,AH0,1545,1576,1545-1576,['AH0'],angry,character1,big_center,cross_hands,True,green,M,M,0,1.0,False,projects/1/media/chunk_0_dipika.jpeg
1575,potato?,52.52,52.9,P,1575,1587,1576-1587,"['P', 'AH0', 'T', 'EY1', 'T', 'OW2']",angry,character1,big_center,cross_hands,True,green,M,M,0,1.0,False,projects/1/media/chunk_0_dipika.jpeg
1575,A,51.5,52.52,AH0,1545,1576,1545-1576,['AH0'],angry,character1,big_center,cross_hands,True,green,M,L,0,1.0,False,projects/1/media/chunk_0_dipika.jpeg
1576,A,51.5,52.52,AH0,1545,1576,1545-1576,['AH0'],angry,character1,big_center,cross_hands,True,green,M,L,0,1.0,False,projects/1/media/chunk_0_dipika.jpeg
1576,potato?,52.52,52.9,AH0,1575,1587,1576-1587,"['P', 'AH0', 'T', 'EY1', 'T', 'OW2']",angry,character1,big_center,cross_hands,True,green,M,L,0,1.0,False,projects/1/media/chunk_0_dipika.jpeg
1577,potato?,52.52,52.9,AH0,1575,1587,1576-1587,"['P', 'AH0', 'T', 'EY1', 'T', 'OW2']",angry,character1,big_center,cross_hands,True,green,M,L,0,1.0,False,projects/1/media/chunk_0_dipika.jpeg
1578,potato?,52.52,52.9,AH0,1575,1587,1576-1587,"['P', 'AH0', 'T', 'EY1', 'T', 'OW2']",angry,character1,big_center,cross_hands,True,green,M,L,0,1.0,False,projects/1/media/chunk_0_dipika.jpeg
1579,potato?,52.52,52.9,AH0,1575,1587,1576-1587,"['P', 'AH0', 'T', 'EY1', 'T', 'OW2']",angry,character1,big_center,cross_hands,True,green,M,L,0,1.0,False,projects/1/media/chunk_0_dipika.jpeg
1580,potato?,52.52,52.9,T,1575,1587,1576-1587,"['P', 'AH0', 'T', 'EY1', 'T', 'OW2']",angry,character1,big_center,cross_hands,True,green,M,L,0,1.0,False,projects/1/media/chunk_0_dipika.jpeg
1581,potato?,52.52,52.9,EY1,1575,1587,1576-1587,"['P', 'AH0', 'T', 'EY1', 'T', 'OW2']",angry,character1,big_center,cross_hands,True,green,M,L,0,1.0,False,projects/1/media/chunk_0_dipika.jpeg
1582,potato?,52.52,52.9,EY1,1575,1587,1576-1587,"['P', 'AH0', 'T', 'EY1', 'T', 'OW2']",angry,character1,big_center,cross_hands,True,green,M,L,0,1.0,False,projects/1/media/chunk_0_dipika.jpeg
1583,potato?,52.52,52.9,EY1,1575,1587,1576-1587,"['P', 'AH0', 'T', 'EY1', 'T', 'OW2']",angry,character1,big_center,cross_hands,True,green,M,L,0,1.0,False,projects/1/media/chunk_0_dipika.jpeg
1584,potato?,52.52,52.9,T,1575,1587,1576-1587,"['P', 'AH0', 'T', 'EY1', 'T', 'OW2']",angry,character1,big_center,cross_hands,True,green,M,L,0,1.0,False,projects/1/media/chunk_0_dipika.jpeg
1585,potato?,52.52,52.9,OW2,1575,1587,1576-1587,"['P', 'AH0', 'T', 'EY1', 'T', 'OW2']",angry,character1,big_center,cross_hands,True,green,M,L,0,1.0,False,projects/1/media/chunk_0_dipika.jpeg
1586,potato?,52.52,52.9,OW2,1575,1587,1576-1587,"['P', 'AH0', 'T', 'EY1', 'T', 'OW2']",angry,character1,big_center,cross_hands,True,green,M,L,0,1.0,False,projects/1/media/chunk_0_dipika.jpeg
1587,potato?,52.52,52.9,OW2,1575,1587,1576-1587,"['P', 'AH0', 'T', 'EY1', 'T', 'OW2']",angry,character1,big_center,cross_hands,True,green,M,L,0,1.0,False,projects/1/media/chunk_0_dipika.jpeg
1588,potato?,52.52,52.9,B,1575,1587,,"['P', 'AH0', 'T', 'EY1', 'T', 'OW2']",angry,character1,big_center,cross_hands,True,green,M,L,0,1.0,False,projects/1/media/chunk_0_dipika.jpeg
1589,potato?,52.52,52.9,B,1575,1587,,"['P', 'AH0', 'T', 'EY1', 'T', 'OW2']",angry,character1,big_center,cross_hands,True,green,M,M,0,1.0,False,projects/1/media/chunk_0_dipika.jpeg
1590,potato?,52.52,52.9,B,1575,1587,,"['P', 'AH0', 'T', 'EY1', 'T', 'OW2']",angry,character1,big_center,cross_hands,True,green,M,M,0,1.0,False,projects/1/media/chunk_0_dipika.jpeg
1591,potato?,52.52,52.9,B,1575,1587,,"['P', 'AH0', 'T', 'EY1', 'T', 'OW2']",angry,character1,big_center,cross_hands,True,green,M,M,0,1.0,False,projects/1/media/chunk_0_dipika.jpeg
1592,potato?,52.52,52.9,B,1575,1587,,"['P', 'AH0', 'T', 'EY1', 'T', 'OW2']",angry,character1,big_center,cross_hands,True,green,M,M,0,1.0,False,projects/1/media/chunk_0_dipika.jpeg
1593,potato?,52.52,52.9,B,1575,1587,,"['P', 'AH0', 'T', 'EY1', 'T', 'OW2']",angry,character1,big_center,cross_hands,True,green,M,M,0,1.0,False,projects/1/media/chunk_0_dipika.jpeg
1594,Really?,53.14,54.4,R,1594,1632,1594-1632,"['R', 'IH1', 'L', 'IY0']",angry,character1,big_center,cross_hands,True,green,M,M,0,1.0,False,projects/1/media/chunk_0_dipika.jpeg
1595,Really?,53.14,54.4,R,1594,1632,1594-1632,"['R', 'IH1', 'L', 'IY0']",angry,character1,big_center,cross_hands,True,green,M,M,0,1.0,False,projects/1/media/chunk_0_dipika.jpeg
1596,Really?,53.14,54.4,R,1594,1632,1594-1632,"['R', 'IH1', 'L', 'IY0']",angry,character1,big_center,cross_hands,True,green,M,M,0,1.0,False,projects/1/media/chunk_0_dipika.jpeg
1597,Really?,53.14,54.4,R,1594,1632,1594-1632,"['R', 'IH1', 'L', 'IY0']",angry,character1,big_center,cross_hands,True,green,M,M,0,1.0,False,projects/1/media/chunk_0_dipika.jpeg
1598,Really?,53.14,54.4,R,1594,1632,1594-1632,"['R', 'IH1', 'L', 'IY0']",angry,character1,big_center,cross_hands,True,green,M,M,0,1.0,False,projects/1/media/chunk_0_dipika.jpeg
1599,Really?,53.14,54.4,R,1594,1632,1594-1632,"['R', 'IH1', 'L', 'IY0']",angry,character1,big_center,cross_hands,True,green,M,M,0,1.0,False,projects/1/media/chunk_0_dipika.jpeg
1600,Really?,53.14,54.4,R,1594,1632,1594-1632,"['R', 'IH1', 'L', 'IY0']",angry,character1,big_center,cross_hands,True,green,M,M,0,1.0,False,projects/1/media/chunk_0_dipika.jpeg
1601,Really?,53.14,54.4,R,1594,1632,1594-1632,"['R', 'IH1', 'L', 'IY0']",angry,character1,big_center,cross_hands,True,green,M,M,0,1.0,False,projects/1/media/chunk_0_dipika.jpeg
1602,Really?,53.14,54.4,IH1,1594,1632,1594-1632,"['R', 'IH1', 'L', 'IY0']",angry,character1,big_center,cross_hands,True,green,M,M,0,1.0,False,projects/1/media/chunk_0_dipika.jpeg
1603,Really?,53.14,54.4,IH1,1594,1632,1594-1632,"['R', 'IH1', 'L', 'IY0']",angry,character1,big_center,cross_hands,True,green,M,M,0,1.0,False,projects/1/media/chunk_0_dipika.jpeg
1604,Really?,53.14,54.4,IH1,1594,1632,1594-1632,"['R', 'IH1', 'L', 'IY0']",angry,character1,big_center,cross_hands,True,green,M,M,0,1.0,False,projects/1/media/chunk_0_dipika.jpeg
1605,Really?,53.14,54.4,IH1,1594,1632,1594-1632,"['R', 'IH1', 'L', 'IY0']",angry,character1,big_center,cross_hands,True,green,M,M,0,1.0,False,projects/1/media/chunk_0_dipika.jpeg
1606,Really?,53.14,54.4,IH1,1594,1632,1594-1632,"['R', 'IH1', 'L', 'IY0']",angry,character1,big_center,cross_hands,True,green,M,M,0,1.0,False,projects/1/media/chunk_0_dipika.jpeg
1607,Really?,53.14,54.4,IH1,1594,1632,1594-1632,"['R', 'IH1', 'L', 'IY0']",angry,character1,big_center,cross_hands,True,green,M,M,0,1.0,False,projects/1/media/chunk_0_dipika.jpeg
1608,Really?,53.14,54.4,IH1,1594,1632,1594-1632,"['R', 'IH1', 'L', 'IY0']",angry,character1,big_center,cross_hands,True,green,R,R,0,1.0,False,projects/1/media/chunk_0_dipika.jpeg
1609,Really?,53.14,54.4,IH1,1594,1632,1594-1632,"['R', 'IH1', 'L', 'IY0']",angry,character1,big_center,cross_hands,True,green,R,R,0,1.0,False,projects/1/media/chunk_0_dipika.jpeg
1610,Really?,53.14,54.4,IH1,1594,1632,1594-1632,"['R', 'IH1', 'L', 'IY0']",angry,character1,big_center,cross_hands,True,green,R,R,0,1.0,False,projects/1/media/chunk_0_dipika.jpeg
1611,Really?,53.14,54.4,IH1,1594,1632,1594-1632,"['R', 'IH1', 'L', 'IY0']",angry,character1,big_center,cross_hands,True,green,R,R,0,1.0,False,projects/1/media/chunk_0_dipika.jpeg
1612,Really?,53.14,54.4,IH1,1594,1632,1594-1632,"['R', 'IH1', 'L', 'IY0']",angry,character1,big_center,cross_hands,True,green,R,R,0,1.0,False,projects/1/media/chunk_0_dipika.jpeg
1613,Really?,53.14,54.4,L,1594,1632,1594-1632,"['R', 'IH1', 'L', 'IY0']",angry,character1,big_center,cross_hands,True,green,R,R,0,1.0,False,projects/1/media/chunk_0_dipika.jpeg
1614,Really?,53.14,54.4,L,1594,1632,1594-1632,"['R', 'IH1', 'L', 'IY0']",angry,character1,big_center,cross_hands,True,green,R,R,0,1.0,False,projects/1/media/chunk_0_dipika.jpeg
1615,Really?,53.14,54.4,L,1594,1632,1594-1632,"['R', 'IH1', 'L', 'IY0']",angry,character1,big_center,cross_hands,True,green,R,R,0,1.0,False,projects/1/media/chunk_0_dipika.jpeg
1616,Really?,53.14,54.4,L,1594,1632,1594-1632,"['R', 'IH1', 'L', 'IY0']",angry,character1,big_center,cross_hands,True,green,R,R,0,1.0,False,projects/1/media/chunk_0_dipika.jpeg
1617,Really?,53.14,54.4,L,1594,1632,1594-1632,"['R', 'IH1', 'L', 'IY0']",angry,character1,big_center,cross_hands,True,green,R,R,0,1.0,False,projects/1/media/chunk_0_dipika.jpeg
1618,Really?,53.14,54.4,L,1594,1632,1594-1632,"['R', 'IH1', 'L', 'IY0']",angry,character1,big_center,cross_hands,True,green,R,R,0,1.0,False,projects/1/media/chunk_0_dipika.jpeg
1619,Really?,53.14,54.4,L,1594,1632,1594-1632,"['R', 'IH1', 'L', 'IY0']",angry,character1,big_center,cross_hands,True,green,R,R,0,1.0,False,projects/1/media/chunk_0_dipika.jpeg
1620,Really?,53.14,54.4,L,1594,1632,1594-1632,"['R', 'IH1', 'L', 'IY0']",angry,character1,big_center,cross_hands,True,green,R,R,0,1.0,False,projects/1/media/chunk_0_dipika.jpeg
1621,Really?,53.14,54.4,IY0,1594,1632,1594-1632,"['R', 'IH1', 'L', 'IY0']",angry,character1,big_center,cross_hands,True,green,R,R,0,1.0,False,projects/1/media/chunk_0_dipika.jpeg
1622,Really?,53.14,54.4,IY0,1594,1632,1594-1632,"['R', 'IH1', 'L', 'IY0']",angry,character1,big_center,cross_hands,True,green,R,R,0,1.0,False,projects/1/media/chunk_0_dipika.jpeg
1623,Really?,53.14,54.4,IY0,1594,1632,1594-1632,"['R', 'IH1', 'L', 'IY0']",angry,character1,big_center,cross_hands,True,green,R,R,0,1.0,False,projects/1/media/chunk_0_dipika.jpeg
1624,Really?,53.14,54.4,IY0,1594,1632,1594-1632,"['R', 'IH1', 'L', 'IY0']",angry,character1,big_center,cross_hands,True,green,R,R,0,1.0,False,projects/1/media/chunk_0_dipika.jpeg
1625,Really?,53.14,54.4,IY0,1594,1632,1594-1632,"['R', 'IH1', 'L', 'IY0']",angry,character1,big_center,cross_hands,True,green,R,R,0,1.0,False,projects/1/media/chunk_0_dipika.jpeg
1626,Really?,53.14,54.4,IY0,1594,1632,1594-1632,"['R', 'IH1', 'L', 'IY0']",angry,character1,big_center,cross_hands,True,green,R,R,0,1.0,False,projects/1/media/chunk_0_dipika.jpeg
1627,Really?,53.14,54.4,IY0,1594,1632,1594-1632,"['R', 'IH1', 'L', 'IY0']",angry,character1,big_center,cross_hands,True,green,R,R,0,1.0,False,projects/1/media/chunk_0_dipika.jpeg
1628,Really?,53.14,54.4,IY0,1594,1632,1594-1632,"['R', 'IH1', 'L', 'IY0']",angry,character1,big_center,cross_hands,True,green,R,R,0,1.0,False,projects/1/media/chunk_0_dipika.jpeg
1629,Really?,53.14,54.4,IY0,1594,1632,1594-1632,"['R', 'IH1', 'L', 'IY0']",angry,character1,big_center,cross_hands,True,green,R,R,0,1.0,False,projects/1/media/chunk_0_dipika.jpeg
1630,Really?,53.14,54.4,IY0,1594,1632,1594-1632,"['R', 'IH1', 'L', 'IY0']",angry,character1,big_center,cross_hands,True,green,R,R,0,1.0,False,projects/1/media/chunk_0_dipika.jpeg
1631,Really?,53.14,54.4,IY0,1594,1632,1594-1632,"['R', 'IH1', 'L', 'IY0']",angry,character1,big_center,cross_hands,True,green,R,R,0,1.0,False,projects/1/media/chunk_0_dipika.jpeg
1632,Really?,53.14,54.4,IY0,1594,1632,1594-1632,"['R', 'IH1', 'L', 'IY0']",angry,character1,big_center,cross_hands,True,green,R,R,0,1.0,False,projects/1/media/chunk_0_dipika.jpeg
1633,Really?,53.14,54.4,IY0,1594,1632,,"['R', 'IH1', 'L', 'IY0']",angry,character1,big_center,cross_hands,True,green,R,R,0,1.0,False,projects/1/media/chunk_0_dipika.jpeg
1634,Really?,53.14,54.4,IY0,1594,1632,,"['R', 'IH1', 'L', 'IY0']",angry,character1,big_center,cross_hands,True,green,R,R,0,1.0,False,projects/1/media/chunk_0_dipika.jpeg
1635,this,54.5,55.62,DH,1635,1669,1635-1669,"['DH', 'IH1', 'S']",angry,character1,big_center,cross_hands,True,green,R,R,0,1.0,False,projects/1/media/chunk_0_dipika.jpeg
1636,this,54.5,55.62,DH,1635,1669,1635-1669,"['DH', 'IH1', 'S']",angry,character1,big_center,cross_hands,True,green,R,R,0,1.0,False,projects/1/media/chunk_0_dipika.jpeg
1637,this,54.5,55.62,DH,1635,1669,1635-1669,"['DH', 'IH1', 'S']",angry,character1,big_center,cross_hands,True,green,R,R,0,1.0,False,projects/1/media/chunk_0_dipika.jpeg
1638,this,54.5,55.62,DH,1635,1669,1635-1669,"['DH', 'IH1', 'S']",angry,character1,big_center,cross_hands,True,green,R,R,0,1.0,False,projects/1/media/chunk_0_dipika.jpeg
1639,this,54.5,55.62,DH,1635,1669,1635-1669,"['DH', 'IH1', 'S']",angry,character1,big_center,cross_hands,True,green,R,R,0,1.0,False,projects/1/media/chunk_0_dipika.jpeg
1640,this,54.5,55.62,DH,1635,1669,1635-1669,"['DH', 'IH1', 'S']",angry,character1,big_center,cross_hands,True,green,R,R,0,1.0,False,projects/1/media/chunk_0_dipika.jpeg
1641,this,54.5,55.62,DH,1635,1669,1635-1669,"['DH', 'IH1', 'S']",angry,character1,big_center,cross_hands,True,green,R,R,0,1.0,False,projects/1/media/chunk_0_dipika.jpeg
1642,this,54.5,55.62,DH,1635,1669,1635-1669,"['DH', 'IH1', 'S']",angry,character1,big_center,cross_hands,True,green,R,R,0,1.0,False,projects/1/media/chunk_0_dipika.jpeg
1643,this,54.5,55.62,DH,1635,1669,1635-1669,"['DH', 'IH1', 'S']",angry,character1,big_center,cross_hands,True,green,R,R,0,1.0,False,projects/1/media/chunk_0_dipika.jpeg
1644,this,54.5,55.62,DH,1635,1669,1635-1669,"['DH', 'IH1', 'S']",angry,character1,big_center,cross_hands,True,green,R,R,0,1.0,False,projects/1/media/chunk_0_dipika.jpeg
1645,this,54.5,55.62,IH1,1635,1669,1635-1669,"['DH', 'IH1', 'S']",angry,character1,big_center,cross_hands,True,green,R,R,0,1.0,False,projects/1/media/chunk_0_dipika.jpeg
1646,this,54.5,55.62,IH1,1635,1669,1635-1669,"['DH', 'IH1', 'S']",angry,character1,big_center,cross_hands,True,green,R,R,0,1.0,False,projects/1/media/chunk_0_dipika.jpeg
1647,this,54.5,55.62,IH1,1635,1669,1635-1669,"['DH', 'IH1', 'S']",angry,character1,big_center,cross_hands,True,green,R,R,0,1.0,False,projects/1/media/chunk_0_dipika.jpeg
1648,this,54.5,55.62,IH1,1635,1669,1635-1669,"['DH', 'IH1', 'S']",angry,character1,big_center,cross_hands,True,green,R,R,0,1.0,False,projects/1/media/chunk_0_dipika.jpeg
1649,this,54.5,55.62,IH1,1635,1669,1635-1669,"['DH', 'IH1', 'S']",angry,character1,big_center,cross_hands,True,green,R,R,0,1.0,False,projects/1/media/chunk_0_dipika.jpeg
1650,this,54.5,55.62,IH1,1635,1669,1635-1669,"['DH', 'IH1', 'S']",angry,character1,big_center,cross_hands,True,green,R,R,0,1.0,False,projects/1/media/chunk_0_dipika.jpeg
1651,this,54.5,55.62,IH1,1635,1669,1635-1669,"['DH', 'IH1', 'S']",angry,character1,big_center,cross_hands,True,green,R,R,0,1.0,False,projects/1/media/chunk_0_dipika.jpeg
1652,this,54.5,55.62,IH1,1635,1669,1635-1669,"['DH', 'IH1', 'S']",angry,character1,big_center,cross_hands,True,green,R,R,0,1.0,False,projects/1/media/chunk_0_dipika.jpeg
1653,this,54.5,55.62,IH1,1635,1669,1635-1669,"['DH', 'IH1', 'S']",angry,character1,big_center,cross_hands,True,green,R,R,0,1.0,False,projects/1/media/chunk_0_dipika.jpeg
1654,this,54.5,55.62,IH1,1635,1669,1635-1669,"['DH', 'IH1', 'S']",angry,character1,big_center,cross_hands,True,green,R,R,0,1.0,False,projects/1/media/chunk_0_dipika.jpeg
1655,this,54.5,55.62,IH1,1635,1669,1635-1669,"['DH', 'IH1', 'S']",angry,character1,big_center,cross_hands,True,green,R,R,0,1.0,False,projects/1/media/chunk_0_dipika.jpeg
1656,this,54.5,55.62,IH1,1635,1669,1635-1669,"['DH', 'IH1', 'S']",angry,character1,big_center,cross_hands,True,green,R,R,0,1.0,False,projects/1/media/chunk_0_dipika.jpeg
1657,this,54.5,55.62,IH1,1635,1669,1635-1669,"['DH', 'IH1', 'S']",angry,character1,big_center,cross_hands,True,green,R,R,0,1.0,False,projects/1/media/chunk_0_dipika.jpeg
1658,this,54.5,55.62,IH1,1635,1669,1635-1669,"['DH', 'IH1', 'S']",angry,character1,big_center,cross_hands,True,green,R,R,0,1.0,False,projects/1/media/chunk_0_dipika.jpeg
1659,this,54.5,55.62,IH1,1635,1669,1635-1669,"['DH', 'IH1', 'S']",angry,character1,big_center,cross_hands,True,green,R,R,0,1.0,False,projects/1/media/chunk_0_dipika.jpeg
1660,this,54.5,55.62,S,1635,1669,1635-1669,"['DH', 'IH1', 'S']",angry,character1,big_center,cross_hands,True,green,R,R,0,1.0,False,projects/1/media/chunk_0_dipika.jpeg
1661,this,54.5,55.62,S,1635,1669,1635-1669,"['DH', 'IH1', 'S']",angry,character1,big_center,cross_hands,True,green,R,R,0,1.0,False,projects/1/media/chunk_0_dipika.jpeg
1662,this,54.5,55.62,S,1635,1669,1635-1669,"['DH', 'IH1', 'S']",angry,character1,big_center,cross_hands,True,green,R,R,0,1.0,False,projects/1/media/chunk_0_dipika.jpeg
1663,this,54.5,55.62,S,1635,1669,1635-1669,"['DH', 'IH1', 'S']",angry,character1,big_center,cross_hands,True,green,R,R,0,1.0,False,projects/1/media/chunk_0_dipika.jpeg
1664,this,54.5,55.62,S,1635,1669,1635-1669,"['DH', 'IH1', 'S']",angry,character1,big_center,cross_hands,True,green,R,R,0,1.0,False,projects/1/media/chunk_0_dipika.jpeg
1665,this,54.5,55.62,S,1635,1669,1635-1669,"['DH', 'IH1', 'S']",angry,character1,big_center,cross_hands,True,green,R,R,0,1.0,False,projects/1/media/chunk_0_dipika.jpeg
1666,this,54.5,55.62,S,1635,1669,1635-1669,"['DH', 'IH1', 'S']",angry,character1,big_center,cross_hands,True,green,R,R,0,1.0,False,projects/1/media/chunk_0_dipika.jpeg
1667,this,54.5,55.62,S,1635,1669,1635-1669,"['DH', 'IH1', 'S']",angry,character1,big_center,cross_hands,True,green,R,R,0,1.0,False,projects/1/media/chunk_0_dipika.jpeg
1668,is,55.62,55.82,IH1,1668,1675,1669-1675,"['IH1', 'Z']",angry,character1,big_center,cross_hands,True,green,R,R,0,1.0,False,projects/1/media/chunk_0_dipika.jpeg
1668,this,54.5,55.62,S,1635,1669,1635-1669,"['DH', 'IH1', 'S']",angry,character1,big_center,cross_hands,True,green,R,R,0,1.0,False,projects/1/media/chunk_0_dipika.jpeg
1669,is,55.62,55.82,IH1,1668,1675,1669-1675,"['IH1', 'Z']",angry,character1,big_center,cross_hands,True,green,R,R,0,1.0,False,projects/1/media/chunk_0_dipika.jpeg
1669,this,54.5,55.62,S,1635,1669,1635-1669,"['DH', 'IH1', 'S']",angry,character1,big_center,cross_hands,True,green,R,R,0,1.0,False,projects/1/media/chunk_0_dipika.jpeg
1670,is,55.62,55.82,IH1,1668,1675,1669-1675,"['IH1', 'Z']",angry,character1,big_center,cross_hands,True,green,R,R,0,1.0,False,projects/1/media/chunk_0_dipika.jpeg
1671,is,55.62,55.82,IH1,1668,1675,1669-1675,"['IH1', 'Z']",angry,character1,big_center,cross_hands,True,green,R,R,0,1.0,False,projects/1/media/chunk_0_dipika.jpeg
1672,is,55.62,55.82,IH1,1668,1675,1669-1675,"['IH1', 'Z']",angry,character1,big_center,cross_hands,True,green,R,R,0,1.0,False,projects/1/media/chunk_0_dipika.jpeg
1673,is,55.62,55.82,Z,1668,1675,1669-1675,"['IH1', 'Z']",angry,character1,big_center,cross_hands,True,green,R,R,0,1.0,False,projects/1/media/chunk_0_dipika.jpeg
1674,why,55.82,56.06,W,1674,1682,1675-1682,"['W', 'AY1']",angry,character1,big_center,cross_hands,True,green,R,R,0,1.0,False,projects/1/media/chunk_0_dipika.jpeg
1674,is,55.62,55.82,Z,1668,1675,1669-1675,"['IH1', 'Z']",angry,character1,big_center,cross_hands,True,green,R,R,0,1.0,False,projects/1/media/chunk_0_dipika.jpeg
1675,why,55.82,56.06,W,1674,1682,1675-1682,"['W', 'AY1']",angry,character1,big_center,cross_hands,True,green,R,R,0,1.0,False,projects/1/media/chunk_0_dipika.jpeg
1675,is,55.62,55.82,Z,1668,1675,1669-1675,"['IH1', 'Z']",angry,character1,big_center,cross_hands,True,green,M,M,0,1.0,False,projects/1/media/chunk_0_dipika.jpeg
1676,why,55.82,56.06,AY1,1674,1682,1675-1682,"['W', 'AY1']",angry,character1,big_center,cross_hands,True,green,M,M,0,1.0,False,projects/1/media/chunk_0_dipika.jpeg
1677,why,55.82,56.06,AY1,1674,1682,1675-1682,"['W', 'AY1']",angry,character1,big_center,cross_hands,True,green,M,M,0,1.0,False,projects/1/media/chunk_0_dipika.jpeg
1678,why,55.82,56.06,AY1,1674,1682,1675-1682,"['W', 'AY1']",angry,character1,big_center,cross_hands,True,green,M,M,0,1.0,False,projects/1/media/chunk_0_dipika.jpeg
1679,why,55.82,56.06,AY1,1674,1682,1675-1682,"['W', 'AY1']",angry,character1,big_center,cross_hands,True,green,M,M,0,1.0,True,projects/1/media/chunk_0_dipika.jpeg
1680,why,55.82,56.06,AY1,1674,1682,1675-1682,"['W', 'AY1']",angry,character1,big_center,cross_hands,True,green,M,M,0,1.0,True,projects/1/media/chunk_0_dipika.jpeg
1681,why,55.82,56.06,AY1,1674,1682,1675-1682,"['W', 'AY1']",angry,character1,big_center,cross_hands,True,green,M,M,0,1.0,True,projects/1/media/chunk_0_dipika.jpeg
1681,editors,56.06,56.36,EH1,1681,1691,1682-1691,"['EH1', 'D', 'IH0', 'T', 'ER0', 'Z']",angry,character1,big_center,cross_hands,True,green,M,M,0,1.0,True,projects/1/media/chunk_0_dipika.jpeg
1682,editors,56.06,56.36,D,1681,1691,1682-1691,"['EH1', 'D', 'IH0', 'T', 'ER0', 'Z']",angry,character1,big_center,cross_hands,True,green,M,M,0,1.0,True,projects/1/media/chunk_0_dipika.jpeg
1682,why,55.82,56.06,AY1,1674,1682,1675-1682,"['W', 'AY1']",angry,character1,big_center,cross_hands,True,green,M,M,0,1.0,False,projects/1/media/chunk_0_dipika.jpeg
1683,editors,56.06,56.36,IH0,1681,1691,1682-1691,"['EH1', 'D', 'IH0', 'T', 'ER0', 'Z']",angry,character1,big_center,cross_hands,True,green,M,M,0,1.0,False,projects/1/media/chunk_0_dipika.jpeg
1684,editors,56.06,56.36,IH0,1681,1691,1682-1691,"['EH1', 'D', 'IH0', 'T', 'ER0', 'Z']",angry,character1,big_center,cross_hands,True,green,M,M,0,1.0,False,projects/1/media/chunk_0_dipika.jpeg
1685,editors,56.06,56.36,IH0,1681,1691,1682-1691,"['EH1', 'D', 'IH0', 'T', 'ER0', 'Z']",angry,character1,big_center,cross_hands,True,green,M,M,0,1.0,False,projects/1/media/chunk_0_dipika.jpeg
1686,editors,56.06,56.36,T,1681,1691,1682-1691,"['EH1', 'D', 'IH0', 'T', 'ER0', 'Z']",angry,character1,big_center,cross_hands,True,green,M,M,0,1.0,False,projects/1/media/chunk_0_dipika.jpeg
1687,editors,56.06,56.36,ER0,1681,1691,1682-1691,"['EH1', 'D', 'IH0', 'T', 'ER0', 'Z']",angry,character1,big_center,cross_hands,True,green,M,M,0,1.0,False,projects/1/media/chunk_0_dipika.jpeg
1688,editors,56.06,56.36,ER0,1681,1691,1682-1691,"['EH1', 'D', 'IH0', 'T', 'ER0', 'Z']",angry,character1,big_center,cross_hands,True,green,M,M,0,1.0,False,projects/1/media/chunk_0_dipika.jpeg
1689,editors,56.06,56.36,ER0,1681,1691,1682-1691,"['EH1', 'D', 'IH0', 'T', 'ER0', 'Z']",angry,character1,big_center,cross_hands,True,green,M,M,0,1.0,False,projects/1/media/chunk_0_dipika.jpeg
1690,should,56.36,56.72,SH,1690,1702,1691-1702,"['SH', 'UH1', 'D']",angry,character1,big_center,cross_hands,True,green,M,M,0,1.0,False,projects/1/media/chunk_0_dipika.jpeg
1690,editors,56.06,56.36,Z,1681,1691,1682-1691,"['EH1', 'D', 'IH0', 'T', 'ER0', 'Z']",angry,character1,big_center,cross_hands,True,green,M,M,0,1.0,False,projects/1/media/chunk_0_dipika.jpeg
1691,should,56.36,56.72,SH,1690,1702,1691-1702,"['SH', 'UH1', 'D']",angry,character1,big_center,cross_hands,True,green,M,M,0,1.0,False,projects/1/media/chunk_0_dipika.jpeg
1691,editors,56.06,56.36,Z,1681,1691,1682-1691,"['EH1', 'D', 'IH0', 'T', 'ER0', 'Z']",angry,character1,big_center,cross_hands,True,green,M,M,0,1.0,False,projects/1/media/chunk_0_dipika.jpeg
1692,should,56.36,56.72,SH,1690,1702,1691-1702,"['SH', 'UH1', 'D']",angry,character1,big_center,cross_hands,True,green,M,M,0,1.0,False,projects/1/media/chunk_0_dipika.jpeg
1693,should,56.36,56.72,SH,1690,1702,1691-1702,"['SH', 'UH1', 'D']",angry,character1,big_center,cross_hands,True,green,M,M,0,1.0,False,projects/1/media/chunk_0_dipika.jpeg
1694,should,56.36,56.72,UH1,1690,1702,1691-1702,"['SH', 'UH1', 'D']",angry,character1,big_center,cross_hands,True,green,M,M,0,1.0,False,projects/1/media/chunk_0_dipika.jpeg
1695,should,56.36,56.72,UH1,1690,1702,1691-1702,"['SH', 'UH1', 'D']",angry,character1,big_center,cross_hands,True,green,M,M,0,1.0,False,projects/1/media/chunk_0_dipika.jpeg
1696,should,56.36,56.72,UH1,1690,1702,1691-1702,"['SH', 'UH1', 'D']",angry,character1,big_center,cross_hands,True,green,M,M,0,1.0,False,projects/1/media/chunk_0_dipika.jpeg
1697,should,56.36,56.72,UH1,1690,1702,1691-1702,"['SH', 'UH1', 'D']",angry,character1,big_center,cross_hands,True,green,M,M,0,1.0,False,projects/1/media/chunk_0_dipika.jpeg
1698,should,56.36,56.72,UH1,1690,1702,1691-1702,"['SH', 'UH1', 'D']",angry,character1,big_center,cross_hands,True,green,M,M,0,1.0,False,projects/1/media/chunk_0_dipika.jpeg
1699,should,56.36,56.72,UH1,1690,1702,1691-1702,"['SH', 'UH1', 'D']",angry,character1,big_center,cross_hands,True,green,M,M,0,1.0,False,projects/1/media/chunk_0_dipika.jpeg
1700,should,56.36,56.72,UH1,1690,1702,1691-1702,"['SH', 'UH1', 'D']",angry,character1,big_center,cross_hands,True,green,M,M,0,1.0,False,projects/1/media/chunk_0_dipika.jpeg
1701,should,56.36,56.72,D,1690,1702,1691-1702,"['SH', 'UH1', 'D']",angry,character1,big_center,cross_hands,True,green,M,M,0,1.0,False,projects/1/media/chunk_0_dipika.jpeg
1701,not,56.72,56.92,N,1701,1708,1702-1708,"['N', 'AA1', 'T']",angry,character1,big_center,cross_hands,True,green,M,M,0,1.0,False,projects/1/media/chunk_0_dipika.jpeg
1702,not,56.72,56.92,N,1701,1708,1702-1708,"['N', 'AA1', 'T']",angry,character1,big_center,cross_hands,True,green,M,M,-2,1.0,False,projects/1/media/chunk_0_dipika.jpeg
1702,should,56.36,56.72,D,1690,1702,1691-1702,"['SH', 'UH1', 'D']",angry,character1,big_center,cross_hands,True,green,M,M,-2,1.0,False,projects/1/media/chunk_0_dipika.jpeg
1703,not,56.72,56.92,N,1701,1708,1702-1708,"['N', 'AA1', 'T']",angry,character1,big_center,cross_hands,True,green,M,M,-2,1.0,False,projects/1/media/chunk_0_dipika.jpeg
1704,not,56.72,56.92,AA1,1701,1708,1702-1708,"['N', 'AA1', 'T']",angry,character1,big_center,cross_hands,True,green,M,M,-2,1.0,False,projects/1/media/chunk_0_dipika.jpeg
1705,not,56.72,56.92,AA1,1701,1708,1702-1708,"['N', 'AA1', 'T']",angry,character1,big_center,cross_hands,True,green,M,M,-2,1.0,False,projects/1/media/chunk_0_dipika.jpeg
1706,not,56.72,56.92,AA1,1701,1708,1702-1708,"['N', 'AA1', 'T']",angry,character1,big_center,cross_hands,True,green,M,M,-2,1.0,False,projects/1/media/chunk_0_dipika.jpeg
1707,not,56.72,56.92,AA1,1701,1708,1702-1708,"['N', 'AA1', 'T']",angry,character1,big_center,cross_hands,True,green,M,M,-2,1.0,False,projects/1/media/chunk_0_dipika.jpeg
1707,have,56.92,57.2,HH,1707,1716,1708-1716,"['HH', 'AE1', 'V']",angry,character1,big_center,cross_hands,True,green,M,M,-2,1.0,False,projects/1/media/chunk_0_dipika.jpeg
1708,have,56.92,57.2,HH,1707,1716,1708-1716,"['HH', 'AE1', 'V']",angry,character1,big_center,cross_hands,True,green,M,M,-2,1.0,False,projects/1/media/chunk_0_dipika.jpeg
1708,not,56.72,56.92,T,1701,1708,1702-1708,"['N', 'AA1', 'T']",angry,character1,big_center,cross_hands,True,green,M,M,-2,1.0,False,projects/1/media/chunk_0_dipika.jpeg
1709,have,56.92,57.2,HH,1707,1716,1708-1716,"['HH', 'AE1', 'V']",angry,character1,big_center,cross_hands,True,green,M,M,-2,1.0,False,projects/1/media/chunk_0_dipika.jpeg
1710,have,56.92,57.2,AE1,1707,1716,1708-1716,"['HH', 'AE1', 'V']",angry,character1,big_center,cross_hands,True,green,M,M,-2,1.0,False,projects/1/media/chunk_0_dipika.jpeg
1711,have,56.92,57.2,AE1,1707,1716,1708-1716,"['HH', 'AE1', 'V']",angry,character1,big_center,cross_hands,True,green,M,M,-2,1.0,False,projects/1/media/chunk_0_dipika.jpeg
1712,have,56.92,57.2,AE1,1707,1716,1708-1716,"['HH', 'AE1', 'V']",angry,character1,big_center,cross_hands,True,green,M,M,-2,1.0,False,projects/1/media/chunk_0_dipika.jpeg
1713,have,56.92,57.2,AE1,1707,1716,1708-1716,"['HH', 'AE1', 'V']",angry,character1,big_center,cross_hands,True,green,M,M,-2,1.0,False,projects/1/media/chunk_0_dipika.jpeg
1714,have,56.92,57.2,V,1707,1716,1708-1716,"['HH', 'AE1', 'V']",angry,character1,big_center,cross_hands,True,green,M,M,-2,1.0,False,projects/1/media/chunk_0_dipika.jpeg
1715,freedom,57.2,57.48,F,1715,1724,1716-1724,"['F', 'R', 'IY1', 'D', 'AH0', 'M']",angry,character1,big_center,cross_hands,True,green,M,M,-2,1.0,False,projects/1/media/chunk_0_dipika.jpeg
1715,have,56.92,57.2,V,1707,1716,1708-1716,"['HH', 'AE1', 'V']",angry,character1,big_center,cross_hands,True,green,M,M,-2,1.0,False,projects/1/media/chunk_0_dipika.jpeg
1716,freedom,57.2,57.48,F,1715,1724,1716-1724,"['F', 'R', 'IY1', 'D', 'AH0', 'M']",angry,character1,big_center,cross_hands,True,green,M,M,-2,1.0,False,projects/1/media/chunk_0_dipika.jpeg
1716,have,56.92,57.2,V,1707,1716,1708-1716,"['HH', 'AE1', 'V']",angry,character1,big_center,cross_hands,True,green,M,M,-2,1.0,False,projects/1/media/chunk_0_dipika.jpeg
1717,freedom,57.2,57.48,R,1715,1724,1716-1724,"['F', 'R', 'IY1', 'D', 'AH0', 'M']",angry,character1,big_center,cross_hands,True,green,M,M,-2,1.0,False,projects/1/media/chunk_0_dipika.jpeg
1718,freedom,57.2,57.48,R,1715,1724,1716-1724,"['F', 'R', 'IY1', 'D', 'AH0', 'M']",angry,character1,big_center,cross_hands,True,green,M,M,-2,1.0,False,projects/1/media/chunk_0_dipika.jpeg
1719,freedom,57.2,57.48,IY1,1715,1724,1716-1724,"['F', 'R', 'IY1', 'D', 'AH0', 'M']",angry,character1,big_center,cross_hands,True,green,M,M,-2,1.0,False,projects/1/media/chunk_0_dipika.jpeg
1720,freedom,57.2,57.48,D,1715,1724,1716-1724,"['F', 'R', 'IY1', 'D', 'AH0', 'M']",angry,character1,big_center,cross_hands,True,green,M,M,-2,1.0,False,projects/1/media/chunk_0_dipika.jpeg
1721,freedom,57.2,57.48,AH0,1715,1724,1716-1724,"['F', 'R', 'IY1', 'D', 'AH0', 'M']",angry,character1,big_center,cross_hands,True,green,M,M,-2,1.0,False,projects/1/media/chunk_0_dipika.jpeg
1722,freedom,57.2,57.48,AH0,1715,1724,1716-1724,"['F', 'R', 'IY1', 'D', 'AH0', 'M']",angry,character1,big_center,cross_hands,True,green,M,M,-2,1.0,False,projects/1/media/chunk_0_dipika.jpeg
1723,freedom,57.2,57.48,M,1715,1724,1716-1724,"['F', 'R', 'IY1', 'D', 'AH0', 'M']",angry,character1,big_center,cross_hands,True,green,M,M,-2,1.0,False,projects/1/media/chunk_0_dipika.jpeg
1724,freedom,57.2,57.48,M,1715,1724,1716-1724,"['F', 'R', 'IY1', 'D', 'AH0', 'M']",angry,character1,big_center,cross_hands,True,green,M,M,-2,1.0,False,projects/1/media/chunk_0_dipika.jpeg
1725,freedom,57.2,57.48,B,1715,1724,,"['F', 'R', 'IY1', 'D', 'AH0', 'M']",angry,character1,big_center,cross_hands,True,green,M,M,-2,1.0,False,projects/1/media/chunk_0_dipika.jpeg
1726,freedom,57.2,57.48,B,1715,1724,,"['F', 'R', 'IY1', 'D', 'AH0', 'M']",angry,character1,big_center,cross_hands,True,green,M,M,-2,1.0,False,projects/1/media/chunk_0_dipika.jpeg
1727,freedom,57.2,57.48,B,1715,1724,,"['F', 'R', 'IY1', 'D', 'AH0', 'M']",angry,character1,big_center,cross_hands,True,green,M,M,-2,1.0,False,projects/1/media/chunk_0_dipika.jpeg
1728,freedom,57.2,57.48,B,1715,1724,,"['F', 'R', 'IY1', 'D', 'AH0', 'M']",angry,character1,big_center,cross_hands,True,green,M,M,-2,1.0,False,projects/1/media/chunk_0_dipika.jpeg
1729,freedom,57.2,57.48,B,1715,1724,,"['F', 'R', 'IY1', 'D', 'AH0', 'M']",angry,character1,big_center,cross_hands,True,green,M,M,-2,1.0,False,projects/1/media/chunk_0_dipika.jpeg
1730,freedom,57.2,57.48,B,1715,1724,,"['F', 'R', 'IY1', 'D', 'AH0', 'M']",angry,character1,big_center,cross_hands,True,green,M,M,-2,1.0,False,projects/1/media/chunk_0_dipika.jpeg
1731,freedom,57.2,57.48,B,1715,1724,,"['F', 'R', 'IY1', 'D', 'AH0', 'M']",angry,character1,big_center,cross_hands,True,green,M,M,-2,1.0,False,projects/1/media/chunk_0_dipika.jpeg
1732,freedom,57.2,57.48,B,1715,1724,,"['F', 'R', 'IY1', 'D', 'AH0', 'M']",angry,character1,big_center,cross_hands,True,green,M,M,-2,1.0,False,projects/1/media/chunk_0_dipika.jpeg
1733,freedom,57.2,57.48,B,1715,1724,,"['F', 'R', 'IY1', 'D', 'AH0', 'M']",angry,character1,big_center,cross_hands,True,green,M,M,-2,1.0,False,projects/1/media/chunk_0_dipika.jpeg
1734,freedom,57.2,57.48,B,1715,1724,,"['F', 'R', 'IY1', 'D', 'AH0', 'M']",angry,character1,big_center,cross_hands,True,green,M,M,-2,1.0,False,projects/1/media/chunk_0_dipika.jpeg
1735,freedom,57.2,57.48,B,1715,1724,,"['F', 'R', 'IY1', 'D', 'AH0', 'M']",angry,character1,big_center,cross_hands,True,green,M,M,-2,1.0,False,projects/1/media/chunk_0_dipika.jpeg
1736,freedom,57.2,57.48,B,1715,1724,,"['F', 'R', 'IY1', 'D', 'AH0', 'M']",angry,character1,big_center,cross_hands,True,green,M,M,-2,1.0,False,projects/1/media/chunk_0_dipika.jpeg
1737,freedom,57.2,57.48,B,1715,1724,,"['F', 'R', 'IY1', 'D', 'AH0', 'M']",angry,character1,big_center,cross_hands,True,green,M,M,-2,1.0,False,projects/1/media/chunk_0_dipika.jpeg
1738,freedom,57.2,57.48,B,1715,1724,,"['F', 'R', 'IY1', 'D', 'AH0', 'M']",angry,character1,big_center,cross_hands,True,green,M,M,-2,1.0,False,projects/1/media/chunk_0_dipika.jpeg
1739,freedom,57.2,57.48,B,1715,1724,,"['F', 'R', 'IY1', 'D', 'AH0', 'M']",angry,character1,big_center,cross_hands,True,green,M,M,-2,1.0,False,projects/1/media/chunk_0_dipika.jpeg
1740,freedom,57.2,57.48,B,1715,1724,,"['F', 'R', 'IY1', 'D', 'AH0', 'M']",angry,character1,big_center,cross_hands,True,green,M,M,-2,1.0,False,projects/1/media/chunk_0_dipika.jpeg
1741,freedom,57.2,57.48,B,1715,1724,,"['F', 'R', 'IY1', 'D', 'AH0', 'M']",angry,character1,big_center,cross_hands,True,green,M,M,-2,1.0,False,projects/1/media/chunk_0_dipika.jpeg
1742,freedom,57.2,57.48,B,1715,1724,,"['F', 'R', 'IY1', 'D', 'AH0', 'M']",angry,character1,big_center,cross_hands,True,green,M,M,-2,1.0,False,projects/1/media/chunk_0_dipika.jpeg
1743,freedom,57.2,57.48,B,1715,1724,,"['F', 'R', 'IY1', 'D', 'AH0', 'M']",angry,character1,big_center,cross_hands,True,green,M,M,-2,1.0,False,projects/1/media/chunk_0_dipika.jpeg
1744,freedom,57.2,57.48,B,1715,1724,,"['F', 'R', 'IY1', 'D', 'AH0', 'M']",angry,character1,big_center,cross_hands,True,green,M,M,-2,1.0,False,projects/1/media/chunk_0_dipika.jpeg
1745,freedom,57.2,57.48,B,1715,1724,,"['F', 'R', 'IY1', 'D', 'AH0', 'M']",angry,character1,big_center,cross_hands,True,green,M,M,-2,1.0,False,projects/1/media/chunk_0_dipika.jpeg
1746,freedom,57.2,57.48,B,1715,1724,,"['F', 'R', 'IY1', 'D', 'AH0', 'M']",angry,character1,big_center,cross_hands,True,green,M,M,-2,1.0,False,projects/1/media/chunk_0_dipika.jpeg
1747,freedom,57.2,57.48,B,1715,1724,,"['F', 'R', 'IY1', 'D', 'AH0', 'M']",angry,character1,big_center,cross_hands,True,green,M,M,-2,1.0,False,projects/1/media/chunk_0_dipika.jpeg
1748,freedom,57.2,57.48,B,1715,1724,,"['F', 'R', 'IY1', 'D', 'AH0', 'M']",angry,character1,big_center,cross_hands,True,green,M,M,0,1.0,False,projects/1/media/chunk_0_dipika.jpeg
1749,freedom,57.2,57.48,B,1715,1724,,"['F', 'R', 'IY1', 'D', 'AH0', 'M']",angry,character1,big_center,cross_hands,True,green,M,M,0,1.0,False,projects/1/media/chunk_0_dipika.jpeg
1750,freedom,57.2,57.48,B,1715,1724,,"['F', 'R', 'IY1', 'D', 'AH0', 'M']",angry,character1,big_center,cross_hands,True,green,M,M,0,1.0,False,projects/1/media/chunk_0_dipika.jpeg
1751,freedom,57.2,57.48,B,1715,1724,,"['F', 'R', 'IY1', 'D', 'AH0', 'M']",angry,character1,big_center,cross_hands,True,green,M,L,0,1.0,False,projects/1/media/chunk_0_dipika.jpeg
1752,freedom,57.2,57.48,B,1715,1724,,"['F', 'R', 'IY1', 'D', 'AH0', 'M']",angry,character1,big_center,cross_hands,True,green,M,L,0,1.0,False,projects/1/media/chunk_0_dipika.jpeg
1753,freedom,57.2,57.48,B,1715,1724,,"['F', 'R', 'IY1', 'D', 'AH0', 'M']",angry,character1,big_center,cross_hands,True,green,M,L,0,1.0,False,projects/1/media/chunk_0_dipika.jpeg
1754,freedom,57.2,57.48,B,1715,1724,,"['F', 'R', 'IY1', 'D', 'AH0', 'M']",angry,character1,big_center,cross_hands,True,green,M,L,0,1.0,False,projects/1/media/chunk_0_dipika.jpeg
1755,freedom,57.2,57.48,B,1715,1724,,"['F', 'R', 'IY1', 'D', 'AH0', 'M']",angry,character1,big_center,cross_hands,True,green,M,L,0,1.0,False,projects/1/media/chunk_0_dipika.jpeg
1756,freedom,57.2,57.48,B,1715,1724,,"['F', 'R', 'IY1', 'D', 'AH0', 'M']",angry,character1,big_center,cross_hands,True,green,M,L,0,1.0,False,projects/1/media/chunk_0_dipika.jpeg
1757,you,58.58,58.72,Y,1757,1762,1757-1762,"['Y', 'UW1']",angry,character1,big_center,cross_hands,True,green,M,L,0,1.0,False,projects/1/media/chunk_0_dipika.jpeg
1758,you,58.58,58.72,Y,1757,1762,1757-1762,"['Y', 'UW1']",angry,character1,big_center,cross_hands,True,green,M,L,0,1.0,False,projects/1/media/chunk_0_dipika.jpeg
1759,you,58.58,58.72,UW1,1757,1762,1757-1762,"['Y', 'UW1']",angry,character1,big_center,cross_hands,True,green,M,L,0,1.0,False,projects/1/media/chunk_0_dipika.jpeg
1760,you,58.58,58.72,UW1,1757,1762,1757-1762,"['Y', 'UW1']",angry,character1,big_center,cross_hands,True,green,M,L,0,1.0,False,projects/1/media/chunk_0_dipika.jpeg
1761,know,58.72,58.96,N,1761,1769,1762-1769,"['N', 'OW1']",angry,character1,big_center,cross_hands,True,green,M,L,0,1.0,False,projects/1/media/chunk_0_dipika.jpeg
1761,you,58.58,58.72,UW1,1757,1762,1757-1762,"['Y', 'UW1']",angry,character1,big_center,cross_hands,True,green,M,L,0,1.0,False,projects/1/media/chunk_0_dipika.jpeg
1762,know,58.72,58.96,N,1761,1769,1762-1769,"['N', 'OW1']",angry,character1,big_center,cross_hands,True,green,M,L,0,1.0,False,projects/1/media/chunk_0_dipika.jpeg
1762,you,58.58,58.72,UW1,1757,1762,1757-1762,"['Y', 'UW1']",angry,character1,big_center,cross_hands,True,green,M,L,0,1.0,False,projects/1/media/chunk_0_dipika.jpeg
1763,know,58.72,58.96,N,1761,1769,1762-1769,"['N', 'OW1']",angry,character1,big_center,cross_hands,True,green,M,L,0,1.0,False,projects/1/media/chunk_0_dipika.jpeg
1764,know,58.72,58.96,N,1761,1769,1762-1769,"['N', 'OW1']",angry,character1,big_center,cross_hands,True,green,M,M,0,1.0,False,projects/1/media/chunk_0_dipika.jpeg
1765,know,58.72,58.96,OW1,1761,1769,1762-1769,"['N', 'OW1']",angry,character1,big_center,cross_hands,True,green,M,M,0,1.0,False,projects/1/media/chunk_0_dipika.jpeg
1766,know,58.72,58.96,OW1,1761,1769,1762-1769,"['N', 'OW1']",angry,character1,big_center,cross_hands,True,green,M,M,0,1.0,False,projects/1/media/chunk_0_dipika.jpeg
1767,know,58.72,58.96,OW1,1761,1769,1762-1769,"['N', 'OW1']",angry,character1,big_center,cross_hands,True,green,M,M,0,1.0,False,projects/1/media/chunk_0_dipika.jpeg
1768,what,58.96,59.14,W,1768,1774,1769-1774,"['W', 'AH1', 'T']",angry,character1,big_center,cross_hands,True,green,M,M,0,1.0,False,projects/1/media/chunk_0_dipika.jpeg
1768,know,58.72,58.96,OW1,1761,1769,1762-1769,"['N', 'OW1']",angry,character1,big_center,cross_hands,True,green,M,M,0,1.0,False,projects/1/media/chunk_0_dipika.jpeg
1769,know,58.72,58.96,OW1,1761,1769,1762-1769,"['N', 'OW1']",angry,character1,big_center,cross_hands,True,green,M,M,0,1.0,False,projects/1/media/chunk_0_dipika.jpeg
1769,what,58.96,59.14,AH1,1768,1774,1769-1774,"['W', 'AH1', 'T']",angry,character1,big_center,cross_hands,True,green,M,M,0,1.0,False,projects/1/media/chunk_0_dipika.jpeg
1770,what,58.96,59.14,AH1,1768,1774,1769-1774,"['W', 'AH1', 'T']",angry,character1,big_center,cross_hands,True,green,M,M,0,1.0,False,projects/1/media/chunk_0_dipika.jpeg
1771,what,58.96,59.14,AH1,1768,1774,1769-1774,"['W', 'AH1', 'T']",angry,character1,big_center,cross_hands,True,green,M,M,0,1.0,False,projects/1/media/chunk_0_dipika.jpeg
1772,what,58.96,59.14,AH1,1768,1774,1769-1774,"['W', 'AH1', 'T']",angry,character1,big_center,cross_hands,True,green,M,M,0,1.0,False,projects/1/media/chunk_0_dipika.jpeg
1773,hurts,59.14,59.46,HH,1773,1784,1774-1784,"['HH', 'ER1', 'T', 'S']",angry,character1,big_center,cross_hands,True,green,M,M,0,1.0,False,projects/1/media/chunk_0_dipika.jpeg
1773,what,58.96,59.14,AH1,1768,1774,1769-1774,"['W', 'AH1', 'T']",angry,character1,big_center,cross_hands,True,green,M,M,0,1.0,False,projects/1/media/chunk_0_dipika.jpeg
1774,hurts,59.14,59.46,HH,1773,1784,1774-1784,"['HH', 'ER1', 'T', 'S']",angry,character1,big_center,cross_hands,True,green,M,M,0,1.0,False,projects/1/media/chunk_0_dipika.jpeg
1774,what,58.96,59.14,T,1768,1774,1769-1774,"['W', 'AH1', 'T']",angry,character1,big_center,cross_hands,True,green,M,M,0,1.0,False,projects/1/media/chunk_0_dipika.jpeg
1775,hurts,59.14,59.46,HH,1773,1784,1774-1784,"['HH', 'ER1', 'T', 'S']",angry,character1,big_center,cross_hands,True,green,M,M,0,1.0,False,projects/1/media/chunk_0_dipika.jpeg
1776,hurts,59.14,59.46,ER1,1773,1784,1774-1784,"['HH', 'ER1', 'T', 'S']",angry,character1,big_center,cross_hands,True,green,M,M,0,1.0,False,projects/1/media/chunk_0_dipika.jpeg
1777,hurts,59.14,59.46,ER1,1773,1784,1774-1784,"['HH', 'ER1', 'T', 'S']",angry,character1,big_center,cross_hands,True,green,M,M,0,1.0,False,projects/1/media/chunk_0_dipika.jpeg
1778,hurts,59.14,59.46,ER1,1773,1784,1774-1784,"['HH', 'ER1', 'T', 'S']",angry,character1,big_center,cross_hands,True,green,M,M,0,1.0,False,projects/1/media/chunk_0_dipika.jpeg
1779,hurts,59.14,59.46,ER1,1773,1784,1774-1784,"['HH', 'ER1', 'T', 'S']",angry,character1,big_center,cross_hands,True,green,M,M,0,1.0,False,projects/1/media/chunk_0_dipika.jpeg
1780,hurts,59.14,59.46,T,1773,1784,1774-1784,"['HH', 'ER1', 'T', 'S']",angry,character1,big_center,cross_hands,True,green,M,M,0,1.0,False,projects/1/media/chunk_0_dipika.jpeg
1781,hurts,59.14,59.46,T,1773,1784,1774-1784,"['HH', 'ER1', 'T', 'S']",angry,character1,big_center,cross_hands,True,green,M,M,0,1.0,False,projects/1/media/chunk_0_dipika.jpeg
1782,hurts,59.14,59.46,S,1773,1784,1774-1784,"['HH', 'ER1', 'T', 'S']",angry,character1,big_center,cross_hands,True,green,M,M,0,1.0,False,projects/1/media/chunk_0_dipika.jpeg
1783,hurts,59.14,59.46,S,1773,1784,1774-1784,"['HH', 'ER1', 'T', 'S']",angry,character1,big_center,cross_hands,True,green,M,M,0,1.0,False,projects/1/media/chunk_0_dipika.jpeg
1784,hurts,59.14,59.46,S,1773,1784,1774-1784,"['HH', 'ER1', 'T', 'S']",angry,character1,big_center,cross_hands,True,green,M,M,0,1.0,False,projects/1/media/chunk_0_dipika.jpeg
1785,hurts,59.14,59.46,B,1773,1784,,"['HH', 'ER1', 'T', 'S']",angry,character1,big_center,cross_hands,True,green,M,M,0,1.0,False,projects/1/media/chunk_0_dipika.jpeg
1786,hurts,59.14,59.46,B,1773,1784,,"['HH', 'ER1', 'T', 'S']",angry,character1,big_center,cross_hands,True,green,M,M,0,1.0,False,projects/1/media/chunk_0_dipika.jpeg
1787,hurts,59.14,59.46,B,1773,1784,,"['HH', 'ER1', 'T', 'S']",angry,character1,big_center,cross_hands,True,green,M,M,0,1.0,False,projects/1/media/chunk_0_dipika.jpeg
1788,hurts,59.14,59.46,B,1773,1784,,"['HH', 'ER1', 'T', 'S']",angry,character1,big_center,cross_hands,True,green,M,M,0,1.0,False,projects/1/media/chunk_0_dipika.jpeg
1789,hurts,59.14,59.46,B,1773,1784,,"['HH', 'ER1', 'T', 'S']",angry,character1,big_center,cross_hands,True,green,M,M,0,1.0,False,projects/1/media/chunk_0_dipika.jpeg
1790,hurts,59.14,59.46,B,1773,1784,,"['HH', 'ER1', 'T', 'S']",angry,character1,big_center,cross_hands,True,green,M,M,0,1.0,False,projects/1/media/chunk_0_dipika.jpeg
1791,hurts,59.14,59.46,B,1773,1784,,"['HH', 'ER1', 'T', 'S']",angry,character1,big_center,cross_hands,True,green,M,M,0,1.0,False,projects/1/media/chunk_0_dipika.jpeg
1792,hurts,59.14,59.46,B,1773,1784,,"['HH', 'ER1', 'T', 'S']",angry,character1,big_center,cross_hands,True,green,M,M,0,1.0,False,projects/1/media/chunk_0_dipika.jpeg
1793,hurts,59.14,59.46,B,1773,1784,,"['HH', 'ER1', 'T', 'S']",angry,character1,big_center,cross_hands,True,green,M,M,0,1.0,False,projects/1/media/chunk_0_dipika.jpeg
1794,hurts,59.14,59.46,B,1773,1784,,"['HH', 'ER1', 'T', 'S']",angry,character1,big_center,cross_hands,True,green,M,M,0,1.0,False,projects/1/media/chunk_0_dipika.jpeg
1795,hurts,59.14,59.46,B,1773,1784,,"['HH', 'ER1', 'T', 'S']",angry,character1,big_center,cross_hands,True,green,M,M,0,1.0,False,projects/1/media/chunk_0_dipika.jpeg
1796,hurts,59.14,59.46,B,1773,1784,,"['HH', 'ER1', 'T', 'S']",angry,character1,big_center,cross_hands,True,green,M,M,0,1.0,False,projects/1/media/chunk_0_dipika.jpeg
1797,hurts,59.14,59.46,B,1773,1784,,"['HH', 'ER1', 'T', 'S']",angry,character1,big_center,cross_hands,True,green,M,M,0,1.0,False,projects/1/media/chunk_0_dipika.jpeg
1798,hurts,59.14,59.46,B,1773,1784,,"['HH', 'ER1', 'T', 'S']",angry,character1,big_center,cross_hands,True,green,M,M,0,1.0,True,projects/1/media/chunk_0_dipika.jpeg
1799,hurts,59.14,59.46,B,1773,1784,,"['HH', 'ER1', 'T', 'S']",angry,character1,big_center,cross_hands,True,green,M,M,0,1.0,True,projects/1/media/chunk_0_dipika.jpeg
1800,hurts,59.14,59.46,B,1773,1784,,"['HH', 'ER1', 'T', 'S']",angry,character1,big_center,cross_hands,True,green,M,M,0,1.0,True,projects/1/media/chunk_0_dipika.jpeg
1801,hurts,59.14,59.46,B,1773,1784,,"['HH', 'ER1', 'T', 'S']",angry,character1,big_center,cross_hands,True,green,M,M,0,1.0,True,projects/1/media/chunk_0_dipika.jpeg
1802,hurts,59.14,59.46,B,1773,1784,,"['HH', 'ER1', 'T', 'S']",angry,character1,big_center,cross_hands,True,green,M,M,0,1.0,True,projects/1/media/chunk_0_dipika.jpeg
1803,hurts,59.14,59.46,B,1773,1784,,"['HH', 'ER1', 'T', 'S']",angry,character1,big_center,cross_hands,True,green,M,M,0,1.0,False,projects/1/media/chunk_0_dipika.jpeg
1804,hurts,59.14,59.46,B,1773,1784,,"['HH', 'ER1', 'T', 'S']",angry,character1,big_center,cross_hands,True,green,M,M,0,1.0,False,projects/1/media/chunk_0_dipika.jpeg
1805,hurts,59.14,59.46,B,1773,1784,,"['HH', 'ER1', 'T', 'S']",angry,character1,big_center,cross_hands,True,green,M,M,0,1.0,False,projects/1/media/chunk_0_dipika.jpeg
1806,hurts,59.14,59.46,B,1773,1784,,"['HH', 'ER1', 'T', 'S']",angry,character1,big_center,cross_hands,True,green,M,M,0,1.0,False,projects/1/media/chunk_0_dipika.jpeg
1807,hurts,59.14,59.46,B,1773,1784,,"['HH', 'ER1', 'T', 'S']",angry,character1,big_center,cross_hands,True,green,M,M,0,1.0,False,projects/1/media/chunk_0_dipika.jpeg
1808,hurts,59.14,59.46,B,1773,1784,,"['HH', 'ER1', 'T', 'S']",angry,character1,big_center,cross_hands,True,green,M,M,0,1.0,False,projects/1/media/chunk_0_dipika.jpeg
1809,hurts,59.14,59.46,B,1773,1784,,"['HH', 'ER1', 'T', 'S']",angry,character1,big_center,cross_hands,True,green,M,M,0,1.0,False,projects/1/media/chunk_0_dipika.jpeg
1810,the,60.34,60.68,DH,1810,1820,1810-1820,"['DH', 'AH0']",angry,character1,big_center,cross_hands,True,green,M,M,0,1.0,False,projects/1/media/chunk_0_dipika.jpeg
1811,the,60.34,60.68,DH,1810,1820,1810-1820,"['DH', 'AH0']",angry,character1,big_center,cross_hands,True,green,M,M,0,1.0,False,projects/1/media/chunk_0_dipika.jpeg
1812,the,60.34,60.68,DH,1810,1820,1810-1820,"['DH', 'AH0']",angry,character1,big_center,cross_hands,True,green,M,M,0,1.0,False,projects/1/media/chunk_0_dipika.jpeg
1813,the,60.34,60.68,DH,1810,1820,1810-1820,"['DH', 'AH0']",angry,character1,big_center,cross_hands,True,green,M,M,0,1.0,False,projects/1/media/chunk_0_dipika.jpeg
1814,the,60.34,60.68,AH0,1810,1820,1810-1820,"['DH', 'AH0']",angry,character1,big_center,cross_hands,True,green,M,M,0,1.0,False,projects/1/media/chunk_0_dipika.jpeg
1815,the,60.34,60.68,AH0,1810,1820,1810-1820,"['DH', 'AH0']",angry,character1,big_center,cross_hands,True,green,M,M,0,1.0,False,projects/1/media/chunk_0_dipika.jpeg
1816,the,60.34,60.68,AH0,1810,1820,1810-1820,"['DH', 'AH0']",angry,character1,big_center,cross_hands,True,green,M,M,0,1.0,False,projects/1/media/chunk_0_dipika.jpeg
1817,the,60.34,60.68,AH0,1810,1820,1810-1820,"['DH', 'AH0']",angry,character1,big_center,cross_hands,True,green,M,M,0,1.0,False,projects/1/media/chunk_0_dipika.jpeg
1818,the,60.34,60.68,AH0,1810,1820,1810-1820,"['DH', 'AH0']",angry,character1,big_center,cross_hands,True,green,M,M,0,1.0,False,projects/1/media/chunk_0_dipika.jpeg
1819,potato,60.68,61.04,P,1819,1831,1820-1831,"['P', 'AH0', 'T', 'EY1', 'T', 'OW2']",angry,character1,big_center,cross_hands,True,green,M,M,0,1.0,False,projects/1/media/chunk_0_dipika.jpeg
1819,the,60.34,60.68,AH0,1810,1820,1810-1820,"['DH', 'AH0']",angry,character1,big_center,cross_hands,True,green,M,M,0,1.0,False,projects/1/media/chunk_0_dipika.jpeg
1820,potato,60.68,61.04,AH0,1819,1831,1820-1831,"['P', 'AH0', 'T', 'EY1', 'T', 'OW2']",angry,character1,big_center,cross_hands,True,green,M,M,0,1.0,False,projects/1/media/chunk_0_dipika.jpeg
1820,the,60.34,60.68,AH0,1810,1820,1810-1820,"['DH', 'AH0']",angry,character1,big_center,cross_hands,True,green,M,M,0,1.0,False,projects/1/media/chunk_0_dipika.jpeg
1821,potato,60.68,61.04,AH0,1819,1831,1820-1831,"['P', 'AH0', 'T', 'EY1', 'T', 'OW2']",angry,character1,big_center,cross_hands,True,green,M,M,0,1.0,False,projects/1/media/chunk_0_dipika.jpeg
1822,potato,60.68,61.04,AH0,1819,1831,1820-1831,"['P', 'AH0', 'T', 'EY1', 'T', 'OW2']",angry,character1,big_center,cross_hands,True,green,M,M,0,1.0,False,projects/1/media/chunk_0_dipika.jpeg
1823,potato,60.68,61.04,AH0,1819,1831,1820-1831,"['P', 'AH0', 'T', 'EY1', 'T', 'OW2']",angry,character1,big_center,cross_hands,True,green,M,M,0,1.0,False,projects/1/media/chunk_0_dipika.jpeg
1824,potato,60.68,61.04,T,1819,1831,1820-1831,"['P', 'AH0', 'T', 'EY1', 'T', 'OW2']",angry,character1,big_center,cross_hands,True,green,M,M,0,1.0,False,projects/1/media/chunk_0_dipika.jpeg
1825,potato,60.68,61.04,EY1,1819,1831,1820-1831,"['P', 'AH0', 'T', 'EY1', 'T', 'OW2']",angry,character1,big_center,cross_hands,True,green,M,M,0,1.0,False,projects/1/media/chunk_0_dipika.jpeg
1826,potato,60.68,61.04,EY1,1819,1831,1820-1831,"['P', 'AH0', 'T', 'EY1', 'T', 'OW2']",angry,character1,big_center,cross_hands,True,green,M,M,0,1.0,False,projects/1/media/chunk_0_dipika.jpeg
1827,potato,60.68,61.04,EY1,1819,1831,1820-1831,"['P', 'AH0', 'T', 'EY1', 'T', 'OW2']",angry,character1,big_center,cross_hands,True,green,M,M,0,1.0,False,projects/1/media/chunk_0_dipika.jpeg
1828,potato,60.68,61.04,T,1819,1831,1820-1831,"['P', 'AH0', 'T', 'EY1', 'T', 'OW2']",angry,character1,big_center,cross_hands,True,green,M,M,0,1.0,False,projects/1/media/chunk_0_dipika.jpeg
1829,potato,60.68,61.04,OW2,1819,1831,1820-1831,"['P', 'AH0', 'T', 'EY1', 'T', 'OW2']",angry,character1,big_center,cross_hands,True,green,M,M,0,1.0,False,projects/1/media/chunk_0_dipika.jpeg
1830,potato,60.68,61.04,OW2,1819,1831,1820-1831,"['P', 'AH0', 'T', 'EY1', 'T', 'OW2']",angry,character1,big_center,cross_hands,True,green,M,M,0,1.0,False,projects/1/media/chunk_0_dipika.jpeg
1830,got,61.04,61.32,G,1830,1840,1831-1840,"['G', 'AA1', 'T']",angry,character1,big_center,cross_hands,True,green,M,M,0,1.0,False,projects/1/media/chunk_0_dipika.jpeg
1831,potato,60.68,61.04,OW2,1819,1831,1820-1831,"['P', 'AH0', 'T', 'EY1', 'T', 'OW2']",angry,character1,big_center,cross_hands,True,green,M,M,0,1.0,False,projects/1/media/chunk_0_dipika.jpeg
1831,got,61.04,61.32,G,1830,1840,1831-1840,"['G', 'AA1', 'T']",angry,character1,big_center,cross_hands,True,green,M,M,0,1.0,False,projects/1/media/chunk_0_dipika.jpeg
1832,got,61.04,61.32,AA1,1830,1840,1831-1840,"['G', 'AA1', 'T']",angry,character1,big_center,cross_hands,True,green,M,M,0,1.0,False,projects/1/media/chunk_0_dipika.jpeg
1833,got,61.04,61.32,AA1,1830,1840,1831-1840,"['G', 'AA1', 'T']",angry,character1,big_center,cross_hands,True,green,M,M,0,1.0,False,projects/1/media/chunk_0_dipika.jpeg
1834,got,61.04,61.32,AA1,1830,1840,1831-1840,"['G', 'AA1', 'T']",angry,character1,big_center,cross_hands,True,green,M,M,0,1.0,False,projects/1/media/chunk_0_dipika.jpeg
1835,got,61.04,61.32,AA1,1830,1840,1831-1840,"['G', 'AA1', 'T']",angry,character1,big_center,cross_hands,True,green,M,M,0,1.0,False,projects/1/media/chunk_0_dipika.jpeg
1836,got,61.04,61.32,AA1,1830,1840,1831-1840,"['G', 'AA1', 'T']",angry,character1,big_center,cross_hands,True,green,M,M,0,1.0,False,projects/1/media/chunk_0_dipika.jpeg
1837,got,61.04,61.32,AA1,1830,1840,1831-1840,"['G', 'AA1', 'T']",angry,character1,big_center,cross_hands,True,green,M,M,0,1.0,False,projects/1/media/chunk_0_dipika.jpeg
1838,got,61.04,61.32,AA1,1830,1840,1831-1840,"['G', 'AA1', 'T']",angry,character1,big_center,cross_hands,True,green,M,M,0,1.0,False,projects/1/media/chunk_0_dipika.jpeg
1839,got,61.04,61.32,T,1830,1840,1831-1840,"['G', 'AA1', 'T']",angry,character1,big_center,cross_hands,True,green,M,M,0,1.0,False,projects/1/media/chunk_0_dipika.jpeg
1839,more,61.32,61.56,M,1839,1847,1840-1847,"['M', 'AO1', 'R']",angry,character1,big_center,cross_hands,True,green,M,M,0,1.0,False,projects/1/media/chunk_0_dipika.jpeg
1840,got,61.04,61.32,T,1830,1840,1831-1840,"['G', 'AA1', 'T']",angry,character1,big_center,cross_hands,True,green,M,M,0,1.0,False,projects/1/media/chunk_0_dipika.jpeg
1840,more,61.32,61.56,M,1839,1847,1840-1847,"['M', 'AO1', 'R']",angry,character1,big_center,cross_hands,True,green,M,M,0,1.0,False,projects/1/media/chunk_0_dipika.jpeg
1841,more,61.32,61.56,M,1839,1847,1840-1847,"['M', 'AO1', 'R']",angry,character1,big_center,cross_hands,True,green,M,M,0,1.0,False,projects/1/media/chunk_0_dipika.jpeg
1842,more,61.32,61.56,AO1,1839,1847,1840-1847,"['M', 'AO1', 'R']",angry,character1,big_center,cross_hands,True,green,M,M,0,1.0,False,projects/1/media/chunk_0_dipika.jpeg
1843,more,61.32,61.56,AO1,1839,1847,1840-1847,"['M', 'AO1', 'R']",angry,character1,big_center,cross_hands,True,green,M,L,0,1.0,False,projects/1/media/chunk_0_dipika.jpeg
1844,more,61.32,61.56,AO1,1839,1847,1840-1847,"['M', 'AO1', 'R']",angry,character1,big_center,cross_hands,True,green,M,L,0,1.0,False,projects/1/media/chunk_0_dipika.jpeg
1845,more,61.32,61.56,R,1839,1847,1840-1847,"['M', 'AO1', 'R']",angry,character1,big_center,cross_hands,True,green,M,L,0,1.0,False,projects/1/media/chunk_0_dipika.jpeg
1846,more,61.32,61.56,R,1839,1847,1840-1847,"['M', 'AO1', 'R']",angry,character1,big_center,cross_hands,True,green,M,L,0,1.0,False,projects/1/media/chunk_0_dipika.jpeg
1846,screen,61.56,61.8,S,1846,1854,1847-1854,"['S', 'K', 'R', 'IY1', 'N']",angry,character1,big_center,cross_hands,True,green,M,L,0,1.0,False,projects/1/media/chunk_0_dipika.jpeg
1847,more,61.32,61.56,R,1839,1847,1840-1847,"['M', 'AO1', 'R']",angry,character1,big_center,cross_hands,True,green,M,L,0,1.0,False,projects/1/media/chunk_0_dipika.jpeg
1847,screen,61.56,61.8,S,1846,1854,1847-1854,"['S', 'K', 'R', 'IY1', 'N']",angry,character1,big_center,cross_hands,True,green,M,L,0,1.0,False,projects/1/media/chunk_0_dipika.jpeg
1848,screen,61.56,61.8,K,1846,1854,1847-1854,"['S', 'K', 'R', 'IY1', 'N']",angry,character1,big_center,cross_hands,True,green,M,L,0,1.0,False,projects/1/media/chunk_0_dipika.jpeg
1849,screen,61.56,61.8,R,1846,1854,1847-1854,"['S', 'K', 'R', 'IY1', 'N']",angry,character1,big_center,cross_hands,True,green,M,L,0,1.0,False,projects/1/media/chunk_0_dipika.jpeg
1850,screen,61.56,61.8,R,1846,1854,1847-1854,"['S', 'K', 'R', 'IY1', 'N']",angry,character1,big_center,cross_hands,True,green,M,L,0,1.0,False,projects/1/media/chunk_0_dipika.jpeg
1851,screen,61.56,61.8,IY1,1846,1854,1847-1854,"['S', 'K', 'R', 'IY1', 'N']",angry,character1,big_center,cross_hands,True,green,M,L,0,1.0,False,projects/1/media/chunk_0_dipika.jpeg
1852,screen,61.56,61.8,IY1,1846,1854,1847-1854,"['S', 'K', 'R', 'IY1', 'N']",angry,character1,big_center,cross_hands,True,green,M,L,0,1.0,False,projects/1/media/chunk_0_dipika.jpeg
1853,time,61.8,62.12,T,1853,1864,1854-1864,"['T', 'AY1', 'M']",angry,character1,big_center,cross_hands,True,green,M,L,0,1.0,False,projects/1/media/chunk_0_dipika.jpeg
1853,screen,61.56,61.8,N,1846,1854,1847-1854,"['S', 'K', 'R', 'IY1', 'N']",angry,character1,big_center,cross_hands,True,green,M,L,0,1.0,False,projects/1/media/chunk_0_dipika.jpeg
1854,time,61.8,62.12,T,1853,1864,1854-1864,"['T', 'AY1', 'M']",angry,character1,big_center,cross_hands,True,green,M,L,0,1.0,False,projects/1/media/chunk_0_dipika.jpeg
1854,screen,61.56,61.8,N,1846,1854,1847-1854,"['S', 'K', 'R', 'IY1', 'N']",angry,character1,big_center,cross_hands,True,green,M,M,0,1.0,False,projects/1/media/chunk_0_dipika.jpeg
1855,time,61.8,62.12,AY1,1853,1864,1854-1864,"['T', 'AY1', 'M']",angry,character1,big_center,cross_hands,True,green,M,M,0,1.0,False,projects/1/media/chunk_0_dipika.jpeg
1856,time,61.8,62.12,AY1,1853,1864,1854-1864,"['T', 'AY1', 'M']",angry,character1,big_center,cross_hands,True,green,M,M,0,1.0,False,projects/1/media/chunk_0_dipika.jpeg
1857,time,61.8,62.12,AY1,1853,1864,1854-1864,"['T', 'AY1', 'M']",angry,character1,big_center,cross_hands,True,green,M,M,0,1.0,False,projects/1/media/chunk_0_dipika.jpeg
1858,time,61.8,62.12,AY1,1853,1864,1854-1864,"['T', 'AY1', 'M']",angry,character1,big_center,cross_hands,True,green,M,M,0,1.0,False,projects/1/media/chunk_0_dipika.jpeg
1859,time,61.8,62.12,AY1,1853,1864,1854-1864,"['T', 'AY1', 'M']",angry,character1,big_center,cross_hands,True,green,M,M,0,1.0,False,projects/1/media/chunk_0_dipika.jpeg
1860,time,61.8,62.12,AY1,1853,1864,1854-1864,"['T', 'AY1', 'M']",angry,character1,big_center,cross_hands,True,green,M,M,0,1.0,False,projects/1/media/chunk_0_dipika.jpeg
1861,time,61.8,62.12,M,1853,1864,1854-1864,"['T', 'AY1', 'M']",angry,character1,big_center,cross_hands,True,green,M,M,0,1.0,False,projects/1/media/chunk_0_dipika.jpeg
1862,time,61.8,62.12,M,1853,1864,1854-1864,"['T', 'AY1', 'M']",angry,character1,big_center,cross_hands,True,green,M,M,0,1.0,False,projects/1/media/chunk_0_dipika.jpeg
1863,time,61.8,62.12,M,1853,1864,1854-1864,"['T', 'AY1', 'M']",angry,character1,big_center,cross_hands,True,green,M,M,0,1.0,False,projects/1/media/chunk_0_dipika.jpeg
1863,than,62.12,62.34,DH,1863,1870,1864-1870,"['DH', 'AE1', 'N']",angry,character1,big_center,cross_hands,True,green,M,M,0,1.0,False,projects/1/media/chunk_0_dipika.jpeg
1864,time,61.8,62.12,M,1853,1864,1854-1864,"['T', 'AY1', 'M']",angry,character1,big_center,cross_hands,True,green,M,M,0,1.0,False,projects/1/media/chunk_0_dipika.jpeg
1864,than,62.12,62.34,DH,1863,1870,1864-1870,"['DH', 'AE1', 'N']",angry,character1,big_center,cross_hands,True,green,M,M,0,1.0,False,projects/1/media/chunk_0_dipika.jpeg
1865,than,62.12,62.34,AE1,1863,1870,1864-1870,"['DH', 'AE1', 'N']",angry,character1,big_center,cross_hands,True,green,M,M,0,1.0,False,projects/1/media/chunk_0_dipika.jpeg
1866,than,62.12,62.34,AE1,1863,1870,1864-1870,"['DH', 'AE1', 'N']",angry,character1,big_center,cross_hands,True,green,M,M,0,1.0,False,projects/1/media/chunk_0_dipika.jpeg
1867,than,62.12,62.34,AE1,1863,1870,1864-1870,"['DH', 'AE1', 'N']",angry,character1,big_center,cross_hands,True,green,M,M,0,1.0,False,projects/1/media/chunk_0_dipika.jpeg
1868,than,62.12,62.34,AE1,1863,1870,1864-1870,"['DH', 'AE1', 'N']",angry,character1,big_center,cross_hands,True,green,M,M,0,1.0,False,projects/1/media/chunk_0_dipika.jpeg
1869,than,62.12,62.34,N,1863,1870,1864-1870,"['DH', 'AE1', 'N']",angry,character1,big_center,cross_hands,True,green,M,M,0,1.0,False,projects/1/media/chunk_0_dipika.jpeg
1869,me,62.34,62.52,M,1869,1876,1870-1876,"['M', 'IY1']",angry,character1,big_center,cross_hands,True,green,M,M,0,1.0,False,projects/1/media/chunk_0_dipika.jpeg
1870,than,62.12,62.34,N,1863,1870,1864-1870,"['DH', 'AE1', 'N']",angry,character1,big_center,cross_hands,True,green,M,M,0,1.0,False,projects/1/media/chunk_0_dipika.jpeg
1870,me,62.34,62.52,M,1869,1876,1870-1876,"['M', 'IY1']",angry,character1,big_center,cross_hands,True,green,M,M,0,1.0,False,projects/1/media/chunk_0_dipika.jpeg
1871,me,62.34,62.52,M,1869,1876,1870-1876,"['M', 'IY1']",angry,character1,big_center,cross_hands,True,green,M,M,0,1.0,False,projects/1/media/chunk_0_dipika.jpeg
1872,me,62.34,62.52,IY1,1869,1876,1870-1876,"['M', 'IY1']",angry,character1,big_center,cross_hands,True,green,M,M,0,1.0,False,projects/1/media/chunk_0_dipika.jpeg
1873,me,62.34,62.52,IY1,1869,1876,1870-1876,"['M', 'IY1']",angry,character1,big_center,cross_hands,True,green,M,M,0,1.0,False,projects/1/media/chunk_0_dipika.jpeg
1874,me,62.34,62.52,IY1,1869,1876,1870-1876,"['M', 'IY1']",angry,character1,big_center,cross_hands,True,green,M,M,0,1.0,False,projects/1/media/chunk_0_dipika.jpeg
1875,me,62.34,62.52,IY1,1869,1876,1870-1876,"['M', 'IY1']",angry,character1,big_center,cross_hands,True,green,M,M,0,1.0,False,projects/1/media/chunk_0_dipika.jpeg
1876,me,62.34,62.52,IY1,1869,1876,1870-1876,"['M', 'IY1']",angry,character1,big_center,cross_hands,True,green,M,M,0,1.0,False,projects/1/media/chunk_0_dipika.jpeg
1877,me,62.34,62.52,B,1869,1876,,"['M', 'IY1']",angry,character1,big_center,cross_hands,True,green,M,M,0,1.0,False,projects/1/media/chunk_0_dipika.jpeg
1878,me,62.34,62.52,B,1869,1876,,"['M', 'IY1']",angry,character1,big_center,cross_hands,True,green,M,M,0,1.0,False,projects/1/media/chunk_0_dipika.jpeg
1879,me,62.34,62.52,B,1869,1876,,"['M', 'IY1']",angry,character1,big_center,cross_hands,True,green,M,M,0,1.0,False,projects/1/media/chunk_0_dipika.jpeg
1880,me,62.34,62.52,B,1869,1876,,"['M', 'IY1']",angry,character1,big_center,cross_hands,True,green,M,M,0,1.0,False,projects/1/media/chunk_0_dipika.jpeg
1881,me,62.34,62.52,B,1869,1876,,"['M', 'IY1']",angry,character1,big_center,cross_hands,True,green,M,M,0,1.0,False,projects/1/media/chunk_0_dipika.jpeg
1882,me,62.34,62.52,B,1869,1876,,"['M', 'IY1']",angry,character1,big_center,cross_hands,True,green,M,M,0,1.0,False,projects/1/media/chunk_0_dipika.jpeg
1883,me,62.34,62.52,B,1869,1876,,"['M', 'IY1']",angry,character1,big_center,cross_hands,True,green,M,M,0,1.0,False,projects/1/media/chunk_0_dipika.jpeg
1884,me,62.34,62.52,B,1869,1876,,"['M', 'IY1']",angry,character1,big_center,cross_hands,True,green,M,M,0,1.0,False,projects/1/media/chunk_0_dipika.jpeg
1885,me,62.34,62.52,B,1869,1876,,"['M', 'IY1']",angry,character1,big_center,cross_hands,True,green,M,M,0,1.0,False,projects/1/media/chunk_0_dipika.jpeg
1886,me,62.34,62.52,B,1869,1876,,"['M', 'IY1']",angry,character1,big_center,cross_hands,True,green,M,M,0,1.0,False,projects/1/media/chunk_0_dipika.jpeg
1887,me,62.34,62.52,B,1869,1876,,"['M', 'IY1']",angry,character1,big_center,cross_hands,True,green,M,M,0,1.0,False,projects/1/media/chunk_0_dipika.jpeg
1888,me,62.34,62.52,B,1869,1876,,"['M', 'IY1']",angry,character1,big_center,cross_hands,True,green,M,M,0,1.0,False,projects/1/media/chunk_0_dipika.jpeg
1889,me,62.34,62.52,B,1869,1876,,"['M', 'IY1']",angry,character1,big_center,cross_hands,True,green,M,M,0,1.0,False,projects/1/media/chunk_0_dipika.jpeg
1890,me,62.34,62.52,B,1869,1876,,"['M', 'IY1']",angry,character1,big_center,cross_hands,True,green,M,M,0,1.0,False,projects/1/media/chunk_0_dipika.jpeg
1891,me,62.34,62.52,B,1869,1876,,"['M', 'IY1']",angry,character1,big_center,cross_hands,True,green,L,L,0,1.0,True,projects/1/media/chunk_0_dipika.jpeg
1892,me,62.34,62.52,B,1869,1876,,"['M', 'IY1']",angry,character1,big_center,cross_hands,True,green,L,L,0,1.0,True,projects/1/media/chunk_0_dipika.jpeg
1893,me,62.34,62.52,B,1869,1876,,"['M', 'IY1']",angry,character1,big_center,cross_hands,True,green,L,L,0,1.0,True,projects/1/media/chunk_0_dipika.jpeg
1894,me,62.34,62.52,B,1869,1876,,"['M', 'IY1']",angry,character1,big_center,cross_hands,True,green,L,L,0,1.0,True,projects/1/media/chunk_0_dipika.jpeg
1895,me,62.34,62.52,B,1869,1876,,"['M', 'IY1']",angry,character1,big_center,cross_hands,True,green,L,L,0,1.0,True,projects/1/media/chunk_0_dipika.jpeg
1896,me,62.34,62.52,B,1869,1876,,"['M', 'IY1']",angry,character1,big_center,cross_hands,True,green,L,L,0,1.0,False,projects/1/media/chunk_0_dipika.jpeg
1897,me,62.34,62.52,B,1869,1876,,"['M', 'IY1']",angry,character1,big_center,cross_hands,True,green,L,L,0,1.0,False,projects/1/media/chunk_0_dipika.jpeg
1898,me,62.34,62.52,B,1869,1876,,"['M', 'IY1']",angry,character1,big_center,cross_hands,True,green,L,L,0,1.0,False,projects/1/media/chunk_0_dipika.jpeg
1899,me,62.34,62.52,B,1869,1876,,"['M', 'IY1']",angry,character1,big_center,cross_hands,True,green,L,L,0,1.0,False,projects/1/media/chunk_0_dipika.jpeg
1900,me,62.34,62.52,B,1869,1876,,"['M', 'IY1']",angry,character1,big_center,cross_hands,True,green,L,L,0,1.0,False,projects/1/media/chunk_0_dipika.jpeg
1901,me,62.34,62.52,B,1869,1876,,"['M', 'IY1']",angry,character1,big_center,cross_hands,True,green,L,L,0,1.0,False,projects/1/media/chunk_0_dipika.jpeg
1902,me,62.34,62.52,B,1869,1876,,"['M', 'IY1']",angry,character1,big_center,cross_hands,True,green,L,L,0,1.0,False,projects/1/media/chunk_0_dipika.jpeg
1903,me,62.34,62.52,B,1869,1876,,"['M', 'IY1']",angry,character1,big_center,cross_hands,True,green,L,L,0,1.0,False,projects/1/media/chunk_0_dipika.jpeg
1904,me,62.34,62.52,B,1869,1876,,"['M', 'IY1']",angry,character1,big_center,cross_hands,True,green,L,L,0,1.0,False,projects/1/media/chunk_0_dipika.jpeg
1905,me,62.34,62.52,B,1869,1876,,"['M', 'IY1']",angry,character1,big_center,cross_hands,True,green,L,L,0,1.0,False,projects/1/media/chunk_0_dipika.jpeg
1906,me,62.34,62.52,B,1869,1876,,"['M', 'IY1']",angry,character1,big_center,cross_hands,True,green,L,L,0,1.0,False,projects/1/media/chunk_0_dipika.jpeg
1907,me,62.34,62.52,B,1869,1876,,"['M', 'IY1']",angry,character1,big_center,cross_hands,True,green,L,L,0,1.0,False,projects/1/media/chunk_0_dipika.jpeg
1908,me,62.34,62.52,B,1869,1876,,"['M', 'IY1']",angry,character1,big_center,cross_hands,True,green,L,L,0,1.0,False,projects/1/media/chunk_0_dipika.jpeg
1909,me,62.34,62.52,B,1869,1876,,"['M', 'IY1']",angry,character1,big_center,cross_hands,True,green,L,L,0,1.0,False,projects/1/media/chunk_0_dipika.jpeg
1910,that's,63.66,64.04,TH,1910,1921,1910-1921,"['TH', 'AE1', 'T', 'S']",angry,character1,big_center,cross_hands,True,green,L,L,0,1.0,False,projects/1/media/chunk_0_dipika.jpeg
1911,that's,63.66,64.04,TH,1910,1921,1910-1921,"['TH', 'AE1', 'T', 'S']",angry,character1,big_center,cross_hands,True,green,L,L,0,1.0,False,projects/1/media/chunk_0_dipika.jpeg
1912,that's,63.66,64.04,TH,1910,1921,1910-1921,"['TH', 'AE1', 'T', 'S']",angry,character1,big_center,cross_hands,True,green,L,L,0,1.0,False,projects/1/media/chunk_0_dipika.jpeg
1913,that's,63.66,64.04,AE1,1910,1921,1910-1921,"['TH', 'AE1', 'T', 'S']",angry,character1,big_center,cross_hands,True,green,L,L,0,1.0,False,projects/1/media/chunk_0_dipika.jpeg
1914,that's,63.66,64.04,AE1,1910,1921,1910-1921,"['TH', 'AE1', 'T', 'S']",angry,character1,big_center,cross_hands,True,green,L,L,0,1.0,False,projects/1/media/chunk_0_dipika.jpeg
1915,that's,63.66,64.04,AE1,1910,1921,1910-1921,"['TH', 'AE1', 'T', 'S']",angry,character1,big_center,cross_hands,True,green,L,L,0,1.0,False,projects/1/media/chunk_0_dipika.jpeg
1916,that's,63.66,64.04,AE1,1910,1921,1910-1921,"['TH', 'AE1', 'T', 'S']",angry,character1,big_center,cross_hands,True,green,L,L,0,1.0,False,projects/1/media/chunk_0_dipika.jpeg
1917,that's,63.66,64.04,T,1910,1921,1910-1921,"['TH', 'AE1', 'T', 'S']",angry,character1,big_center,cross_hands,True,green,L,L,0,1.0,False,projects/1/media/chunk_0_dipika.jpeg
1918,that's,63.66,64.04,T,1910,1921,1910-1921,"['TH', 'AE1', 'T', 'S']",angry,character1,big_center,cross_hands,True,green,L,L,0,1.0,False,projects/1/media/chunk_0_dipika.jpeg
1919,that's,63.66,64.04,S,1910,1921,1910-1921,"['TH', 'AE1', 'T', 'S']",angry,character1,big_center,cross_hands,True,green,L,L,0,1.0,False,projects/1/media/chunk_0_dipika.jpeg
1920,that's,63.66,64.04,S,1910,1921,1910-1921,"['TH', 'AE1', 'T', 'S']",angry,character1,big_center,cross_hands,True,green,L,L,0,1.0,False,projects/1/media/chunk_0_dipika.jpeg
1920,it,64.04,64.2,IH1,1920,1926,1921-1926,"['IH1', 'T']",angry,character1,big_center,cross_hands,True,green,L,L,0,1.0,False,projects/1/media/chunk_0_dipika.jpeg
1921,that's,63.66,64.04,S,1910,1921,1910-1921,"['TH', 'AE1', 'T', 'S']",angry,character1,big_center,cross_hands,True,green,L,L,0,1.0,False,projects/1/media/chunk_0_dipika.jpeg
1921,it,64.04,64.2,IH1,1920,1926,1921-1926,"['IH1', 'T']",angry,character1,big_center,cross_hands,True,green,L,L,0,1.0,False,projects/1/media/chunk_0_dipika.jpeg
1922,it,64.04,64.2,IH1,1920,1926,1921-1926,"['IH1', 'T']",angry,character1,big_center,cross_hands,True,green,L,L,0,1.0,False,projects/1/media/chunk_0_dipika.jpeg
1923,it,64.04,64.2,IH1,1920,1926,1921-1926,"['IH1', 'T']",angry,character1,big_center,cross_hands,True,green,L,L,0,1.0,False,projects/1/media/chunk_0_dipika.jpeg
1924,it,64.04,64.2,IH1,1920,1926,1921-1926,"['IH1', 'T']",angry,character1,big_center,cross_hands,True,green,L,L,0,1.0,False,projects/1/media/chunk_0_dipika.jpeg
1925,it,64.04,64.2,T,1920,1926,1921-1926,"['IH1', 'T']",angry,character1,big_center,cross_hands,True,green,L,L,0,1.0,False,projects/1/media/chunk_0_dipika.jpeg
1926,it,64.04,64.2,T,1920,1926,1921-1926,"['IH1', 'T']",angry,character1,big_center,cross_hands,True,green,L,L,0,1.0,False,projects/1/media/chunk_0_dipika.jpeg
1927,it,64.04,64.2,B,1920,1926,,"['IH1', 'T']",angry,character1,big_center,cross_hands,True,green,L,L,0,1.0,False,projects/1/media/chunk_0_dipika.jpeg
1928,it,64.04,64.2,B,1920,1926,,"['IH1', 'T']",angry,character1,big_center,cross_hands,True,green,L,L,0,1.0,False,projects/1/media/chunk_0_dipika.jpeg
1929,it,64.04,64.2,B,1920,1926,,"['IH1', 'T']",angry,character1,big_center,cross_hands,True,green,L,L,0,1.0,False,projects/1/media/chunk_0_dipika.jpeg
1930,it,64.04,64.2,B,1920,1926,,"['IH1', 'T']",angry,character1,big_center,cross_hands,True,green,L,L,0,1.0,False,projects/1/media/chunk_0_dipika.jpeg
1931,it,64.04,64.2,B,1920,1926,,"['IH1', 'T']",angry,character1,big_center,cross_hands,True,green,L,L,0,1.0,False,projects/1/media/chunk_0_dipika.jpeg
1932,it,64.04,64.2,B,1920,1926,,"['IH1', 'T']",angry,character1,big_center,cross_hands,True,green,L,L,0,1.0,False,projects/1/media/chunk_0_dipika.jpeg
1933,it,64.04,64.2,B,1920,1926,,"['IH1', 'T']",angry,character1,big_center,cross_hands,True,green,L,L,0,1.0,False,projects/1/media/chunk_0_dipika.jpeg
1934,it,64.04,64.2,B,1920,1926,,"['IH1', 'T']",angry,character1,big_center,cross_hands,True,green,L,L,0,1.0,False,projects/1/media/chunk_0_dipika.jpeg
1935,it,64.04,64.2,B,1920,1926,,"['IH1', 'T']",angry,character1,big_center,cross_hands,True,green,L,L,0,1.0,False,projects/1/media/chunk_0_dipika.jpeg
1936,it,64.04,64.2,B,1920,1926,,"['IH1', 'T']",angry,character1,big_center,cross_hands,True,green,L,L,0,1.0,False,projects/1/media/chunk_0_dipika.jpeg
1937,it,64.04,64.2,B,1920,1926,,"['IH1', 'T']",angry,character1,big_center,cross_hands,True,green,L,L,0,1.0,False,projects/1/media/chunk_0_dipika.jpeg
1938,it,64.04,64.2,B,1920,1926,,"['IH1', 'T']",angry,character1,big_center,cross_hands,True,green,L,L,0,1.0,False,projects/1/media/chunk_0_dipika.jpeg
1939,it,64.04,64.2,B,1920,1926,,"['IH1', 'T']",angry,character1,big_center,cross_hands,True,green,L,L,0,1.0,False,projects/1/media/chunk_0_dipika.jpeg
1940,it,64.04,64.2,B,1920,1926,,"['IH1', 'T']",angry,character1,big_center,cross_hands,True,green,L,L,0,1.0,False,projects/1/media/chunk_0_dipika.jpeg
1941,it,64.04,64.2,B,1920,1926,,"['IH1', 'T']",angry,character1,big_center,cross_hands,True,green,L,L,0,1.0,False,projects/1/media/chunk_0_dipika.jpeg
1942,it,64.04,64.2,B,1920,1926,,"['IH1', 'T']",angry,character1,big_center,cross_hands,True,green,L,L,0,1.0,False,projects/1/media/chunk_0_dipika.jpeg
1943,it,64.04,64.2,B,1920,1926,,"['IH1', 'T']",angry,character1,big_center,cross_hands,True,green,L,L,0,1.0,False,projects/1/media/chunk_0_dipika.jpeg
1944,it,64.04,64.2,B,1920,1926,,"['IH1', 'T']",angry,character1,big_center,cross_hands,True,green,L,L,0,1.0,False,projects/1/media/chunk_0_dipika.jpeg
1945,it,64.04,64.2,B,1920,1926,,"['IH1', 'T']",angry,character1,big_center,cross_hands,True,green,L,L,0,1.0,False,projects/1/media/chunk_0_dipika.jpeg
1946,it,64.04,64.2,B,1920,1926,,"['IH1', 'T']",angry,character1,big_center,cross_hands,True,green,L,L,0,1.0,False,projects/1/media/chunk_0_dipika.jpeg
1947,it,64.04,64.2,B,1920,1926,,"['IH1', 'T']",angry,character1,big_center,cross_hands,True,green,L,L,0,1.0,False,projects/1/media/chunk_0_dipika.jpeg
1948,it,64.04,64.2,B,1920,1926,,"['IH1', 'T']",angry,character1,big_center,cross_hands,True,green,L,L,0,1.0,False,projects/1/media/chunk_0_dipika.jpeg
1949,it,64.04,64.2,B,1920,1926,,"['IH1', 'T']",angry,character1,big_center,cross_hands,True,green,L,L,0,1.0,False,projects/1/media/chunk_0_dipika.jpeg
1950,it,64.04,64.2,B,1920,1926,,"['IH1', 'T']",angry,character1,big_center,cross_hands,True,green,L,L,0,1.0,False,projects/1/media/chunk_0_dipika.jpeg
1951,editor,65.04,65.38,EH1,1951,1961,1951-1961,"['EH1', 'D', 'AH0', 'T', 'ER0']",angry,character1,big_center,cross_hands,True,green,L,L,0,1.0,False,projects/1/media/chunk_0_dipika.jpeg
1952,editor,65.04,65.38,EH1,1951,1961,1951-1961,"['EH1', 'D', 'AH0', 'T', 'ER0']",angry,character1,big_center,cross_hands,True,green,L,L,0,1.0,False,projects/1/media/chunk_0_dipika.jpeg
1953,editor,65.04,65.38,EH1,1951,1961,1951-1961,"['EH1', 'D', 'AH0', 'T', 'ER0']",angry,character1,big_center,cross_hands,True,green,L,L,0,1.0,False,projects/1/media/chunk_0_dipika.jpeg
1954,editor,65.04,65.38,D,1951,1961,1951-1961,"['EH1', 'D', 'AH0', 'T', 'ER0']",angry,character1,big_center,cross_hands,True,green,L,L,0,1.0,False,projects/1/media/chunk_0_dipika.jpeg
1955,editor,65.04,65.38,AH0,1951,1961,1951-1961,"['EH1', 'D', 'AH0', 'T', 'ER0']",angry,character1,big_center,cross_hands,True,green,L,L,0,1.0,False,projects/1/media/chunk_0_dipika.jpeg
1956,editor,65.04,65.38,AH0,1951,1961,1951-1961,"['EH1', 'D', 'AH0', 'T', 'ER0']",angry,character1,big_center,cross_hands,True,green,L,L,0,1.0,False,projects/1/media/chunk_0_dipika.jpeg
1957,editor,65.04,65.38,AH0,1951,1961,1951-1961,"['EH1', 'D', 'AH0', 'T', 'ER0']",angry,character1,big_center,cross_hands,True,green,L,L,0,1.0,False,projects/1/media/chunk_0_dipika.jpeg
1958,editor,65.04,65.38,T,1951,1961,1951-1961,"['EH1', 'D', 'AH0', 'T', 'ER0']",angry,character1,big_center,cross_hands,True,green,L,L,0,1.0,False,projects/1/media/chunk_0_dipika.jpeg
1959,editor,65.04,65.38,ER0,1951,1961,1951-1961,"['EH1', 'D', 'AH0', 'T', 'ER0']",angry,character1,big_center,cross_hands,True,green,L,L,0,1.0,False,projects/1/media/chunk_0_dipika.jpeg
1960,editor,65.04,65.38,ER0,1951,1961,1951-1961,"['EH1', 'D', 'AH0', 'T', 'ER0']",angry,character1,big_center,cross_hands,True,green,L,L,0,1.0,False,projects/1/media/chunk_0_dipika.jpeg
1960,stop,65.38,65.9,S,1960,1977,1961-1977,"['S', 'T', 'AA1', 'P']",angry,character1,big_center,cross_hands,True,green,L,L,0,1.0,False,projects/1/media/chunk_0_dipika.jpeg
1961,editor,65.04,65.38,ER0,1951,1961,1951-1961,"['EH1', 'D', 'AH0', 'T', 'ER0']",angry,character1,big_center,cross_hands,True,green,M,M,0,1.0,False,projects/1/media/chunk_0_dipika.jpeg
1961,stop,65.38,65.9,S,1960,1977,1961-1977,"['S', 'T', 'AA1', 'P']",angry,character1,big_center,cross_hands,True,green,M,M,0,1.0,False,projects/1/media/chunk_0_dipika.jpeg
1962,stop,65.38,65.9,S,1960,1977,1961-1977,"['S', 'T', 'AA1', 'P']",angry,character1,big_center,cross_hands,True,green,M,M,0,1.0,False,projects/1/media/chunk_0_dipika.jpeg
1963,stop,65.38,65.9,S,1960,1977,1961-1977,"['S', 'T', 'AA1', 'P']",angry,character1,big_center,cross_hands,True,green,M,M,0,1.0,False,projects/1/media/chunk_0_dipika.jpeg
1964,stop,65.38,65.9,S,1960,1977,1961-1977,"['S', 'T', 'AA1', 'P']",angry,character1,big_center,cross_hands,True,green,M,M,0,1.0,False,projects/1/media/chunk_0_dipika.jpeg
1965,stop,65.38,65.9,T,1960,1977,1961-1977,"['S', 'T', 'AA1', 'P']",angry,character1,big_center,cross_hands,True,green,M,M,0,1.0,False,projects/1/media/chunk_0_dipika.jpeg
1966,stop,65.38,65.9,T,1960,1977,1961-1977,"['S', 'T', 'AA1', 'P']",angry,character1,big_center,cross_hands,True,green,M,M,0,1.0,False,projects/1/media/chunk_0_dipika.jpeg
1967,stop,65.38,65.9,T,1960,1977,1961-1977,"['S', 'T', 'AA1', 'P']",angry,character1,big_center,cross_hands,True,green,M,M,0,1.0,False,projects/1/media/chunk_0_dipika.jpeg
1968,stop,65.38,65.9,AA1,1960,1977,1961-1977,"['S', 'T', 'AA1', 'P']",angry,character1,big_center,cross_hands,True,green,M,M,0,1.0,False,projects/1/media/chunk_0_dipika.jpeg
1969,stop,65.38,65.9,AA1,1960,1977,1961-1977,"['S', 'T', 'AA1', 'P']",angry,character1,big_center,cross_hands,True,green,M,M,0,1.0,False,projects/1/media/chunk_0_dipika.jpeg
1970,stop,65.38,65.9,AA1,1960,1977,1961-1977,"['S', 'T', 'AA1', 'P']",angry,character1,big_center,cross_hands,True,green,M,M,0,1.0,False,projects/1/media/chunk_0_dipika.jpeg
1971,stop,65.38,65.9,AA1,1960,1977,1961-1977,"['S', 'T', 'AA1', 'P']",angry,character1,big_center,cross_hands,True,green,M,M,0,1.0,False,projects/1/media/chunk_0_dipika.jpeg
1972,stop,65.38,65.9,AA1,1960,1977,1961-1977,"['S', 'T', 'AA1', 'P']",angry,character1,big_center,cross_hands,True,green,M,M,0,1.0,False,projects/1/media/chunk_0_dipika.jpeg
1973,stop,65.38,65.9,AA1,1960,1977,1961-1977,"['S', 'T', 'AA1', 'P']",angry,character1,big_center,cross_hands,True,green,M,M,0,1.0,False,projects/1/media/chunk_0_dipika.jpeg
1974,stop,65.38,65.9,AA1,1960,1977,1961-1977,"['S', 'T', 'AA1', 'P']",angry,character1,big_center,cross_hands,True,green,M,M,0,1.0,False,projects/1/media/chunk_0_dipika.jpeg
1975,stop,65.38,65.9,P,1960,1977,1961-1977,"['S', 'T', 'AA1', 'P']",angry,character1,big_center,cross_hands,True,green,M,M,0,1.0,False,projects/1/media/chunk_0_dipika.jpeg
1976,stop,65.38,65.9,P,1960,1977,1961-1977,"['S', 'T', 'AA1', 'P']",angry,character1,big_center,cross_hands,True,green,M,M,0,1.0,False,projects/1/media/chunk_0_dipika.jpeg
1976,adding,65.9,66.22,AE1,1976,1987,1977-1987,"['AE1', 'D', 'IH0', 'NG']",angry,character1,big_center,cross_hands,True,green,M,M,0,1.0,False,projects/1/media/chunk_0_dipika.jpeg
1977,stop,65.38,65.9,P,1960,1977,1961-1977,"['S', 'T', 'AA1', 'P']",angry,character1,big_center,cross_hands,True,green,M,M,0,1.0,False,projects/1/media/chunk_0_dipika.jpeg
1977,adding,65.9,66.22,AE1,1976,1987,1977-1987,"['AE1', 'D', 'IH0', 'NG']",angry,character1,big_center,cross_hands,True,green,M,M,0,1.0,False,projects/1/media/chunk_0_dipika.jpeg
1978,adding,65.9,66.22,AE1,1976,1987,1977-1987,"['AE1', 'D', 'IH0', 'NG']",angry,character1,big_center,cross_hands,True,green,M,M,0,1.0,False,projects/1/media/chunk_0_dipika.jpeg
1979,adding,65.9,66.22,AE1,1976,1987,1977-1987,"['AE1', 'D', 'IH0', 'NG']",angry,character1,big_center,cross_hands,True,green,M,M,0,1.0,False,projects/1/media/chunk_0_dipika.jpeg
1980,adding,65.9,66.22,D,1976,1987,1977-1987,"['AE1', 'D', 'IH0', 'NG']",angry,character1,big_center,cross_hands,True,green,M,M,0,1.0,False,projects/1/media/chunk_0_dipika.jpeg
1981,adding,65.9,66.22,IH0,1976,1987,1977-1987,"['AE1', 'D', 'IH0', 'NG']",angry,character1,big_center,cross_hands,True,green,M,M,0,1.0,False,projects/1/media/chunk_0_dipika.jpeg
1982,adding,65.9,66.22,IH0,1976,1987,1977-1987,"['AE1', 'D', 'IH0', 'NG']",angry,character1,big_center,cross_hands,True,green,M,M,0,1.0,False,projects/1/media/chunk_0_dipika.jpeg
1983,adding,65.9,66.22,IH0,1976,1987,1977-1987,"['AE1', 'D', 'IH0', 'NG']",angry,character1,big_center,cross_hands,True,green,M,M,0,1.0,False,projects/1/media/chunk_0_dipika.jpeg
1984,adding,65.9,66.22,IH0,1976,1987,1977-1987,"['AE1', 'D', 'IH0', 'NG']",angry,character1,big_center,cross_hands,True,green,M,M,0,1.0,False,projects/1/media/chunk_0_dipika.jpeg
1985,adding,65.9,66.22,NG,1976,1987,1977-1987,"['AE1', 'D', 'IH0', 'NG']",angry,character1,big_center,cross_hands,True,green,M,M,0,1.0,False,projects/1/media/chunk_0_dipika.jpeg
1986,adding,65.9,66.22,NG,1976,1987,1977-1987,"['AE1', 'D', 'IH0', 'NG']",angry,character1,big_center,cross_hands,True,green,M,M,0,1.0,False,projects/1/media/chunk_0_dipika.jpeg
1986,sound,66.22,66.52,S,1986,1996,1987-1996,"['S', 'AW1', 'N', 'D']",angry,character1,big_center,cross_hands,True,green,M,M,0,1.0,False,projects/1/media/chunk_0_dipika.jpeg
1987,adding,65.9,66.22,NG,1976,1987,1977-1987,"['AE1', 'D', 'IH0', 'NG']",angry,character1,big_center,cross_hands,True,green,M,M,0,1.0,False,projects/1/media/chunk_0_dipika.jpeg
1987,sound,66.22,66.52,S,1986,1996,1987-1996,"['S', 'AW1', 'N', 'D']",angry,character1,big_center,cross_hands,True,green,M,M,0,1.0,False,projects/1/media/chunk_0_dipika.jpeg
1988,sound,66.22,66.52,S,1986,1996,1987-1996,"['S', 'AW1', 'N', 'D']",angry,character1,big_center,cross_hands,True,green,M,M,0,1.0,False,projects/1/media/chunk_0_dipika.jpeg
1989,sound,66.22,66.52,AW1,1986,1996,1987-1996,"['S', 'AW1', 'N', 'D']",angry,character1,big_center,cross_hands,True,green,M,M,0,1.0,False,projects/1/media/chunk_0_dipika.jpeg
1990,sound,66.22,66.52,AW1,1986,1996,1987-1996,"['S', 'AW1', 'N', 'D']",angry,character1,big_center,cross_hands,True,green,M,M,0,1.0,False,projects/1/media/chunk_0_dipika.jpeg
1991,sound,66.22,66.52,AW1,1986,1996,1987-1996,"['S', 'AW1', 'N', 'D']",angry,character1,big_center,cross_hands,True,green,M,M,0,1.0,False,projects/1/media/chunk_0_dipika.jpeg
1992,sound,66.22,66.52,AW1,1986,1996,1987-1996,"['S', 'AW1', 'N', 'D']",angry,character1,big_center,cross_hands,True,green,M,M,0,1.0,False,projects/1/media/chunk_0_dipika.jpeg
1993,sound,66.22,66.52,N,1986,1996,1987-1996,"['S', 'AW1', 'N', 'D']",angry,character1,big_center,cross_hands,True,green,M,M,0,1.0,False,projects/1/media/chunk_0_dipika.jpeg
1994,sound,66.22,66.52,N,1986,1996,1987-1996,"['S', 'AW1', 'N', 'D']",angry,character1,big_center,cross_hands,True,green,M,M,0,1.0,False,projects/1/media/chunk_0_dipika.jpeg
1995,sound,66.22,66.52,N,1986,1996,1987-1996,"['S', 'AW1', 'N', 'D']",angry,character1,big_center,cross_hands,True,green,M,M,0,1.0,False,projects/1/media/chunk_0_dipika.jpeg
1995,effects,66.52,66.86,IH0,1995,2006,1996-2006,"['IH0', 'F', 'EH1', 'K', 'T', 'S']",angry,character1,big_center,cross_hands,True,green,M,M,0,1.0,False,projects/1/media/chunk_0_dipika.jpeg
1996,effects,66.52,66.86,IH0,1995,2006,1996-2006,"['IH0', 'F', 'EH1', 'K', 'T', 'S']",angry,character1,big_center,cross_hands,True,green,M,M,5,1.0,False,projects/1/media/chunk_0_dipika.jpeg
1996,sound,66.22,66.52,D,1986,1996,1987-1996,"['S', 'AW1', 'N', 'D']",angry,character1,big_center,cross_hands,True,green,M,M,5,1.0,False,projects/1/media/chunk_0_dipika.jpeg
1997,effects,66.52,66.86,IH0,1995,2006,1996-2006,"['IH0', 'F', 'EH1', 'K', 'T', 'S']",angry,character1,big_center,cross_hands,True,green,M,M,5,1.0,False,projects/1/media/chunk_0_dipika.jpeg
1998,effects,66.52,66.86,F,1995,2006,1996-2006,"['IH0', 'F', 'EH1', 'K', 'T', 'S']",angry,character1,big_center,cross_hands,True,green,M,M,5,1.0,False,projects/1/media/chunk_0_dipika.jpeg
1999,effects,66.52,66.86,F,1995,2006,1996-2006,"['IH0', 'F', 'EH1', 'K', 'T', 'S']",angry,character1,big_center,cross_hands,True,green,M,M,5,1.0,False,projects/1/media/chunk_0_dipika.jpeg
2000,effects,66.52,66.86,EH1,1995,2006,1996-2006,"['IH0', 'F', 'EH1', 'K', 'T', 'S']",angry,character1,big_center,cross_hands,True,green,M,M,5,1.0,False,projects/1/media/chunk_0_dipika.jpeg
2001,effects,66.52,66.86,EH1,1995,2006,1996-2006,"['IH0', 'F', 'EH1', 'K', 'T', 'S']",angry,character1,big_center,cross_hands,True,green,M,M,5,1.0,False,projects/1/media/chunk_0_dipika.jpeg
2002,effects,66.52,66.86,EH1,1995,2006,1996-2006,"['IH0', 'F', 'EH1', 'K', 'T', 'S']",angry,character1,big_center,cross_hands,True,green,M,M,5,1.0,False,projects/1/media/chunk_0_dipika.jpeg
2003,effects,66.52,66.86,K,1995,2006,1996-2006,"['IH0', 'F', 'EH1', 'K', 'T', 'S']",angry,character1,big_center,cross_hands,True,green,M,M,5,1.0,False,projects/1/media/chunk_0_dipika.jpeg
2004,effects,66.52,66.86,T,1995,2006,1996-2006,"['IH0', 'F', 'EH1', 'K', 'T', 'S']",angry,character1,big_center,cross_hands,True,green,M,M,5,1.0,False,projects/1/media/chunk_0_dipika.jpeg
2005,effects,66.52,66.86,S,1995,2006,1996-2006,"['IH0', 'F', 'EH1', 'K', 'T', 'S']",angry,character1,big_center,cross_hands,True,green,M,M,5,1.0,False,projects/1/media/chunk_0_dipika.jpeg
2005,every,66.86,67.16,EH1,2005,2015,2006-2015,"['EH1', 'V', 'ER0', 'IY0']",angry,character1,big_center,cross_hands,True,green,M,M,5,1.0,False,projects/1/media/chunk_0_dipika.jpeg
2006,effects,66.52,66.86,S,1995,2006,1996-2006,"['IH0', 'F', 'EH1', 'K', 'T', 'S']",angry,character1,big_center,cross_hands,True,green,M,M,5,1.0,False,projects/1/media/chunk_0_dipika.jpeg
2006,every,66.86,67.16,EH1,2005,2015,2006-2015,"['EH1', 'V', 'ER0', 'IY0']",angry,character1,big_center,cross_hands,True,green,M,M,5,1.0,False,projects/1/media/chunk_0_dipika.jpeg
2007,every,66.86,67.16,EH1,2005,2015,2006-2015,"['EH1', 'V', 'ER0', 'IY0']",angry,character1,big_center,cross_hands,True,green,M,M,5,1.0,False,projects/1/media/chunk_0_dipika.jpeg
2008,every,66.86,67.16,V,2005,2015,2006-2015,"['EH1', 'V', 'ER0', 'IY0']",angry,character1,big_center,cross_hands,True,green,M,M,5,1.0,False,projects/1/media/chunk_0_dipika.jpeg
2009,every,66.86,67.16,V,2005,2015,2006-2015,"['EH1', 'V', 'ER0', 'IY0']",angry,character1,big_center,cross_hands,True,green,M,M,5,1.0,False,projects/1/media/chunk_0_dipika.jpeg
2010,every,66.86,67.16,ER0,2005,2015,2006-2015,"['EH1', 'V', 'ER0', 'IY0']",angry,character1,big_center,cross_hands,True,green,M,M,5,1.0,False,projects/1/media/chunk_0_dipika.jpeg
2011,every,66.86,67.16,ER0,2005,2015,2006-2015,"['EH1', 'V', 'ER0', 'IY0']",angry,character1,big_center,cross_hands,True,green,M,M,5,1.0,False,projects/1/media/chunk_0_dipika.jpeg
2012,every,66.86,67.16,ER0,2005,2015,2006-2015,"['EH1', 'V', 'ER0', 'IY0']",angry,character1,big_center,cross_hands,True,green,M,M,5,1.0,False,projects/1/media/chunk_0_dipika.jpeg
2013,every,66.86,67.16,IY0,2005,2015,2006-2015,"['EH1', 'V', 'ER0', 'IY0']",angry,character1,big_center,cross_hands,True,green,M,M,5,1.0,False,projects/1/media/chunk_0_dipika.jpeg
2014,every,66.86,67.16,IY0,2005,2015,2006-2015,"['EH1', 'V', 'ER0', 'IY0']",angry,character1,big_center,cross_hands,True,green,M,M,5,1.0,False,projects/1/media/chunk_0_dipika.jpeg
2014,time,67.16,67.42,T,2014,2023,2015-2023,"['T', 'AY1', 'M']",angry,character1,big_center,cross_hands,True,green,M,M,5,1.0,False,projects/1/media/chunk_0_dipika.jpeg
2015,every,66.86,67.16,IY0,2005,2015,2006-2015,"['EH1', 'V', 'ER0', 'IY0']",angry,character1,big_center,cross_hands,True,green,M,M,5,1.0,False,projects/1/media/chunk_0_dipika.jpeg
2015,time,67.16,67.42,T,2014,2023,2015-2023,"['T', 'AY1', 'M']",angry,character1,big_center,cross_hands,True,green,M,M,5,1.0,False,projects/1/media/chunk_0_dipika.jpeg
2016,time,67.16,67.42,AY1,2014,2023,2015-2023,"['T', 'AY1', 'M']",angry,character1,big_center,cross_hands,True,green,M,M,5,1.0,False,projects/1/media/chunk_0_dipika.jpeg
2017,time,67.16,67.42,AY1,2014,2023,2015-2023,"['T', 'AY1', 'M']",angry,character1,big_center,cross_hands,True,green,M,M,5,1.0,False,projects/1/media/chunk_0_dipika.jpeg
2018,time,67.16,67.42,AY1,2014,2023,2015-2023,"['T', 'AY1', 'M']",angry,character1,big_center,cross_hands,True,green,M,M,5,1.0,False,projects/1/media/chunk_0_dipika.jpeg
2019,time,67.16,67.42,AY1,2014,2023,2015-2023,"['T', 'AY1', 'M']",angry,character1,big_center,cross_hands,True,green,M,M,5,1.0,False,projects/1/media/chunk_0_dipika.jpeg
2020,time,67.16,67.42,AY1,2014,2023,2015-2023,"['T', 'AY1', 'M']",angry,character1,big_center,cross_hands,True,green,M,M,5,1.0,False,projects/1/media/chunk_0_dipika.jpeg
2021,time,67.16,67.42,M,2014,2023,2015-2023,"['T', 'AY1', 'M']",angry,character1,big_center,cross_hands,True,green,M,M,5,1.0,False,projects/1/media/chunk_0_dipika.jpeg
2022,I,67.42,67.58,AY1,2022,2027,2023-2027,['AY1'],angry,character1,big_center,cross_hands,True,green,M,M,5,1.0,False,projects/1/media/chunk_0_dipika.jpeg
2022,time,67.16,67.42,M,2014,2023,2015-2023,"['T', 'AY1', 'M']",angry,character1,big_center,cross_hands,True,green,M,M,5,1.0,False,projects/1/media/chunk_0_dipika.jpeg
2023,time,67.16,67.42,M,2014,2023,2015-2023,"['T', 'AY1', 'M']",angry,character1,big_center,cross_hands,True,green,M,M,5,1.0,False,projects/1/media/chunk_0_dipika.jpeg
2023,I,67.42,67.58,AY1,2022,2027,2023-2027,['AY1'],angry,character1,big_center,cross_hands,True,green,M,M,5,1.0,False,projects/1/media/chunk_0_dipika.jpeg
2024,I,67.42,67.58,AY1,2022,2027,2023-2027,['AY1'],angry,character1,big_center,cross_hands,True,green,M,M,5,1.0,False,projects/1/media/chunk_0_dipika.jpeg
2025,I,67.42,67.58,AY1,2022,2027,2023-2027,['AY1'],angry,character1,big_center,cross_hands,True,green,M,M,5,1.0,False,projects/1/media/chunk_0_dipika.jpeg
2026,I,67.42,67.58,AY1,2022,2027,2023-2027,['AY1'],angry,character1,big_center,cross_hands,True,green,M,M,5,1.0,False,projects/1/media/chunk_0_dipika.jpeg
2026,blink,67.58,67.8,B,2026,2034,2027-2034,"['B', 'L', 'IH1', 'NG', 'K']",angry,character1,big_center,cross_hands,True,green,M,M,5,1.0,False,projects/1/media/chunk_0_dipika.jpeg
2027,I,67.42,67.58,AY1,2022,2027,2023-2027,['AY1'],angry,character1,big_center,cross_hands,True,green,M,M,5,1.0,False,projects/1/media/chunk_0_dipika.jpeg
2027,blink,67.58,67.8,L,2026,2034,2027-2034,"['B', 'L', 'IH1', 'NG', 'K']",angry,character1,big_center,cross_hands,True,green,M,M,5,1.0,False,projects/1/media/chunk_0_dipika.jpeg
2028,blink,67.58,67.8,L,2026,2034,2027-2034,"['B', 'L', 'IH1', 'NG', 'K']",angry,character1,big_center,cross_hands,True,green,M,M,5,1.0,False,projects/1/media/chunk_0_dipika.jpeg
2029,blink,67.58,67.8,IH1,2026,2034,2027-2034,"['B', 'L', 'IH1', 'NG', 'K']",angry,character1,big_center,cross_hands,True,green,M,M,5,1.0,False,projects/1/media/chunk_0_dipika.jpeg
2030,blink,67.58,67.8,IH1,2026,2034,2027-2034,"['B', 'L', 'IH1', 'NG', 'K']",angry,character1,big_center,cross_hands,True,green,M,M,5,1.0,False,projects/1/media/chunk_0_dipika.jpeg
2031,blink,67.58,67.8,IH1,2026,2034,2027-2034,"['B', 'L', 'IH1', 'NG', 'K']",angry,character1,big_center,cross_hands,True,green,M,M,5,1.0,False,projects/1/media/chunk_0_dipika.jpeg
2032,blink,67.58,67.8,NG,2026,2034,2027-2034,"['B', 'L', 'IH1', 'NG', 'K']",angry,character1,big_center,cross_hands,True,green,M,M,5,1.0,False,projects/1/media/chunk_0_dipika.jpeg
2033,blink,67.58,67.8,NG,2026,2034,2027-2034,"['B', 'L', 'IH1', 'NG', 'K']",angry,character1,big_center,cross_hands,True,green,M,M,5,1.0,False,projects/1/media/chunk_0_dipika.jpeg
2034,blink,67.58,67.8,K,2026,2034,2027-2034,"['B', 'L', 'IH1', 'NG', 'K']",angry,character1,big_center,cross_hands,True,green,M,M,5,1.0,False,projects/1/media/chunk_0_dipika.jpeg
2035,blink,67.58,67.8,B,2026,2034,,"['B', 'L', 'IH1', 'NG', 'K']",angry,character1,big_center,cross_hands,True,green,M,R,5,1.0,False,projects/1/media/chunk_0_dipika.jpeg
2036,blink,67.58,67.8,B,2026,2034,,"['B', 'L', 'IH1', 'NG', 'K']",angry,character1,big_center,cross_hands,True,green,M,R,5,1.0,False,projects/1/media/chunk_0_dipika.jpeg
2037,blink,67.58,67.8,B,2026,2034,,"['B', 'L', 'IH1', 'NG', 'K']",angry,character1,big_center,cross_hands,True,green,M,R,5,1.0,False,projects/1/media/chunk_0_dipika.jpeg
2038,blink,67.58,67.8,B,2026,2034,,"['B', 'L', 'IH1', 'NG', 'K']",angry,character1,big_center,cross_hands,True,green,M,R,5,1.0,False,projects/1/media/chunk_0_dipika.jpeg
2039,blink,67.58,67.8,B,2026,2034,,"['B', 'L', 'IH1', 'NG', 'K']",angry,character1,big_center,cross_hands,True,green,M,R,5,1.0,False,projects/1/media/chunk_0_dipika.jpeg
2040,blink,67.58,67.8,B,2026,2034,,"['B', 'L', 'IH1', 'NG', 'K']",angry,character1,big_center,cross_hands,True,green,M,R,5,1.0,False,projects/1/media/chunk_0_dipika.jpeg
2041,blink,67.58,67.8,B,2026,2034,,"['B', 'L', 'IH1', 'NG', 'K']",angry,character1,big_center,cross_hands,True,green,M,R,5,1.0,False,projects/1/media/chunk_0_dipika.jpeg
2042,blink,67.58,67.8,B,2026,2034,,"['B', 'L', 'IH1', 'NG', 'K']",angry,character1,big_center,cross_hands,True,green,M,R,5,1.0,False,projects/1/media/chunk_0_dipika.jpeg
2043,blink,67.58,67.8,B,2026,2034,,"['B', 'L', 'IH1', 'NG', 'K']",angry,character1,big_center,cross_hands,True,green,M,R,5,1.0,False,projects/1/media/chunk_0_dipika.jpeg
2044,blink,67.58,67.8,B,2026,2034,,"['B', 'L', 'IH1', 'NG', 'K']",angry,character1,big_center,cross_hands,True,green,M,R,5,1.0,False,projects/1/media/chunk_0_dipika.jpeg
2045,blink,67.58,67.8,B,2026,2034,,"['B', 'L', 'IH1', 'NG', 'K']",angry,character1,big_center,cross_hands,True,green,M,R,5,1.0,False,projects/1/media/chunk_0_dipika.jpeg
2046,blink,67.58,67.8,B,2026,2034,,"['B', 'L', 'IH1', 'NG', 'K']",angry,character1,big_center,cross_hands,True,green,M,R,5,1.0,False,projects/1/media/chunk_0_dipika.jpeg
2047,blink,67.58,67.8,B,2026,2034,,"['B', 'L', 'IH1', 'NG', 'K']",angry,character1,big_center,cross_hands,True,green,M,R,5,1.0,False,projects/1/media/chunk_0_dipika.jpeg
2048,blink,67.58,67.8,B,2026,2034,,"['B', 'L', 'IH1', 'NG', 'K']",angry,character1,big_center,cross_hands,True,green,M,R,5,1.0,False,projects/1/media/chunk_0_dipika.jpeg
2049,blink,67.58,67.8,B,2026,2034,,"['B', 'L', 'IH1', 'NG', 'K']",angry,character1,big_center,cross_hands,True,green,M,R,5,1.0,False,projects/1/media/chunk_0_dipika.jpeg
2050,blink,67.58,67.8,B,2026,2034,,"['B', 'L', 'IH1', 'NG', 'K']",angry,character1,big_center,cross_hands,True,green,M,M,5,1.0,False,projects/1/media/chunk_0_dipika.jpeg
2051,blink,67.58,67.8,B,2026,2034,,"['B', 'L', 'IH1', 'NG', 'K']",angry,character1,big_center,cross_hands,True,green,M,M,5,1.0,False,projects/1/media/chunk_0_dipika.jpeg
2052,blink,67.58,67.8,B,2026,2034,,"['B', 'L', 'IH1', 'NG', 'K']",angry,character1,big_center,cross_hands,True,green,M,M,5,1.0,False,projects/1/media/chunk_0_dipika.jpeg
2053,blink,67.58,67.8,B,2026,2034,,"['B', 'L', 'IH1', 'NG', 'K']",angry,character1,big_center,cross_hands,True,green,M,M,5,1.0,False,projects/1/media/chunk_0_dipika.jpeg
2054,blink,67.58,67.8,B,2026,2034,,"['B', 'L', 'IH1', 'NG', 'K']",angry,character1,big_center,cross_hands,True,green,M,M,5,1.0,False,projects/1/media/chunk_0_dipika.jpeg
2055,blink,67.58,67.8,B,2026,2034,,"['B', 'L', 'IH1', 'NG', 'K']",angry,character1,big_center,cross_hands,True,green,M,M,5,1.0,False,projects/1/media/chunk_0_dipika.jpeg
2056,blink,67.58,67.8,B,2026,2034,,"['B', 'L', 'IH1', 'NG', 'K']",angry,character1,big_center,cross_hands,True,green,M,M,5,1.0,False,projects/1/media/chunk_0_dipika.jpeg
2057,blink,67.58,67.8,B,2026,2034,,"['B', 'L', 'IH1', 'NG', 'K']",angry,character1,big_center,cross_hands,True,green,M,M,0,1.0,False,projects/1/media/chunk_0_dipika.jpeg
2058,blink,67.58,67.8,B,2026,2034,,"['B', 'L', 'IH1', 'NG', 'K']",angry,character1,big_center,cross_hands,True,green,M,M,0,1.0,False,projects/1/media/chunk_0_dipika.jpeg
2059,blink,67.58,67.8,B,2026,2034,,"['B', 'L', 'IH1', 'NG', 'K']",angry,character1,big_center,cross_hands,True,green,M,M,0,1.0,False,projects/1/media/chunk_0_dipika.jpeg
2060,blink,67.58,67.8,B,2026,2034,,"['B', 'L', 'IH1', 'NG', 'K']",angry,character1,big_center,cross_hands,True,green,M,M,0,1.0,False,projects/1/media/chunk_0_dipika.jpeg
2061,blink,67.58,67.8,B,2026,2034,,"['B', 'L', 'IH1', 'NG', 'K']",angry,character1,big_center,cross_hands,True,green,M,M,0,1.0,False,projects/1/media/chunk_0_dipika.jpeg
2062,blink,67.58,67.8,B,2026,2034,,"['B', 'L', 'IH1', 'NG', 'K']",angry,character1,big_center,cross_hands,True,green,M,M,0,1.0,False,projects/1/media/chunk_0_dipika.jpeg
2063,blink,67.58,67.8,B,2026,2034,,"['B', 'L', 'IH1', 'NG', 'K']",angry,character1,big_center,cross_hands,True,green,M,M,0,1.0,False,projects/1/media/chunk_0_dipika.jpeg
2064,blink,67.58,67.8,B,2026,2034,,"['B', 'L', 'IH1', 'NG', 'K']",angry,character1,big_center,cross_hands,True,green,M,M,0,1.0,False,projects/1/media/chunk_0_dipika.jpeg
2065,blink,67.58,67.8,B,2026,2034,,"['B', 'L', 'IH1', 'NG', 'K']",angry,character1,big_center,cross_hands,True,green,M,M,0,1.0,False,projects/1/media/chunk_0_dipika.jpeg
2066,blink,67.58,67.8,B,2026,2034,,"['B', 'L', 'IH1', 'NG', 'K']",angry,character1,big_center,cross_hands,True,green,M,M,0,1.0,False,projects/1/media/chunk_0_dipika.jpeg
2067,I,68.9,69.04,AY1,2067,2071,2067-2071,['AY1'],angry,character1,big_center,cross_hands,True,green,M,M,0,1.0,False,projects/1/media/chunk_0_dipika.jpeg
2068,I,68.9,69.04,AY1,2067,2071,2067-2071,['AY1'],angry,character1,big_center,cross_hands,True,green,M,M,0,1.0,False,projects/1/media/chunk_0_dipika.jpeg
2069,I,68.9,69.04,AY1,2067,2071,2067-2071,['AY1'],angry,character1,big_center,cross_hands,True,green,M,M,0,1.0,False,projects/1/media/chunk_0_dipika.jpeg
2070,I,68.9,69.04,AY1,2067,2071,2067-2071,['AY1'],angry,character1,big_center,cross_hands,True,green,M,M,0,1.0,True,projects/1/media/chunk_0_dipika.jpeg
2070,don't,69.04,69.36,D,2070,2081,2071-2081,"['D', 'AA1', 'N', 'T']",angry,character1,big_center,cross_hands,True,green,M,M,0,1.0,True,projects/1/media/chunk_0_dipika.jpeg
2071,I,68.9,69.04,AY1,2067,2071,2067-2071,['AY1'],angry,character1,big_center,cross_hands,True,green,M,M,0,1.0,True,projects/1/media/chunk_0_dipika.jpeg
2071,don't,69.04,69.36,D,2070,2081,2071-2081,"['D', 'AA1', 'N', 'T']",angry,character1,big_center,cross_hands,True,green,M,M,0,1.0,True,projects/1/media/chunk_0_dipika.jpeg
2072,don't,69.04,69.36,AA1,2070,2081,2071-2081,"['D', 'AA1', 'N', 'T']",angry,character1,big_center,cross_hands,True,green,M,M,0,1.0,True,projects/1/media/chunk_0_dipika.jpeg
2073,don't,69.04,69.36,AA1,2070,2081,2071-2081,"['D', 'AA1', 'N', 'T']",angry,character1,big_center,cross_hands,True,green,M,M,0,1.0,False,projects/1/media/chunk_0_dipika.jpeg
2074,don't,69.04,69.36,AA1,2070,2081,2071-2081,"['D', 'AA1', 'N', 'T']",angry,character1,big_center,cross_hands,True,green,M,M,0,1.0,False,projects/1/media/chunk_0_dipika.jpeg
2075,don't,69.04,69.36,AA1,2070,2081,2071-2081,"['D', 'AA1', 'N', 'T']",angry,character1,big_center,cross_hands,True,green,M,M,0,1.0,False,projects/1/media/chunk_0_dipika.jpeg
2076,don't,69.04,69.36,AA1,2070,2081,2071-2081,"['D', 'AA1', 'N', 'T']",angry,character1,big_center,cross_hands,True,green,M,M,0,1.0,False,projects/1/media/chunk_0_dipika.jpeg
2077,don't,69.04,69.36,N,2070,2081,2071-2081,"['D', 'AA1', 'N', 'T']",angry,character1,big_center,cross_hands,True,green,M,M,0,1.0,False,projects/1/media/chunk_0_dipika.jpeg
2078,don't,69.04,69.36,N,2070,2081,2071-2081,"['D', 'AA1', 'N', 'T']",angry,character1,big_center,cross_hands,True,green,M,M,0,1.0,False,projects/1/media/chunk_0_dipika.jpeg
2079,don't,69.04,69.36,N,2070,2081,2071-2081,"['D', 'AA1', 'N', 'T']",angry,character1,big_center,cross_hands,True,green,M,M,0,1.0,False,projects/1/media/chunk_0_dipika.jpeg
2080,need,69.36,69.46,N,2080,2084,2081-2084,"['N', 'IY1', 'D']",angry,character1,big_center,cross_hands,True,green,M,M,0,1.0,False,projects/1/media/chunk_0_dipika.jpeg
2080,don't,69.04,69.36,T,2070,2081,2071-2081,"['D', 'AA1', 'N', 'T']",angry,character1,big_center,cross_hands,True,green,M,M,0,1.0,False,projects/1/media/chunk_0_dipika.jpeg
2081,don't,69.04,69.36,T,2070,2081,2071-2081,"['D', 'AA1', 'N', 'T']",angry,character1,big_center,cross_hands,True,green,M,M,0,1.0,False,projects/1/media/chunk_0_dipika.jpeg
2081,need,69.36,69.46,N,2080,2084,2081-2084,"['N', 'IY1', 'D']",angry,character1,big_center,cross_hands,True,green,M,M,0,1.0,True,projects/1/media/chunk_0_dipika.jpeg
2082,need,69.36,69.46,IY1,2080,2084,2081-2084,"['N', 'IY1', 'D']",angry,character1,big_center,cross_hands,True,green,M,M,0,1.0,True,projects/1/media/chunk_0_dipika.jpeg
2083,need,69.36,69.46,IY1,2080,2084,2081-2084,"['N', 'IY1', 'D']",angry,character1,big_center,cross_hands,True,green,M,M,0,1.0,True,projects/1/media/chunk_0_dipika.jpeg
2083,a,69.46,69.56,AH0,2083,2087,2084-2087,['AH0'],angry,character1,big_center,cross_hands,True,green,M,M,0,1.0,True,projects/1/media/chunk_0_dipika.jpeg
2084,need,69.36,69.46,D,2080,2084,2081-2084,"['N', 'IY1', 'D']",angry,character1,big_center,cross_hands,True,green,M,M,0,1.0,True,projects/1/media/chunk_0_dipika.jpeg
2084,a,69.46,69.56,AH0,2083,2087,2084-2087,['AH0'],angry,character1,big_center,cross_hands,True,green,M,M,0,1.0,False,projects/1/media/chunk_0_dipika.jpeg
2085,a,69.46,69.56,AH0,2083,2087,2084-2087,['AH0'],angry,character1,big_center,cross_hands,True,green,M,M,0,1.0,False,projects/1/media/chunk_0_dipika.jpeg
2086,a,69.46,69.56,AH0,2083,2087,2084-2087,['AH0'],angry,character1,big_center,cross_hands,True,green,M,M,0,1.0,False,projects/1/media/chunk_0_dipika.jpeg
2086,whoosh,69.56,69.88,W,2086,2096,2087-2096,"['W', 'UW1', 'SH']",angry,character1,big_center,cross_hands,True,green,M,M,0,1.0,False,projects/1/media/chunk_0_dipika.jpeg
2087,a,69.46,69.56,AH0,2083,2087,2084-2087,['AH0'],angry,character1,big_center,cross_hands,True,green,M,M,0,1.0,False,projects/1/media/chunk_0_dipika.jpeg
2087,whoosh,69.56,69.88,W,2086,2096,2087-2096,"['W', 'UW1', 'SH']",angry,character1,big_center,cross_hands,True,green,M,M,0,1.0,False,projects/1/media/chunk_0_dipika.jpeg
2088,whoosh,69.56,69.88,UW1,2086,2096,2087-2096,"['W', 'UW1', 'SH']",angry,character1,big_center,cross_hands,True,green,M,M,0,1.0,False,projects/1/media/chunk_0_dipika.jpeg
2089,whoosh,69.56,69.88,UW1,2086,2096,2087-2096,"['W', 'UW1', 'SH']",angry,character1,big_center,cross_hands,True,green,M,M,0,1.0,False,projects/1/media/chunk_0_dipika.jpeg
2090,whoosh,69.56,69.88,UW1,2086,2096,2087-2096,"['W', 'UW1', 'SH']",angry,character1,big_center,cross_hands,True,green,M,M,0,1.0,False,projects/1/media/chunk_0_dipika.jpeg
2091,whoosh,69.56,69.88,UW1,2086,2096,2087-2096,"['W', 'UW1', 'SH']",angry,character1,big_center,cross_hands,True,green,M,M,0,1.0,False,projects/1/media/chunk_0_dipika.jpeg
2092,whoosh,69.56,69.88,UW1,2086,2096,2087-2096,"['W', 'UW1', 'SH']",angry,character1,big_center,cross_hands,True,green,M,M,0,1.0,False,projects/1/media/chunk_0_dipika.jpeg
2093,whoosh,69.56,69.88,SH,2086,2096,2087-2096,"['W', 'UW1', 'SH']",angry,character1,big_center,cross_hands,True,green,M,M,0,1.0,False,projects/1/media/chunk_0_dipika.jpeg
2094,whoosh,69.56,69.88,SH,2086,2096,2087-2096,"['W', 'UW1', 'SH']",angry,character1,big_center,cross_hands,True,green,M,M,0,1.0,False,projects/1/media/chunk_0_dipika.jpeg
2095,for,69.88,69.96,F,2095,2099,2096-2099,"['F', 'AO1', 'R']",angry,character1,big_center,cross_hands,True,green,M,M,0,1.0,False,projects/1/media/chunk_0_dipika.jpeg
2095,whoosh,69.56,69.88,SH,2086,2096,2087-2096,"['W', 'UW1', 'SH']",angry,character1,big_center,cross_hands,True,green,M,M,0,1.0,False,projects/1/media/chunk_0_dipika.jpeg
2096,for,69.88,69.96,AO1,2095,2099,2096-2099,"['F', 'AO1', 'R']",angry,character1,big_center,cross_hands,True,green,M,M,0,1.0,False,projects/1/media/chunk_0_dipika.jpeg
2096,whoosh,69.56,69.88,SH,2086,2096,2087-2096,"['W', 'UW1', 'SH']",angry,character1,big_center,cross_hands,True,green,M,M,0,1.0,False,projects/1/media/chunk_0_dipika.jpeg
2097,for,69.88,69.96,AO1,2095,2099,2096-2099,"['F', 'AO1', 'R']",angry,character1,big_center,cross_hands,True,green,M,M,0,1.0,False,projects/1/media/chunk_0_dipika.jpeg
2098,for,69.88,69.96,AO1,2095,2099,2096-2099,"['F', 'AO1', 'R']",angry,character1,big_center,cross_hands,True,green,M,M,0,1.0,False,projects/1/media/chunk_0_dipika.jpeg
2098,existing,69.96,70.32,IH0,2098,2110,2099-2110,"['IH0', 'G', 'Z', 'IH1', 'S', 'T', 'IH0', 'NG']",angry,character1,big_center,cross_hands,True,green,M,M,0,1.0,False,projects/1/media/chunk_0_dipika.jpeg
2099,for,69.88,69.96,R,2095,2099,2096-2099,"['F', 'AO1', 'R']",angry,character1,big_center,cross_hands,True,green,M,M,0,1.0,False,projects/1/media/chunk_0_dipika.jpeg
2099,existing,69.96,70.32,G,2098,2110,2099-2110,"['IH0', 'G', 'Z', 'IH1', 'S', 'T', 'IH0', 'NG']",angry,character1,big_center,cross_hands,True,green,M,M,0,1.0,False,projects/1/media/chunk_0_dipika.jpeg
2100,existing,69.96,70.32,Z,2098,2110,2099-2110,"['IH0', 'G', 'Z', 'IH1', 'S', 'T', 'IH0', 'NG']",angry,character1,big_center,cross_hands,True,green,M,M,0,1.0,False,projects/1/media/chunk_0_dipika.jpeg
2101,existing,69.96,70.32,Z,2098,2110,2099-2110,"['IH0', 'G', 'Z', 'IH1', 'S', 'T', 'IH0', 'NG']",angry,character1,big_center,cross_hands,True,green,M,M,0,1.0,False,projects/1/media/chunk_0_dipika.jpeg
2102,existing,69.96,70.32,IH1,2098,2110,2099-2110,"['IH0', 'G', 'Z', 'IH1', 'S', 'T', 'IH0', 'NG']",angry,character1,big_center,cross_hands,True,green,M,M,0,1.0,False,projects/1/media/chunk_0_dipika.jpeg
2103,existing,69.96,70.32,IH1,2098,2110,2099-2110,"['IH0', 'G', 'Z', 'IH1', 'S', 'T', 'IH0', 'NG']",angry,character1,big_center,cross_hands,True,green,M,M,0,1.0,False,projects/1/media/chunk_0_dipika.jpeg
2104,existing,69.96,70.32,S,2098,2110,2099-2110,"['IH0', 'G', 'Z', 'IH1', 'S', 'T', 'IH0', 'NG']",angry,character1,big_center,cross_hands,True,green,M,M,0,1.0,False,projects/1/media/chunk_0_dipika.jpeg
2105,existing,69.96,70.32,S,2098,2110,2099-2110,"['IH0', 'G', 'Z', 'IH1', 'S', 'T', 'IH0', 'NG']",angry,character1,big_center,cross_hands,True,green,M,M,0,1.0,False,projects/1/media/chunk_0_dipika.jpeg
2106,existing,69.96,70.32,T,2098,2110,2099-2110,"['IH0', 'G', 'Z', 'IH1', 'S', 'T', 'IH0', 'NG']",angry,character1,big_center,cross_hands,True,green,M,M,0,1.0,False,projects/1/media/chunk_0_dipika.jpeg
2107,existing,69.96,70.32,IH0,2098,2110,2099-2110,"['IH0', 'G', 'Z', 'IH1', 'S', 'T', 'IH0', 'NG']",angry,character1,big_center,cross_hands,True,green,M,M,0,1.0,False,projects/1/media/chunk_0_dipika.jpeg
2108,existing,69.96,70.32,IH0,2098,2110,2099-2110,"['IH0', 'G', 'Z', 'IH1', 'S', 'T', 'IH0', 'NG']",angry,character1,big_center,cross_hands,True,green,M,M,0,1.0,False,projects/1/media/chunk_0_dipika.jpeg
2109,existing,69.96,70.32,NG,2098,2110,2099-2110,"['IH0', 'G', 'Z', 'IH1', 'S', 'T', 'IH0', 'NG']",angry,character1,big_center,cross_hands,True,green,M,M,0,1.0,False,projects/1/media/chunk_0_dipika.jpeg
2110,existing,69.96,70.32,NG,2098,2110,2099-2110,"['IH0', 'G', 'Z', 'IH1', 'S', 'T', 'IH0', 'NG']",angry,character1,big_center,cross_hands,True,green,M,M,0,1.0,False,projects/1/media/chunk_0_dipika.jpeg
2111,existing,69.96,70.32,B,2098,2110,,"['IH0', 'G', 'Z', 'IH1', 'S', 'T', 'IH0', 'NG']",angry,character1,big_center,cross_hands,True,green,M,M,0,1.0,False,projects/1/media/chunk_0_dipika.jpeg
2112,existing,69.96,70.32,B,2098,2110,,"['IH0', 'G', 'Z', 'IH1', 'S', 'T', 'IH0', 'NG']",angry,character1,big_center,cross_hands,True,green,M,M,0,1.0,False,projects/1/media/chunk_0_dipika.jpeg
2113,existing,69.96,70.32,B,2098,2110,,"['IH0', 'G', 'Z', 'IH1', 'S', 'T', 'IH0', 'NG']",angry,character1,big_center,cross_hands,True,green,M,M,0,1.0,False,projects/1/media/chunk_0_dipika.jpeg
2114,existing,69.96,70.32,B,2098,2110,,"['IH0', 'G', 'Z', 'IH1', 'S', 'T', 'IH0', 'NG']",angry,character1,big_center,cross_hands,True,green,M,M,0,1.0,False,projects/1/media/chunk_0_dipika.jpeg
2115,existing,69.96,70.32,B,2098,2110,,"['IH0', 'G', 'Z', 'IH1', 'S', 'T', 'IH0', 'NG']",angry,character1,big_center,cross_hands,True,green,M,M,0,1.0,False,projects/1/media/chunk_0_dipika.jpeg
2116,existing,69.96,70.32,B,2098,2110,,"['IH0', 'G', 'Z', 'IH1', 'S', 'T', 'IH0', 'NG']",angry,character1,big_center,cross_hands,True,green,M,M,0,1.0,False,projects/1/media/chunk_0_dipika.jpeg
2117,existing,69.96,70.32,B,2098,2110,,"['IH0', 'G', 'Z', 'IH1', 'S', 'T', 'IH0', 'NG']",angry,character1,big_center,cross_hands,True,green,M,L,0,1.0,False,projects/1/media/chunk_0_dipika.jpeg
2118,existing,69.96,70.32,B,2098,2110,,"['IH0', 'G', 'Z', 'IH1', 'S', 'T', 'IH0', 'NG']",angry,character1,big_center,cross_hands,True,green,M,L,0,1.0,False,projects/1/media/chunk_0_dipika.jpeg
2119,existing,69.96,70.32,B,2098,2110,,"['IH0', 'G', 'Z', 'IH1', 'S', 'T', 'IH0', 'NG']",angry,character1,big_center,cross_hands,True,green,M,L,0,1.0,False,projects/1/media/chunk_0_dipika.jpeg
2120,existing,69.96,70.32,B,2098,2110,,"['IH0', 'G', 'Z', 'IH1', 'S', 'T', 'IH0', 'NG']",angry,character1,big_center,cross_hands,True,green,M,L,0,1.0,False,projects/1/media/chunk_0_dipika.jpeg
2121,existing,69.96,70.32,B,2098,2110,,"['IH0', 'G', 'Z', 'IH1', 'S', 'T', 'IH0', 'NG']",angry,character1,big_center,cross_hands,True,green,M,L,0,1.0,False,projects/1/media/chunk_0_dipika.jpeg
2122,existing,69.96,70.32,B,2098,2110,,"['IH0', 'G', 'Z', 'IH1', 'S', 'T', 'IH0', 'NG']",angry,character1,big_center,cross_hands,True,green,M,L,0,1.0,False,projects/1/media/chunk_0_dipika.jpeg
2123,existing,69.96,70.32,B,2098,2110,,"['IH0', 'G', 'Z', 'IH1', 'S', 'T', 'IH0', 'NG']",angry,character1,big_center,cross_hands,True,green,M,L,0,1.0,False,projects/1/media/chunk_0_dipika.jpeg
2124,existing,69.96,70.32,B,2098,2110,,"['IH0', 'G', 'Z', 'IH1', 'S', 'T', 'IH0', 'NG']",angry,character1,big_center,cross_hands,True,green,M,L,0,1.0,False,projects/1/media/chunk_0_dipika.jpeg
2125,existing,69.96,70.32,B,2098,2110,,"['IH0', 'G', 'Z', 'IH1', 'S', 'T', 'IH0', 'NG']",angry,character1,big_center,cross_hands,True,green,M,L,0,1.0,False,projects/1/media/chunk_0_dipika.jpeg
2126,existing,69.96,70.32,B,2098,2110,,"['IH0', 'G', 'Z', 'IH1', 'S', 'T', 'IH0', 'NG']",angry,character1,big_center,cross_hands,True,green,M,L,0,1.0,False,projects/1/media/chunk_0_dipika.jpeg
2127,existing,69.96,70.32,B,2098,2110,,"['IH0', 'G', 'Z', 'IH1', 'S', 'T', 'IH0', 'NG']",angry,character1,big_center,cross_hands,True,green,M,L,0,1.0,False,projects/1/media/chunk_0_dipika.jpeg
2128,existing,69.96,70.32,B,2098,2110,,"['IH0', 'G', 'Z', 'IH1', 'S', 'T', 'IH0', 'NG']",angry,character1,big_center,cross_hands,True,green,M,L,0,1.0,False,projects/1/media/chunk_0_dipika.jpeg
2129,existing,69.96,70.32,B,2098,2110,,"['IH0', 'G', 'Z', 'IH1', 'S', 'T', 'IH0', 'NG']",angry,character1,big_center,cross_hands,True,green,M,L,0,1.0,False,projects/1/media/chunk_0_dipika.jpeg
2130,existing,69.96,70.32,B,2098,2110,,"['IH0', 'G', 'Z', 'IH1', 'S', 'T', 'IH0', 'NG']",angry,character1,big_center,cross_hands,True,green,M,L,0,1.0,False,projects/1/media/chunk_0_dipika.jpeg
2131,existing,69.96,70.32,B,2098,2110,,"['IH0', 'G', 'Z', 'IH1', 'S', 'T', 'IH0', 'NG']",angry,character1,big_center,cross_hands,True,green,M,L,0,1.0,False,projects/1/media/chunk_0_dipika.jpeg
2132,existing,69.96,70.32,B,2098,2110,,"['IH0', 'G', 'Z', 'IH1', 'S', 'T', 'IH0', 'NG']",angry,character1,big_center,cross_hands,True,green,M,M,0,1.0,False,projects/1/media/chunk_0_dipika.jpeg
2133,existing,69.96,70.32,B,2098,2110,,"['IH0', 'G', 'Z', 'IH1', 'S', 'T', 'IH0', 'NG']",angry,character1,big_center,cross_hands,True,green,M,M,0,1.0,False,projects/1/media/chunk_0_dipika.jpeg
2134,existing,69.96,70.32,B,2098,2110,,"['IH0', 'G', 'Z', 'IH1', 'S', 'T', 'IH0', 'NG']",angry,character1,big_center,cross_hands,True,green,M,M,0,1.0,False,projects/1/media/chunk_0_dipika.jpeg
2135,existing,69.96,70.32,B,2098,2110,,"['IH0', 'G', 'Z', 'IH1', 'S', 'T', 'IH0', 'NG']",angry,character1,big_center,cross_hands,True,green,M,M,0,1.0,False,projects/1/media/chunk_0_dipika.jpeg
2136,existing,69.96,70.32,B,2098,2110,,"['IH0', 'G', 'Z', 'IH1', 'S', 'T', 'IH0', 'NG']",angry,character1,big_center,cross_hands,True,green,M,M,0,1.0,False,projects/1/media/chunk_0_dipika.jpeg
2137,existing,69.96,70.32,B,2098,2110,,"['IH0', 'G', 'Z', 'IH1', 'S', 'T', 'IH0', 'NG']",angry,character1,big_center,cross_hands,True,green,M,M,0,1.0,False,projects/1/media/chunk_0_dipika.jpeg
2138,existing,69.96,70.32,B,2098,2110,,"['IH0', 'G', 'Z', 'IH1', 'S', 'T', 'IH0', 'NG']",angry,character1,big_center,cross_hands,True,green,M,M,0,1.0,False,projects/1/media/chunk_0_dipika.jpeg
2139,existing,69.96,70.32,B,2098,2110,,"['IH0', 'G', 'Z', 'IH1', 'S', 'T', 'IH0', 'NG']",angry,character1,big_center,cross_hands,True,green,M,M,0,1.0,False,projects/1/media/chunk_0_dipika.jpeg
2140,existing,69.96,70.32,B,2098,2110,,"['IH0', 'G', 'Z', 'IH1', 'S', 'T', 'IH0', 'NG']",angry,character1,big_center,cross_hands,True,green,M,M,0,1.0,False,projects/1/media/chunk_0_dipika.jpeg
2141,existing,69.96,70.32,B,2098,2110,,"['IH0', 'G', 'Z', 'IH1', 'S', 'T', 'IH0', 'NG']",angry,character1,big_center,cross_hands,True,green,M,M,0,1.0,False,projects/1/media/chunk_0_dipika.jpeg
2142,existing,69.96,70.32,B,2098,2110,,"['IH0', 'G', 'Z', 'IH1', 'S', 'T', 'IH0', 'NG']",angry,character1,big_center,cross_hands,True,green,M,M,0,1.0,False,projects/1/media/chunk_0_dipika.jpeg
2143,existing,69.96,70.32,B,2098,2110,,"['IH0', 'G', 'Z', 'IH1', 'S', 'T', 'IH0', 'NG']",angry,character1,big_center,cross_hands,True,green,M,M,0,1.0,False,projects/1/media/chunk_0_dipika.jpeg
2144,existing,69.96,70.32,B,2098,2110,,"['IH0', 'G', 'Z', 'IH1', 'S', 'T', 'IH0', 'NG']",angry,character1,big_center,cross_hands,True,green,M,M,0,1.0,False,projects/1/media/chunk_0_dipika.jpeg
2145,existing,69.96,70.32,B,2098,2110,,"['IH0', 'G', 'Z', 'IH1', 'S', 'T', 'IH0', 'NG']",angry,character1,big_center,cross_hands,True,green,M,M,0,1.0,False,projects/1/media/chunk_0_dipika.jpeg
2146,existing,69.96,70.32,B,2098,2110,,"['IH0', 'G', 'Z', 'IH1', 'S', 'T', 'IH0', 'NG']",angry,character1,big_center,cross_hands,True,green,M,M,0,1.0,False,projects/1/media/chunk_0_dipika.jpeg
2147,okay,71.56,71.82,OW2,2147,2155,2147-2155,"['OW2', 'K', 'EY1']",angry,character1,big_center,cross_hands,True,green,M,M,0,1.0,False,projects/1/media/chunk_0_dipika.jpeg
2148,okay,71.56,71.82,OW2,2147,2155,2147-2155,"['OW2', 'K', 'EY1']",angry,character1,big_center,cross_hands,True,green,M,M,0,1.0,False,projects/1/media/chunk_0_dipika.jpeg
2149,okay,71.56,71.82,OW2,2147,2155,2147-2155,"['OW2', 'K', 'EY1']",angry,character1,big_center,cross_hands,True,green,M,M,0,1.0,False,projects/1/media/chunk_0_dipika.jpeg
2150,okay,71.56,71.82,OW2,2147,2155,2147-2155,"['OW2', 'K', 'EY1']",angry,character1,big_center,cross_hands,True,green,M,M,0,1.0,False,projects/1/media/chunk_0_dipika.jpeg
2151,okay,71.56,71.82,K,2147,2155,2147-2155,"['OW2', 'K', 'EY1']",angry,character1,big_center,cross_hands,True,green,M,M,0,1.0,False,projects/1/media/chunk_0_dipika.jpeg
2152,okay,71.56,71.82,EY1,2147,2155,2147-2155,"['OW2', 'K', 'EY1']",angry,character1,big_center,cross_hands,True,green,M,M,0,1.0,False,projects/1/media/chunk_0_dipika.jpeg
2153,okay,71.56,71.82,EY1,2147,2155,2147-2155,"['OW2', 'K', 'EY1']",angry,character1,big_center,cross_hands,True,green,M,M,0,1.0,False,projects/1/media/chunk_0_dipika.jpeg
2154,deep,71.82,72.26,D,2154,2168,2155-2168,"['D', 'IY1', 'P']",angry,character1,big_center,cross_hands,True,green,M,M,0,1.0,False,projects/1/media/chunk_0_dipika.jpeg
2154,okay,71.56,71.82,EY1,2147,2155,2147-2155,"['OW2', 'K', 'EY1']",angry,character1,big_center,cross_hands,True,green,M,M,0,1.0,False,projects/1/media/chunk_0_dipika.jpeg
2155,okay,71.56,71.82,EY1,2147,2155,2147-2155,"['OW2', 'K', 'EY1']",angry,character1,big_center,cross_hands,True,green,M,M,0,1.0,False,projects/1/media/chunk_0_dipika.jpeg
2155,deep,71.82,72.26,D,2154,2168,2155-2168,"['D', 'IY1', 'P']",angry,character1,big_center,cross_hands,True,green,M,M,0,1.0,False,projects/1/media/chunk_0_dipika.jpeg
2156,deep,71.82,72.26,D,2154,2168,2155-2168,"['D', 'IY1', 'P']",angry,character1,big_center,cross_hands,True,green,M,M,0,1.0,False,projects/1/media/chunk_0_dipika.jpeg
2157,deep,71.82,72.26,IY1,2154,2168,2155-2168,"['D', 'IY1', 'P']",angry,character1,big_center,cross_hands,True,green,M,M,0,1.0,False,projects/1/media/chunk_0_dipika.jpeg
2158,deep,71.82,72.26,IY1,2154,2168,2155-2168,"['D', 'IY1', 'P']",angry,character1,big_center,cross_hands,True,green,M,M,0,1.0,False,projects/1/media/chunk_0_dipika.jpeg
2159,deep,71.82,72.26,IY1,2154,2168,2155-2168,"['D', 'IY1', 'P']",angry,character1,big_center,cross_hands,True,green,M,M,0,1.0,False,projects/1/media/chunk_0_dipika.jpeg
2160,deep,71.82,72.26,IY1,2154,2168,2155-2168,"['D', 'IY1', 'P']",angry,character1,big_center,cross_hands,True,green,M,M,0,1.0,False,projects/1/media/chunk_0_dipika.jpeg
2161,deep,71.82,72.26,IY1,2154,2168,2155-2168,"['D', 'IY1', 'P']",angry,character1,big_center,cross_hands,True,green,M,M,0,1.0,False,projects/1/media/chunk_0_dipika.jpeg
2162,deep,71.82,72.26,IY1,2154,2168,2155-2168,"['D', 'IY1', 'P']",angry,character1,big_center,cross_hands,True,green,R,R,0,1.0,True,projects/1/media/chunk_0_dipika.jpeg
2163,deep,71.82,72.26,IY1,2154,2168,2155-2168,"['D', 'IY1', 'P']",angry,character1,big_center,cross_hands,True,green,R,R,0,1.0,True,projects/1/media/chunk_0_dipika.jpeg
2164,deep,71.82,72.26,IY1,2154,2168,2155-2168,"['D', 'IY1', 'P']",angry,character1,big_center,cross_hands,True,green,R,R,0,1.0,True,projects/1/media/chunk_0_dipika.jpeg
2165,deep,71.82,72.26,IY1,2154,2168,2155-2168,"['D', 'IY1', 'P']",angry,character1,big_center,cross_hands,True,green,R,R,0,1.0,True,projects/1/media/chunk_0_dipika.jpeg
2166,deep,71.82,72.26,P,2154,2168,2155-2168,"['D', 'IY1', 'P']",angry,character1,big_center,cross_hands,True,green,R,R,0,1.0,True,projects/1/media/chunk_0_dipika.jpeg
2167,breaths,72.26,72.68,B,2167,2180,2168-2180,"['B', 'R', 'EH1', 'TH', 'S']",angry,character1,big_center,cross_hands,True,green,R,R,0,1.0,False,projects/1/media/chunk_0_dipika.jpeg
2167,deep,71.82,72.26,P,2154,2168,2155-2168,"['D', 'IY1', 'P']",angry,character1,big_center,cross_hands,True,green,R,R,0,1.0,False,projects/1/media/chunk_0_dipika.jpeg
2168,deep,71.82,72.26,P,2154,2168,2155-2168,"['D', 'IY1', 'P']",angry,character1,big_center,cross_hands,True,green,R,R,0,1.0,False,projects/1/media/chunk_0_dipika.jpeg
2168,breaths,72.26,72.68,R,2167,2180,2168-2180,"['B', 'R', 'EH1', 'TH', 'S']",angry,character1,big_center,cross_hands,True,green,R,R,0,1.0,False,projects/1/media/chunk_0_dipika.jpeg
2169,breaths,72.26,72.68,R,2167,2180,2168-2180,"['B', 'R', 'EH1', 'TH', 'S']",angry,character1,big_center,cross_hands,True,green,R,R,0,1.0,False,projects/1/media/chunk_0_dipika.jpeg
2170,breaths,72.26,72.68,R,2167,2180,2168-2180,"['B', 'R', 'EH1', 'TH', 'S']",angry,character1,big_center,cross_hands,True,green,R,R,0,1.0,False,projects/1/media/chunk_0_dipika.jpeg
2171,breaths,72.26,72.68,EH1,2167,2180,2168-2180,"['B', 'R', 'EH1', 'TH', 'S']",angry,character1,big_center,cross_hands,True,green,R,R,0,1.0,False,projects/1/media/chunk_0_dipika.jpeg
2172,breaths,72.26,72.68,EH1,2167,2180,2168-2180,"['B', 'R', 'EH1', 'TH', 'S']",angry,character1,big_center,cross_hands,True,green,R,R,0,1.0,False,projects/1/media/chunk_0_dipika.jpeg
2173,breaths,72.26,72.68,EH1,2167,2180,2168-2180,"['B', 'R', 'EH1', 'TH', 'S']",angry,character1,big_center,cross_hands,True,green,R,R,0,1.0,False,projects/1/media/chunk_0_dipika.jpeg
2174,breaths,72.26,72.68,EH1,2167,2180,2168-2180,"['B', 'R', 'EH1', 'TH', 'S']",angry,character1,big_center,cross_hands,True,green,R,R,0,1.0,False,projects/1/media/chunk_0_dipika.jpeg
2175,breaths,72.26,72.68,TH,2167,2180,2168-2180,"['B', 'R', 'EH1', 'TH', 'S']",angry,character1,big_center,cross_hands,True,green,R,R,0,1.0,False,projects/1/media/chunk_0_dipika.jpeg
2176,breaths,72.26,72.68,TH,2167,2180,2168-2180,"['B', 'R', 'EH1', 'TH', 'S']",angry,character1,big_center,cross_hands,True,green,R,R,0,1.0,False,projects/1/media/chunk_0_dipika.jpeg
2177,breaths,72.26,72.68,TH,2167,2180,2168-2180,"['B', 'R', 'EH1', 'TH', 'S']",angry,character1,big_center,cross_hands,True,green,R,R,0,1.0,False,projects/1/media/chunk_0_dipika.jpeg
2178,breaths,72.26,72.68,S,2167,2180,2168-2180,"['B', 'R', 'EH1', 'TH', 'S']",angry,character1,big_center,cross_hands,True,green,R,R,0,1.0,False,projects/1/media/chunk_0_dipika.jpeg
2179,breaths,72.26,72.68,S,2167,2180,2168-2180,"['B', 'R', 'EH1', 'TH', 'S']",angry,character1,big_center,cross_hands,True,green,R,R,0,1.0,False,projects/1/media/chunk_0_dipika.jpeg
2180,breaths,72.26,72.68,S,2167,2180,2168-2180,"['B', 'R', 'EH1', 'TH', 'S']",angry,character1,big_center,cross_hands,True,green,R,R,0,1.0,False,projects/1/media/chunk_0_dipika.jpeg
2181,breaths,72.26,72.68,B,2167,2180,,"['B', 'R', 'EH1', 'TH', 'S']",angry,character1,big_center,cross_hands,True,green,R,R,0,1.0,False,projects/1/media/chunk_0_dipika.jpeg
2182,breaths,72.26,72.68,B,2167,2180,,"['B', 'R', 'EH1', 'TH', 'S']",angry,character1,big_center,cross_hands,True,green,R,R,0,1.0,False,projects/1/media/chunk_0_dipika.jpeg
2183,breaths,72.26,72.68,B,2167,2180,,"['B', 'R', 'EH1', 'TH', 'S']",angry,character1,big_center,cross_hands,True,green,R,R,0,1.0,False,projects/1/media/chunk_0_dipika.jpeg
2184,breaths,72.26,72.68,B,2167,2180,,"['B', 'R', 'EH1', 'TH', 'S']",angry,character1,big_center,cross_hands,True,green,R,R,0,1.0,False,projects/1/media/chunk_0_dipika.jpeg
2185,breaths,72.26,72.68,B,2167,2180,,"['B', 'R', 'EH1', 'TH', 'S']",angry,character1,big_center,cross_hands,True,green,R,R,0,1.0,False,projects/1/media/chunk_0_dipika.jpeg
2186,breaths,72.26,72.68,B,2167,2180,,"['B', 'R', 'EH1', 'TH', 'S']",angry,character1,big_center,cross_hands,True,green,R,R,0,1.0,False,projects/1/media/chunk_0_dipika.jpeg
2187,breaths,72.26,72.68,B,2167,2180,,"['B', 'R', 'EH1', 'TH', 'S']",angry,character1,big_center,cross_hands,True,green,R,R,0,1.0,False,projects/1/media/chunk_0_dipika.jpeg
2188,breaths,72.26,72.68,B,2167,2180,,"['B', 'R', 'EH1', 'TH', 'S']",angry,character1,big_center,cross_hands,True,green,R,R,0,1.0,False,projects/1/media/chunk_0_dipika.jpeg
2189,breaths,72.26,72.68,B,2167,2180,,"['B', 'R', 'EH1', 'TH', 'S']",angry,character1,big_center,cross_hands,True,green,R,R,0,1.0,False,projects/1/media/chunk_0_dipika.jpeg
2190,breaths,72.26,72.68,B,2167,2180,,"['B', 'R', 'EH1', 'TH', 'S']",angry,character1,big_center,cross_hands,True,green,R,R,0,1.0,False,projects/1/media/chunk_0_dipika.jpeg
2191,breaths,72.26,72.68,B,2167,2180,,"['B', 'R', 'EH1', 'TH', 'S']",angry,character1,big_center,cross_hands,True,green,R,R,0,1.0,False,projects/1/media/chunk_0_dipika.jpeg
2192,breaths,72.26,72.68,B,2167,2180,,"['B', 'R', 'EH1', 'TH', 'S']",angry,character1,big_center,cross_hands,True,green,R,R,0,1.0,False,projects/1/media/chunk_0_dipika.jpeg
2193,breaths,72.26,72.68,B,2167,2180,,"['B', 'R', 'EH1', 'TH', 'S']",angry,character1,big_center,cross_hands,True,green,R,R,0,1.0,False,projects/1/media/chunk_0_dipika.jpeg
2194,breaths,72.26,72.68,B,2167,2180,,"['B', 'R', 'EH1', 'TH', 'S']",angry,character1,big_center,cross_hands,True,green,R,R,0,1.0,False,projects/1/media/chunk_0_dipika.jpeg
2195,breaths,72.26,72.68,B,2167,2180,,"['B', 'R', 'EH1', 'TH', 'S']",angry,character1,big_center,cross_hands,True,green,R,R,0,1.0,False,projects/1/media/chunk_0_dipika.jpeg
2196,breaths,72.26,72.68,B,2167,2180,,"['B', 'R', 'EH1', 'TH', 'S']",angry,character1,big_center,cross_hands,True,green,R,R,0,1.0,False,projects/1/media/chunk_0_dipika.jpeg
2197,breaths,72.26,72.68,B,2167,2180,,"['B', 'R', 'EH1', 'TH', 'S']",angry,character1,big_center,cross_hands,True,green,R,R,0,1.0,False,projects/1/media/chunk_0_dipika.jpeg
2198,breaths,72.26,72.68,B,2167,2180,,"['B', 'R', 'EH1', 'TH', 'S']",angry,character1,big_center,cross_hands,True,green,R,R,0,1.0,False,projects/1/media/chunk_0_dipika.jpeg
2199,breaths,72.26,72.68,B,2167,2180,,"['B', 'R', 'EH1', 'TH', 'S']",angry,character1,big_center,cross_hands,True,green,R,R,0,1.0,False,projects/1/media/chunk_0_dipika.jpeg
2200,breaths,72.26,72.68,B,2167,2180,,"['B', 'R', 'EH1', 'TH', 'S']",angry,character1,big_center,cross_hands,True,green,R,R,0,1.0,False,projects/1/media/chunk_0_dipika.jpeg
2201,breaths,72.26,72.68,B,2167,2180,,"['B', 'R', 'EH1', 'TH', 'S']",angry,character1,big_center,cross_hands,True,green,R,R,0,1.0,False,projects/1/media/chunk_0_dipika.jpeg
2202,breaths,72.26,72.68,B,2167,2180,,"['B', 'R', 'EH1', 'TH', 'S']",angry,character1,big_center,cross_hands,True,green,R,R,0,1.0,False,projects/1/media/chunk_0_dipika.jpeg
2203,breaths,72.26,72.68,B,2167,2180,,"['B', 'R', 'EH1', 'TH', 'S']",angry,character1,big_center,cross_hands,True,green,R,R,0,1.0,False,projects/1/media/chunk_0_dipika.jpeg
2204,breaths,72.26,72.68,B,2167,2180,,"['B', 'R', 'EH1', 'TH', 'S']",angry,character1,big_center,cross_hands,True,green,R,R,0,1.0,False,projects/1/media/chunk_0_dipika.jpeg
2205,breaths,72.26,72.68,B,2167,2180,,"['B', 'R', 'EH1', 'TH', 'S']",angry,character1,big_center,cross_hands,True,green,R,R,0,1.0,False,projects/1/media/chunk_0_dipika.jpeg
2206,breaths,72.26,72.68,B,2167,2180,,"['B', 'R', 'EH1', 'TH', 'S']",angry,character1,big_center,cross_hands,True,green,R,R,0,1.0,False,projects/1/media/chunk_0_dipika.jpeg
2207,breaths,72.26,72.68,B,2167,2180,,"['B', 'R', 'EH1', 'TH', 'S']",angry,character1,big_center,cross_hands,True,green,R,R,0,1.0,False,projects/1/media/chunk_0_dipika.jpeg
2208,breaths,72.26,72.68,B,2167,2180,,"['B', 'R', 'EH1', 'TH', 'S']",angry,character1,big_center,cross_hands,True,green,R,R,0,1.0,False,projects/1/media/chunk_0_dipika.jpeg
2209,breaths,72.26,72.68,B,2167,2180,,"['B', 'R', 'EH1', 'TH', 'S']",angry,character1,big_center,cross_hands,True,green,R,R,0,1.0,False,projects/1/media/chunk_0_dipika.jpeg
2210,breaths,72.26,72.68,B,2167,2180,,"['B', 'R', 'EH1', 'TH', 'S']",angry,character1,big_center,cross_hands,True,green,R,R,0,1.0,False,projects/1/media/chunk_0_dipika.jpeg
2211,breaths,72.26,72.68,B,2167,2180,,"['B', 'R', 'EH1', 'TH', 'S']",angry,character1,big_center,cross_hands,True,green,R,R,0,1.0,False,projects/1/media/chunk_0_dipika.jpeg
2212,breaths,72.26,72.68,B,2167,2180,,"['B', 'R', 'EH1', 'TH', 'S']",angry,character1,big_center,cross_hands,True,green,R,R,0,1.0,False,projects/1/media/chunk_0_dipika.jpeg
2213,breaths,72.26,72.68,B,2167,2180,,"['B', 'R', 'EH1', 'TH', 'S']",angry,character1,big_center,cross_hands,True,green,R,R,0,1.0,False,projects/1/media/chunk_0_dipika.jpeg
2214,maybe,73.8,74.08,M,2214,2222,2214-2222,"['M', 'EY1', 'B', 'IY0']",angry,character1,big_center,cross_hands,True,green,R,R,0,1.0,False,projects/1/media/chunk_0_dipika.jpeg
2215,maybe,73.8,74.08,M,2214,2222,2214-2222,"['M', 'EY1', 'B', 'IY0']",angry,character1,big_center,cross_hands,True,green,R,R,0,1.0,False,projects/1/media/chunk_0_dipika.jpeg
2216,maybe,73.8,74.08,EY1,2214,2222,2214-2222,"['M', 'EY1', 'B', 'IY0']",angry,character1,big_center,cross_hands,True,green,R,R,0,1.0,False,projects/1/media/chunk_0_dipika.jpeg
2217,maybe,73.8,74.08,EY1,2214,2222,2214-2222,"['M', 'EY1', 'B', 'IY0']",angry,character1,big_center,cross_hands,True,green,R,R,0,1.0,False,projects/1/media/chunk_0_dipika.jpeg
2218,maybe,73.8,74.08,EY1,2214,2222,2214-2222,"['M', 'EY1', 'B', 'IY0']",angry,character1,big_center,cross_hands,True,green,R,R,0,1.0,False,projects/1/media/chunk_0_dipika.jpeg
2219,maybe,73.8,74.08,B,2214,2222,2214-2222,"['M', 'EY1', 'B', 'IY0']",angry,character1,big_center,cross_hands,True,green,R,R,0,1.0,False,projects/1/media/chunk_0_dipika.jpeg
2220,maybe,73.8,74.08,IY0,2214,2222,2214-2222,"['M', 'EY1', 'B', 'IY0']",angry,character1,big_center,cross_hands,True,green,R,R,0,1.0,False,projects/1/media/chunk_0_dipika.jpeg
2221,the,74.08,74.26,DH,2221,2228,2222-2228,"['DH', 'AH0']",angry,character1,big_center,cross_hands,True,green,R,R,0,1.0,False,projects/1/media/chunk_0_dipika.jpeg
2221,maybe,73.8,74.08,IY0,2214,2222,2214-2222,"['M', 'EY1', 'B', 'IY0']",angry,character1,big_center,cross_hands,True,green,R,R,0,1.0,False,projects/1/media/chunk_0_dipika.jpeg
2222,maybe,73.8,74.08,IY0,2214,2222,2214-2222,"['M', 'EY1', 'B', 'IY0']",angry,character1,big_center,cross_hands,True,green,R,R,0,1.0,False,projects/1/media/chunk_0_dipika.jpeg
2222,the,74.08,74.26,DH,2221,2228,2222-2228,"['DH', 'AH0']",angry,character1,big_center,cross_hands,True,green,R,R,0,1.0,False,projects/1/media/chunk_0_dipika.jpeg
2223,the,74.08,74.26,DH,2221,2228,2222-2228,"['DH', 'AH0']",angry,character1,big_center,cross_hands,True,green,R,R,0,1.0,False,projects/1/media/chunk_0_dipika.jpeg
2224,the,74.08,74.26,AH0,2221,2228,2222-2228,"['DH', 'AH0']",angry,character1,big_center,cross_hands,True,green,R,R,0,1.0,False,projects/1/media/chunk_0_dipika.jpeg
2225,the,74.08,74.26,AH0,2221,2228,2222-2228,"['DH', 'AH0']",angry,character1,big_center,cross_hands,True,green,R,R,0,1.0,False,projects/1/media/chunk_0_dipika.jpeg
2226,the,74.08,74.26,AH0,2221,2228,2222-2228,"['DH', 'AH0']",angry,character1,big_center,cross_hands,True,green,R,R,0,1.0,False,projects/1/media/chunk_0_dipika.jpeg
2227,the,74.08,74.26,AH0,2221,2228,2222-2228,"['DH', 'AH0']",angry,character1,big_center,cross_hands,True,green,R,R,0,1.0,False,projects/1/media/chunk_0_dipika.jpeg
2227,audience,74.26,74.64,AA1,2227,2239,2228-2239,"['AA1', 'D', 'IY0', 'AH0', 'N', 'S']",angry,character1,big_center,cross_hands,True,green,R,R,0,1.0,False,projects/1/media/chunk_0_dipika.jpeg
2228,the,74.08,74.26,AH0,2221,2228,2222-2228,"['DH', 'AH0']",angry,character1,big_center,cross_hands,True,green,R,R,0,1.0,False,projects/1/media/chunk_0_dipika.jpeg
2228,audience,74.26,74.64,AA1,2227,2239,2228-2239,"['AA1', 'D', 'IY0', 'AH0', 'N', 'S']",angry,character1,big_center,cross_hands,True,green,R,R,0,1.0,False,projects/1/media/chunk_0_dipika.jpeg
2229,audience,74.26,74.64,D,2227,2239,2228-2239,"['AA1', 'D', 'IY0', 'AH0', 'N', 'S']",angry,character1,big_center,cross_hands,True,green,R,R,0,1.0,False,projects/1/media/chunk_0_dipika.jpeg
2230,audience,74.26,74.64,IY0,2227,2239,2228-2239,"['AA1', 'D', 'IY0', 'AH0', 'N', 'S']",angry,character1,big_center,cross_hands,True,green,R,R,0,1.0,False,projects/1/media/chunk_0_dipika.jpeg
2231,audience,74.26,74.64,IY0,2227,2239,2228-2239,"['AA1', 'D', 'IY0', 'AH0', 'N', 'S']",angry,character1,big_center,cross_hands,True,green,M,M,0,1.0,False,projects/1/media/chunk_0_dipika.jpeg
2232,audience,74.26,74.64,IY0,2227,2239,2228-2239,"['AA1', 'D', 'IY0', 'AH0', 'N', 'S']",angry,character1,big_center,cross_hands,True,green,M,M,0,1.0,False,projects/1/media/chunk_0_dipika.jpeg
2233,audience,74.26,74.64,AH0,2227,2239,2228-2239,"['AA1', 'D', 'IY0', 'AH0', 'N', 'S']",angry,character1,big_center,cross_hands,True,green,M,M,0,1.0,False,projects/1/media/chunk_0_dipika.jpeg
2234,audience,74.26,74.64,AH0,2227,2239,2228-2239,"['AA1', 'D', 'IY0', 'AH0', 'N', 'S']",angry,character1,big_center,cross_hands,True,green,M,M,0,1.0,False,projects/1/media/chunk_0_dipika.jpeg
2235,audience,74.26,74.64,AH0,2227,2239,2228-2239,"['AA1', 'D', 'IY0', 'AH0', 'N', 'S']",angry,character1,big_center,cross_hands,True,green,M,M,0,1.0,False,projects/1/media/chunk_0_dipika.jpeg
2236,audience,74.26,74.64,N,2227,2239,2228-2239,"['AA1', 'D', 'IY0', 'AH0', 'N', 'S']",angry,character1,big_center,cross_hands,True,green,M,M,0,1.0,False,projects/1/media/chunk_0_dipika.jpeg
2237,audience,74.26,74.64,N,2227,2239,2228-2239,"['AA1', 'D', 'IY0', 'AH0', 'N', 'S']",angry,character1,big_center,cross_hands,True,green,M,M,0,1.0,False,projects/1/media/chunk_0_dipika.jpeg
2238,still,74.64,75.0,S,2238,2250,2239-2250,"['S', 'T', 'IH1', 'L']",angry,character1,big_center,cross_hands,True,green,M,M,0,1.0,False,projects/1/media/chunk_0_dipika.jpeg
2238,audience,74.26,74.64,S,2227,2239,2228-2239,"['AA1', 'D', 'IY0', 'AH0', 'N', 'S']",angry,character1,big_center,cross_hands,True,green,M,M,0,1.0,False,projects/1/media/chunk_0_dipika.jpeg
2239,still,74.64,75.0,S,2238,2250,2239-2250,"['S', 'T', 'IH1', 'L']",angry,character1,big_center,cross_hands,True,green,M,M,0,1.0,False,projects/1/media/chunk_0_dipika.jpeg
2239,audience,74.26,74.64,S,2227,2239,2228-2239,"['AA1', 'D', 'IY0', 'AH0', 'N', 'S']",angry,character1,big_center,cross_hands,True,green,M,M,0,1.0,False,projects/1/media/chunk_0_dipika.jpeg
2240,still,74.64,75.0,S,2238,2250,2239-2250,"['S', 'T', 'IH1', 'L']",angry,character1,big_center,cross_hands,True,green,M,M,0,1.0,False,projects/1/media/chunk_0_dipika.jpeg
2241,still,74.64,75.0,T,2238,2250,2239-2250,"['S', 'T', 'IH1', 'L']",angry,character1,big_center,cross_hands,True,green,M,M,0,1.0,False,projects/1/media/chunk_0_dipika.jpeg
2242,still,74.64,75.0,T,2238,2250,2239-2250,"['S', 'T', 'IH1', 'L']",angry,character1,big_center,cross_hands,True,green,M,M,0,1.0,False,projects/1/media/chunk_0_dipika.jpeg
2243,still,74.64,75.0,IH1,2238,2250,2239-2250,"['S', 'T', 'IH1', 'L']",angry,character1,big_center,cross_hands,True,green,M,M,0,1.0,False,projects/1/media/chunk_0_dipika.jpeg
2244,still,74.64,75.0,IH1,2238,2250,2239-2250,"['S', 'T', 'IH1', 'L']",angry,character1,big_center,cross_hands,True,green,M,M,0,1.0,False,projects/1/media/chunk_0_dipika.jpeg
2245,still,74.64,75.0,IH1,2238,2250,2239-2250,"['S', 'T', 'IH1', 'L']",angry,character1,big_center,cross_hands,True,green,M,M,0,1.0,False,projects/1/media/chunk_0_dipika.jpeg
2246,still,74.64,75.0,IH1,2238,2250,2239-2250,"['S', 'T', 'IH1', 'L']",angry,character1,big_center,cross_hands,True,green,M,M,0,1.0,False,projects/1/media/chunk_0_dipika.jpeg
2247,still,74.64,75.0,IH1,2238,2250,2239-2250,"['S', 'T', 'IH1', 'L']",angry,character1,big_center,cross_hands,True,green,M,M,0,1.0,False,projects/1/media/chunk_0_dipika.jpeg
2248,still,74.64,75.0,L,2238,2250,2239-2250,"['S', 'T', 'IH1', 'L']",angry,character1,big_center,cross_hands,True,green,M,M,0,1.0,False,projects/1/media/chunk_0_dipika.jpeg
2249,still,74.64,75.0,L,2238,2250,2239-2250,"['S', 'T', 'IH1', 'L']",angry,character1,big_center,cross_hands,True,green,M,M,0,1.0,False,projects/1/media/chunk_0_dipika.jpeg
2249,respects,75.0,75.34,R,2249,2260,2250-2260,"['R', 'IH0', 'S', 'P', 'EH1', 'K', 'T', 'S']",angry,character1,big_center,cross_hands,True,green,M,M,0,1.0,False,projects/1/media/chunk_0_dipika.jpeg
2250,respects,75.0,75.34,R,2249,2260,2250-2260,"['R', 'IH0', 'S', 'P', 'EH1', 'K', 'T', 'S']",angry,character1,big_center,cross_hands,True,green,M,M,0,1.0,False,projects/1/media/chunk_0_dipika.jpeg
2250,still,74.64,75.0,L,2238,2250,2239-2250,"['S', 'T', 'IH1', 'L']",angry,character1,big_center,cross_hands,True,green,M,M,0,1.0,False,projects/1/media/chunk_0_dipika.jpeg
2251,respects,75.0,75.34,IH0,2249,2260,2250-2260,"['R', 'IH0', 'S', 'P', 'EH1', 'K', 'T', 'S']",angry,character1,big_center,cross_hands,True,green,M,M,0,1.0,False,projects/1/media/chunk_0_dipika.jpeg
2252,respects,75.0,75.34,S,2249,2260,2250-2260,"['R', 'IH0', 'S', 'P', 'EH1', 'K', 'T', 'S']",angry,character1,big_center,cross_hands,True,green,M,M,0,1.0,False,projects/1/media/chunk_0_dipika.jpeg
2253,respects,75.0,75.34,S,2249,2260,2250-2260,"['R', 'IH0', 'S', 'P', 'EH1', 'K', 'T', 'S']",angry,character1,big_center,cross_hands,True,green,M,M,0,1.0,False,projects/1/media/chunk_0_dipika.jpeg
2254,respects,75.0,75.34,P,2249,2260,2250-2260,"['R', 'IH0', 'S', 'P', 'EH1', 'K', 'T', 'S']",angry,character1,big_center,cross_hands,True,green,M,M,0,1.0,False,projects/1/media/chunk_0_dipika.jpeg
2255,respects,75.0,75.34,EH1,2249,2260,2250-2260,"['R', 'IH0', 'S', 'P', 'EH1', 'K', 'T', 'S']",angry,character1,big_center,cross_hands,True,green,M,M,0,1.0,False,projects/1/media/chunk_0_dipika.jpeg
2256,respects,75.0,75.34,EH1,2249,2260,2250-2260,"['R', 'IH0', 'S', 'P', 'EH1', 'K', 'T', 'S']",angry,character1,big_center,cross_hands,True,green,M,M,0,1.0,False,projects/1/media/chunk_0_dipika.jpeg
2257,respects,75.0,75.34,K,2249,2260,2250-2260,"['R', 'IH0', 'S', 'P', 'EH1', 'K', 'T', 'S']",angry,character1,big_center,cross_hands,True,green,M,M,0,1.0,False,projects/1/media/chunk_0_dipika.jpeg
2258,respects,75.0,75.34,T,2249,2260,2250-2260,"['R', 'IH0', 'S', 'P', 'EH1', 'K', 'T', 'S']",angry,character1,big_center,cross_hands,True,green,M,M,0,1.0,False,projects/1/media/chunk_0_dipika.jpeg
2259,respects,75.0,75.34,S,2249,2260,2250-2260,"['R', 'IH0', 'S', 'P', 'EH1', 'K', 'T', 'S']",angry,character1,big_center,cross_hands,True,green,M,M,0,1.0,False,projects/1/media/chunk_0_dipika.jpeg
2259,me,75.34,75.76,M,2259,2273,2260-2273,"['M', 'IY1']",angry,character1,big_center,cross_hands,True,green,M,M,0,1.0,False,projects/1/media/chunk_0_dipika.jpeg
2260,respects,75.0,75.34,S,2249,2260,2250-2260,"['R', 'IH0', 'S', 'P', 'EH1', 'K', 'T', 'S']",angry,character1,big_center,cross_hands,True,green,M,M,0,1.0,False,projects/1/media/chunk_0_dipika.jpeg
2260,me,75.34,75.76,M,2259,2273,2260-2273,"['M', 'IY1']",angry,character1,big_center,cross_hands,True,green,M,M,0,1.0,False,projects/1/media/chunk_0_dipika.jpeg
2261,me,75.34,75.76,M,2259,2273,2260-2273,"['M', 'IY1']",angry,character1,big_center,cross_hands,True,green,M,M,0,1.0,False,projects/1/media/chunk_0_dipika.jpeg
2262,me,75.34,75.76,M,2259,2273,2260-2273,"['M', 'IY1']",angry,character1,big_center,cross_hands,True,green,M,M,0,1.0,False,projects/1/media/chunk_0_dipika.jpeg
2263,me,75.34,75.76,M,2259,2273,2260-2273,"['M', 'IY1']",angry,character1,big_center,cross_hands,True,green,M,M,0,1.0,False,projects/1/media/chunk_0_dipika.jpeg
2264,me,75.34,75.76,M,2259,2273,2260-2273,"['M', 'IY1']",angry,character1,big_center,cross_hands,True,green,M,M,0,1.0,False,projects/1/media/chunk_0_dipika.jpeg
2265,me,75.34,75.76,IY1,2259,2273,2260-2273,"['M', 'IY1']",angry,character1,big_center,cross_hands,True,green,M,M,0,1.0,False,projects/1/media/chunk_0_dipika.jpeg
2266,me,75.34,75.76,IY1,2259,2273,2260-2273,"['M', 'IY1']",angry,character1,big_center,cross_hands,True,green,M,M,0,1.0,False,projects/1/media/chunk_0_dipika.jpeg
2267,me,75.34,75.76,IY1,2259,2273,2260-2273,"['M', 'IY1']",angry,character1,big_center,cross_hands,True,green,M,M,0,1.0,False,projects/1/media/chunk_0_dipika.jpeg
2268,me,75.34,75.76,IY1,2259,2273,2260-2273,"['M', 'IY1']",angry,character1,big_center,cross_hands,True,green,M,M,0,1.0,False,projects/1/media/chunk_0_dipika.jpeg
2269,me,75.34,75.76,IY1,2259,2273,2260-2273,"['M', 'IY1']",angry,character1,big_center,cross_hands,True,green,M,M,0,1.0,False,projects/1/media/chunk_0_dipika.jpeg
2270,me,75.34,75.76,IY1,2259,2273,2260-2273,"['M', 'IY1']",angry,character1,big_center,cross_hands,True,green,M,M,0,1.0,False,projects/1/media/chunk_0_dipika.jpeg
2271,me,75.34,75.76,IY1,2259,2273,2260-2273,"['M', 'IY1']",angry,character1,big_center,cross_hands,True,green,M,M,0,1.0,False,projects/1/media/chunk_0_dipika.jpeg
2272,me,75.34,75.76,IY1,2259,2273,2260-2273,"['M', 'IY1']",angry,character1,big_center,cross_hands,True,green,M,M,0,1.0,False,projects/1/media/chunk_0_dipika.jpeg
2273,me,75.34,75.76,IY1,2259,2273,2260-2273,"['M', 'IY1']",angry,character1,big_center,cross_hands,True,green,M,M,0,1.0,False,projects/1/media/chunk_0_dipika.jpeg
2274,me,75.34,75.76,B,2259,2273,,"['M', 'IY1']",angry,character1,big_center,cross_hands,True,green,M,M,0,1.0,False,projects/1/media/chunk_0_dipika.jpeg
2275,me,75.34,75.76,B,2259,2273,,"['M', 'IY1']",angry,character1,big_center,cross_hands,True,green,M,M,0,1.0,False,projects/1/media/chunk_0_dipika.jpeg
2276,me,75.34,75.76,B,2259,2273,,"['M', 'IY1']",angry,character1,big_center,cross_hands,True,green,M,M,0,1.0,False,projects/1/media/chunk_0_dipika.jpeg
2277,me,75.34,75.76,B,2259,2273,,"['M', 'IY1']",angry,character1,big_center,cross_hands,True,green,M,M,0,1.0,False,projects/1/media/chunk_0_dipika.jpeg
2278,me,75.34,75.76,B,2259,2273,,"['M', 'IY1']",angry,character1,big_center,cross_hands,True,green,M,M,0,1.0,False,projects/1/media/chunk_0_dipika.jpeg
2279,me,75.34,75.76,B,2259,2273,,"['M', 'IY1']",angry,character1,big_center,cross_hands,True,green,M,M,0,1.0,False,projects/1/media/chunk_0_dipika.jpeg
2280,me,75.34,75.76,B,2259,2273,,"['M', 'IY1']",angry,character1,big_center,cross_hands,True,green,M,M,0,1.0,False,projects/1/media/chunk_0_dipika.jpeg
2281,me,75.34,75.76,B,2259,2273,,"['M', 'IY1']",angry,character1,big_center,cross_hands,True,green,M,M,0,1.0,False,projects/1/media/chunk_0_dipika.jpeg
2282,me,75.34,75.76,B,2259,2273,,"['M', 'IY1']",angry,character1,big_center,cross_hands,True,green,M,M,0,1.0,False,projects/1/media/chunk_0_dipika.jpeg
2283,me,75.34,75.76,B,2259,2273,,"['M', 'IY1']",angry,character1,big_center,cross_hands,True,green,M,M,0,1.0,False,projects/1/media/chunk_0_dipika.jpeg
2284,me,75.34,75.76,B,2259,2273,,"['M', 'IY1']",angry,character1,big_center,cross_hands,True,green,M,M,0,1.0,False,projects/1/media/chunk_0_dipika.jpeg
2285,me,75.34,75.76,B,2259,2273,,"['M', 'IY1']",angry,character1,big_center,cross_hands,True,green,M,M,0,1.0,False,projects/1/media/chunk_0_dipika.jpeg
2286,me,75.34,75.76,B,2259,2273,,"['M', 'IY1']",angry,character1,big_center,cross_hands,True,green,M,M,0,1.0,False,projects/1/media/chunk_0_dipika.jpeg
2287,me,75.34,75.76,B,2259,2273,,"['M', 'IY1']",angry,character1,big_center,cross_hands,True,green,M,M,0,1.0,False,projects/1/media/chunk_0_dipika.jpeg
2288,me,75.34,75.76,B,2259,2273,,"['M', 'IY1']",angry,character1,big_center,cross_hands,True,green,M,M,0,1.0,False,projects/1/media/chunk_0_dipika.jpeg
2289,me,75.34,75.76,B,2259,2273,,"['M', 'IY1']",angry,character1,big_center,cross_hands,True,green,M,M,0,1.0,False,projects/1/media/chunk_0_dipika.jpeg
2290,me,75.34,75.76,B,2259,2273,,"['M', 'IY1']",angry,character1,big_center,cross_hands,True,green,M,M,0,1.0,False,projects/1/media/chunk_0_dipika.jpeg
2291,me,75.34,75.76,B,2259,2273,,"['M', 'IY1']",angry,character1,big_center,cross_hands,True,green,M,M,0,1.0,False,projects/1/media/chunk_0_dipika.jpeg
2292,me,75.34,75.76,B,2259,2273,,"['M', 'IY1']",angry,character1,big_center,cross_hands,True,green,M,M,0,1.0,False,projects/1/media/chunk_0_dipika.jpeg
2293,me,75.34,75.76,B,2259,2273,,"['M', 'IY1']",angry,character1,big_center,cross_hands,True,green,M,M,0,1.0,False,projects/1/media/chunk_0_dipika.jpeg
2294,me,75.34,75.76,B,2259,2273,,"['M', 'IY1']",angry,character1,big_center,cross_hands,True,green,M,M,0,1.0,False,projects/1/media/chunk_0_dipika.jpeg
2295,me,75.34,75.76,B,2259,2273,,"['M', 'IY1']",angry,character1,big_center,cross_hands,True,green,M,M,0,1.0,False,projects/1/media/chunk_0_dipika.jpeg
2296,me,75.34,75.76,B,2259,2273,,"['M', 'IY1']",angry,character1,big_center,cross_hands,True,green,M,M,0,1.0,False,projects/1/media/chunk_0_dipika.jpeg
2297,me,75.34,75.76,B,2259,2273,,"['M', 'IY1']",angry,character1,big_center,cross_hands,True,green,M,M,0,1.0,False,projects/1/media/chunk_0_dipika.jpeg
2298,me,75.34,75.76,B,2259,2273,,"['M', 'IY1']",angry,character1,big_center,cross_hands,True,green,M,M,0,1.0,False,projects/1/media/chunk_0_dipika.jpeg
2299,me,75.34,75.76,B,2259,2273,,"['M', 'IY1']",angry,character1,big_center,cross_hands,True,green,M,M,0,1.0,False,projects/1/media/chunk_0_dipika.jpeg
2300,me,75.34,75.76,B,2259,2273,,"['M', 'IY1']",angry,character1,big_center,cross_hands,True,green,M,L,0,1.0,False,projects/1/media/chunk_0_dipika.jpeg
2301,me,75.34,75.76,B,2259,2273,,"['M', 'IY1']",angry,character1,big_center,cross_hands,True,green,M,L,0,1.0,False,projects/1/media/chunk_0_dipika.jpeg
2302,me,75.34,75.76,B,2259,2273,,"['M', 'IY1']",angry,character1,big_center,cross_hands,True,green,M,L,0,1.0,False,projects/1/media/chunk_0_dipika.jpeg
2303,me,75.34,75.76,B,2259,2273,,"['M', 'IY1']",angry,character1,big_center,cross_hands,True,green,M,L,0,1.0,False,projects/1/media/chunk_0_dipika.jpeg
2304,me,75.34,75.76,B,2259,2273,,"['M', 'IY1']",angry,character1,big_center,cross_hands,True,green,M,L,0,1.0,False,projects/1/media/chunk_0_dipika.jpeg
2305,me,75.34,75.76,B,2259,2273,,"['M', 'IY1']",angry,character1,big_center,cross_hands,True,green,M,L,-5,1.0,False,projects/1/media/chunk_0_dipika.jpeg
2306,no,76.86,77.02,N,2306,2311,2306-2311,"['N', 'OW1']",angry,character1,big_center,cross_hands,True,green,M,L,-5,1.0,False,projects/1/media/chunk_0_dipika.jpeg
2307,no,76.86,77.02,N,2306,2311,2306-2311,"['N', 'OW1']",angry,character1,big_center,cross_hands,True,green,M,L,-5,1.0,False,projects/1/media/chunk_0_dipika.jpeg
2308,no,76.86,77.02,OW1,2306,2311,2306-2311,"['N', 'OW1']",angry,character1,big_center,cross_hands,True,green,M,L,-5,1.0,False,projects/1/media/chunk_0_dipika.jpeg
2309,no,76.86,77.02,OW1,2306,2311,2306-2311,"['N', 'OW1']",angry,character1,big_center,cross_hands,True,green,M,L,-5,1.0,False,projects/1/media/chunk_0_dipika.jpeg
2310,no,76.86,77.02,OW1,2306,2311,2306-2311,"['N', 'OW1']",angry,character1,big_center,cross_hands,True,green,M,L,-5,1.0,False,projects/1/media/chunk_0_dipika.jpeg
2311,no,76.86,77.02,OW1,2306,2311,2306-2311,"['N', 'OW1']",angry,character1,big_center,cross_hands,True,green,M,L,-5,1.0,False,projects/1/media/chunk_0_dipika.jpeg
2312,no,76.86,77.02,B,2306,2311,,"['N', 'OW1']",angry,character1,big_center,cross_hands,True,green,M,L,-5,1.0,False,projects/1/media/chunk_0_dipika.jpeg
2313,no,76.86,77.02,B,2306,2311,,"['N', 'OW1']",angry,character1,big_center,cross_hands,True,green,M,L,-5,1.0,False,projects/1/media/chunk_0_dipika.jpeg
2314,no,76.86,77.02,B,2306,2311,,"['N', 'OW1']",angry,character1,big_center,cross_hands,True,green,M,L,-5,1.0,False,projects/1/media/chunk_0_dipika.jpeg
2315,no,76.86,77.02,B,2306,2311,,"['N', 'OW1']",angry,character1,big_center,cross_hands,True,green,M,M,-5,1.0,False,projects/1/media/chunk_0_dipika.jpeg
2316,no,76.86,77.02,B,2306,2311,,"['N', 'OW1']",angry,character1,big_center,cross_hands,True,green,M,M,-5,1.0,False,projects/1/media/chunk_0_dipika.jpeg
2317,no,76.86,77.02,B,2306,2311,,"['N', 'OW1']",angry,character1,big_center,cross_hands,True,green,M,M,-5,1.0,False,projects/1/media/chunk_0_dipika.jpeg
2318,no,76.86,77.02,B,2306,2311,,"['N', 'OW1']",angry,character1,big_center,cross_hands,True,green,M,M,-5,1.0,False,projects/1/media/chunk_0_dipika.jpeg
2319,no,76.86,77.02,B,2306,2311,,"['N', 'OW1']",angry,character1,big_center,cross_hands,True,green,M,M,-5,1.0,False,projects/1/media/chunk_0_dipika.jpeg
2320,no,76.86,77.02,B,2306,2311,,"['N', 'OW1']",angry,character1,big_center,cross_hands,True,green,M,M,-5,1.0,False,projects/1/media/chunk_0_dipika.jpeg
2321,no,76.86,77.02,B,2306,2311,,"['N', 'OW1']",angry,character1,big_center,cross_hands,True,green,M,M,-5,1.0,False,projects/1/media/chunk_0_dipika.jpeg
2322,no,76.86,77.02,B,2306,2311,,"['N', 'OW1']",angry,character1,big_center,cross_hands,True,green,M,M,-5,1.0,False,projects/1/media/chunk_0_dipika.jpeg
2323,no,76.86,77.02,B,2306,2311,,"['N', 'OW1']",angry,character1,big_center,cross_hands,True,green,M,M,-5,1.0,False,projects/1/media/chunk_0_dipika.jpeg
2324,no,76.86,77.02,B,2306,2311,,"['N', 'OW1']",angry,character1,big_center,cross_hands,True,green,M,M,-5,1.0,False,projects/1/media/chunk_0_dipika.jpeg
2325,no,76.86,77.02,B,2306,2311,,"['N', 'OW1']",angry,character1,big_center,cross_hands,True,green,M,M,-5,1.0,False,projects/1/media/chunk_0_dipika.jpeg
2326,no,76.86,77.02,B,2306,2311,,"['N', 'OW1']",angry,character1,big_center,cross_hands,True,green,M,M,-5,1.0,False,projects/1/media/chunk_0_dipika.jpeg
2327,no,76.86,77.02,B,2306,2311,,"['N', 'OW1']",angry,character1,big_center,cross_hands,True,green,M,M,-5,1.0,False,projects/1/media/chunk_0_dipika.jpeg
2328,no,76.86,77.02,B,2306,2311,,"['N', 'OW1']",angry,character1,big_center,cross_hands,True,green,M,M,-5,1.0,False,projects/1/media/chunk_0_dipika.jpeg
2329,no,76.86,77.02,B,2306,2311,,"['N', 'OW1']",angry,character1,big_center,cross_hands,True,green,M,M,-5,1.0,False,projects/1/media/chunk_0_dipika.jpeg
2330,no,76.86,77.02,B,2306,2311,,"['N', 'OW1']",angry,character1,big_center,cross_hands,True,green,M,M,-5,1.0,False,projects/1/media/chunk_0_dipika.jpeg
2331,no,76.86,77.02,B,2306,2311,,"['N', 'OW1']",angry,character1,big_center,cross_hands,True,green,M,M,-5,1.0,False,projects/1/media/chunk_0_dipika.jpeg
2332,no,76.86,77.02,B,2306,2311,,"['N', 'OW1']",angry,character1,big_center,cross_hands,True,green,M,M,-5,1.0,False,projects/1/media/chunk_0_dipika.jpeg
2333,no,76.86,77.02,B,2306,2311,,"['N', 'OW1']",angry,character1,big_center,cross_hands,True,green,M,M,-5,1.0,False,projects/1/media/chunk_0_dipika.jpeg
2334,no,76.86,77.02,B,2306,2311,,"['N', 'OW1']",angry,character1,big_center,cross_hands,True,green,M,M,-5,1.0,False,projects/1/media/chunk_0_dipika.jpeg
2335,no,76.86,77.02,B,2306,2311,,"['N', 'OW1']",angry,character1,big_center,cross_hands,True,green,M,M,-5,1.0,False,projects/1/media/chunk_0_dipika.jpeg
2336,no,76.86,77.02,B,2306,2311,,"['N', 'OW1']",angry,character1,big_center,cross_hands,True,green,M,M,-5,1.0,False,projects/1/media/chunk_0_dipika.jpeg
2337,no,76.86,77.02,B,2306,2311,,"['N', 'OW1']",angry,character1,big_center,cross_hands,True,green,M,M,-5,1.0,False,projects/1/media/chunk_0_dipika.jpeg
2338,no,76.86,77.02,B,2306,2311,,"['N', 'OW1']",angry,character1,big_center,cross_hands,True,green,M,M,-5,1.0,False,projects/1/media/chunk_0_dipika.jpeg
2339,no,76.86,77.02,B,2306,2311,,"['N', 'OW1']",angry,character1,big_center,cross_hands,True,green,M,M,-5,1.0,False,projects/1/media/chunk_0_dipika.jpeg
2340,no,76.86,77.02,B,2306,2311,,"['N', 'OW1']",angry,character1,big_center,cross_hands,True,green,M,M,-5,1.0,False,projects/1/media/chunk_0_dipika.jpeg
2341,no,76.86,77.02,B,2306,2311,,"['N', 'OW1']",angry,character1,big_center,cross_hands,True,green,M,M,-5,1.0,False,projects/1/media/chunk_0_dipika.jpeg
2342,no,76.86,77.02,B,2306,2311,,"['N', 'OW1']",angry,character1,big_center,cross_hands,True,green,M,M,-5,1.0,False,projects/1/media/chunk_0_dipika.jpeg
2343,no,76.86,77.02,B,2306,2311,,"['N', 'OW1']",angry,character1,big_center,cross_hands,True,green,M,M,-5,1.0,False,projects/1/media/chunk_0_dipika.jpeg
2344,no,76.86,77.02,B,2306,2311,,"['N', 'OW1']",angry,character1,big_center,cross_hands,True,green,M,M,-5,1.0,False,projects/1/media/chunk_0_dipika.jpeg
2345,but,78.18,78.24,B,2345,2347,2345-2347,"['B', 'AH1', 'T']",angry,character1,big_center,cross_hands,True,green,M,M,-5,1.0,False,projects/1/media/chunk_0_dipika.jpeg
2346,okay,78.24,78.62,OW2,2346,2359,2347-2359,"['OW2', 'K', 'EY1']",angry,character1,big_center,cross_hands,True,green,M,M,-5,1.0,False,projects/1/media/chunk_0_dipika.jpeg
2346,but,78.18,78.24,AH1,2345,2347,2345-2347,"['B', 'AH1', 'T']",angry,character1,big_center,cross_hands,True,green,M,M,-5,1.0,False,projects/1/media/chunk_0_dipika.jpeg
2347,okay,78.24,78.62,OW2,2346,2359,2347-2359,"['OW2', 'K', 'EY1']",angry,character1,big_center,cross_hands,True,green,M,M,-5,1.0,False,projects/1/media/chunk_0_dipika.jpeg
2347,but,78.18,78.24,T,2345,2347,2345-2347,"['B', 'AH1', 'T']",angry,character1,big_center,cross_hands,True,green,M,M,-5,1.0,False,projects/1/media/chunk_0_dipika.jpeg
2348,okay,78.24,78.62,OW2,2346,2359,2347-2359,"['OW2', 'K', 'EY1']",angry,character1,big_center,cross_hands,True,green,M,M,-5,1.0,False,projects/1/media/chunk_0_dipika.jpeg
2349,okay,78.24,78.62,OW2,2346,2359,2347-2359,"['OW2', 'K', 'EY1']",angry,character1,big_center,cross_hands,True,green,M,M,-5,1.0,False,projects/1/media/chunk_0_dipika.jpeg
2350,okay,78.24,78.62,OW2,2346,2359,2347-2359,"['OW2', 'K', 'EY1']",angry,character1,big_center,cross_hands,True,green,M,M,-5,1.0,False,projects/1/media/chunk_0_dipika.jpeg
2351,okay,78.24,78.62,OW2,2346,2359,2347-2359,"['OW2', 'K', 'EY1']",angry,character1,big_center,cross_hands,True,green,M,M,-5,1.0,False,projects/1/media/chunk_0_dipika.jpeg
2352,okay,78.24,78.62,K,2346,2359,2347-2359,"['OW2', 'K', 'EY1']",angry,character1,big_center,cross_hands,True,green,M,M,0,1.0,False,projects/1/media/chunk_0_dipika.jpeg
2353,okay,78.24,78.62,K,2346,2359,2347-2359,"['OW2', 'K', 'EY1']",angry,character1,big_center,cross_hands,True,green,M,M,0,1.0,False,projects/1/media/chunk_0_dipika.jpeg
2354,okay,78.24,78.62,EY1,2346,2359,2347-2359,"['OW2', 'K', 'EY1']",angry,character1,big_center,cross_hands,True,green,M,M,0,1.0,False,projects/1/media/chunk_0_dipika.jpeg
2355,okay,78.24,78.62,EY1,2346,2359,2347-2359,"['OW2', 'K', 'EY1']",angry,character1,big_center,cross_hands,True,green,M,M,0,1.0,False,projects/1/media/chunk_0_dipika.jpeg
2356,okay,78.24,78.62,EY1,2346,2359,2347-2359,"['OW2', 'K', 'EY1']",angry,character1,big_center,cross_hands,True,green,M,M,0,1.0,False,projects/1/media/chunk_0_dipika.jpeg
2357,okay,78.24,78.62,EY1,2346,2359,2347-2359,"['OW2', 'K', 'EY1']",angry,character1,big_center,cross_hands,True,green,M,M,0,1.0,False,projects/1/media/chunk_0_dipika.jpeg
2358,okay,78.24,78.62,EY1,2346,2359,2347-2359,"['OW2', 'K', 'EY1']",angry,character1,big_center,cross_hands,True,green,M,M,0,1.0,False,projects/1/media/chunk_0_dipika.jpeg
2358,cool,78.62,79.2,K,2358,2376,2359-2376,"['K', 'UW1', 'L']",angry,character1,big_center,cross_hands,True,green,M,M,0,1.0,False,projects/1/media/chunk_0_dipika.jpeg
2359,okay,78.24,78.62,EY1,2346,2359,2347-2359,"['OW2', 'K', 'EY1']",angry,character1,big_center,cross_hands,True,green,M,M,0,1.0,False,projects/1/media/chunk_0_dipika.jpeg
2359,cool,78.62,79.2,K,2358,2376,2359-2376,"['K', 'UW1', 'L']",angry,character1,big_center,cross_hands,True,green,M,M,0,1.0,False,projects/1/media/chunk_0_dipika.jpeg
2360,cool,78.62,79.2,K,2358,2376,2359-2376,"['K', 'UW1', 'L']",angry,character1,big_center,cross_hands,True,green,M,M,0,1.0,True,projects/1/media/chunk_0_dipika.jpeg
2361,cool,78.62,79.2,UW1,2358,2376,2359-2376,"['K', 'UW1', 'L']",angry,character1,big_center,cross_hands,True,green,M,M,0,1.0,True,projects/1/media/chunk_0_dipika.jpeg
2362,cool,78.62,79.2,UW1,2358,2376,2359-2376,"['K', 'UW1', 'L']",angry,character1,big_center,cross_hands,True,green,M,M,0,1.0,True,projects/1/media/chunk_0_dipika.jpeg
2363,cool,78.62,79.2,UW1,2358,2376,2359-2376,"['K', 'UW1', 'L']",angry,character1,big_center,cross_hands,True,green,M,M,0,1.0,True,projects/1/media/chunk_0_dipika.jpeg
2364,cool,78.62,79.2,UW1,2358,2376,2359-2376,"['K', 'UW1', 'L']",angry,character1,big_center,cross_hands,True,green,M,M,0,1.0,True,projects/1/media/chunk_0_dipika.jpeg
2365,cool,78.62,79.2,UW1,2358,2376,2359-2376,"['K', 'UW1', 'L']",angry,character1,big_center,cross_hands,True,green,M,M,0,1.0,False,projects/1/media/chunk_0_dipika.jpeg
2366,cool,78.62,79.2,UW1,2358,2376,2359-2376,"['K', 'UW1', 'L']",angry,character1,big_center,cross_hands,True,green,M,M,0,1.0,False,projects/1/media/chunk_0_dipika.jpeg
2367,cool,78.62,79.2,UW1,2358,2376,2359-2376,"['K', 'UW1', 'L']",angry,character1,big_center,cross_hands,True,green,M,M,0,1.0,False,projects/1/media/chunk_0_dipika.jpeg
2368,cool,78.62,79.2,UW1,2358,2376,2359-2376,"['K', 'UW1', 'L']",angry,character1,big_center,cross_hands,True,green,M,M,0,1.0,False,projects/1/media/chunk_0_dipika.jpeg
2369,cool,78.62,79.2,UW1,2358,2376,2359-2376,"['K', 'UW1', 'L']",angry,character1,big_center,cross_hands,True,green,M,M,0,1.0,False,projects/1/media/chunk_0_dipika.jpeg
2370,cool,78.62,79.2,UW1,2358,2376,2359-2376,"['K', 'UW1', 'L']",angry,character1,big_center,cross_hands,True,green,M,M,0,1.0,False,projects/1/media/chunk_0_dipika.jpeg
2371,cool,78.62,79.2,L,2358,2376,2359-2376,"['K', 'UW1', 'L']",angry,character1,big_center,cross_hands,True,green,M,M,0,1.0,False,projects/1/media/chunk_0_dipika.jpeg
2372,cool,78.62,79.2,L,2358,2376,2359-2376,"['K', 'UW1', 'L']",angry,character1,big_center,cross_hands,True,green,M,M,0,1.0,False,projects/1/media/chunk_0_dipika.jpeg
2373,cool,78.62,79.2,L,2358,2376,2359-2376,"['K', 'UW1', 'L']",angry,character1,big_center,cross_hands,True,green,M,M,0,1.0,False,projects/1/media/chunk_0_dipika.jpeg
2374,cool,78.62,79.2,L,2358,2376,2359-2376,"['K', 'UW1', 'L']",angry,character1,big_center,cross_hands,True,green,M,M,0,1.0,False,projects/1/media/chunk_0_dipika.jpeg
2375,cool,79.2,79.48,K,2375,2384,2376-2384,"['K', 'UW1', 'L']",angry,character1,big_center,cross_hands,True,green,M,M,0,1.0,False,projects/1/media/chunk_0_dipika.jpeg
2375,cool,78.62,79.2,L,2358,2376,2359-2376,"['K', 'UW1', 'L']",angry,character1,big_center,cross_hands,True,green,M,M,0,1.0,False,projects/1/media/chunk_0_dipika.jpeg
2376,cool,79.2,79.48,K,2375,2384,2376-2384,"['K', 'UW1', 'L']",angry,character1,big_center,cross_hands,True,green,M,M,0,1.0,False,projects/1/media/chunk_0_dipika.jpeg
2376,cool,78.62,79.2,L,2358,2376,2359-2376,"['K', 'UW1', 'L']",angry,character1,big_center,cross_hands,True,green,M,M,0,1.0,False,projects/1/media/chunk_0_dipika.jpeg
2377,cool,79.2,79.48,UW1,2375,2384,2376-2384,"['K', 'UW1', 'L']",angry,character1,big_center,cross_hands,True,green,M,M,0,1.0,False,projects/1/media/chunk_0_dipika.jpeg
2378,cool,79.2,79.48,UW1,2375,2384,2376-2384,"['K', 'UW1', 'L']",angry,character1,big_center,cross_hands,True,green,M,M,0,1.0,False,projects/1/media/chunk_0_dipika.jpeg
2379,cool,79.2,79.48,UW1,2375,2384,2376-2384,"['K', 'UW1', 'L']",angry,character1,big_center,cross_hands,True,green,M,M,0,1.0,False,projects/1/media/chunk_0_dipika.jpeg
2380,cool,79.2,79.48,UW1,2375,2384,2376-2384,"['K', 'UW1', 'L']",angry,character1,big_center,cross_hands,True,green,M,M,0,1.0,False,projects/1/media/chunk_0_dipika.jpeg
2381,cool,79.2,79.48,UW1,2375,2384,2376-2384,"['K', 'UW1', 'L']",angry,character1,big_center,cross_hands,True,green,M,M,0,1.0,False,projects/1/media/chunk_0_dipika.jpeg
2382,cool,79.2,79.48,L,2375,2384,2376-2384,"['K', 'UW1', 'L']",angry,character1,big_center,cross_hands,True,green,M,M,0,1.0,False,projects/1/media/chunk_0_dipika.jpeg
2383,cool,79.48,79.74,K,2383,2392,2384-2392,"['K', 'UW1', 'L']",angry,character1,big_center,cross_hands,True,green,M,M,0,1.0,False,projects/1/media/chunk_0_dipika.jpeg
2383,cool,79.2,79.48,L,2375,2384,2376-2384,"['K', 'UW1', 'L']",angry,character1,big_center,cross_hands,True,green,M,L,0,1.0,False,projects/1/media/chunk_0_dipika.jpeg
2384,cool,79.48,79.74,K,2383,2392,2384-2392,"['K', 'UW1', 'L']",angry,character1,big_center,cross_hands,True,green,M,L,0,1.0,False,projects/1/media/chunk_0_dipika.jpeg
2384,cool,79.2,79.48,L,2375,2384,2376-2384,"['K', 'UW1', 'L']",angry,character1,big_center,cross_hands,True,green,M,L,0,1.0,False,projects/1/media/chunk_0_dipika.jpeg
2385,cool,79.48,79.74,UW1,2383,2392,2384-2392,"['K', 'UW1', 'L']",angry,character1,big_center,cross_hands,True,green,M,L,0,1.0,False,projects/1/media/chunk_0_dipika.jpeg
2386,cool,79.48,79.74,UW1,2383,2392,2384-2392,"['K', 'UW1', 'L']",angry,character1,big_center,cross_hands,True,green,M,L,0,1.0,False,projects/1/media/chunk_0_dipika.jpeg
2387,cool,79.48,79.74,UW1,2383,2392,2384-2392,"['K', 'UW1', 'L']",angry,character1,big_center,cross_hands,True,green,M,L,0,1.0,False,projects/1/media/chunk_0_dipika.jpeg
2388,cool,79.48,79.74,UW1,2383,2392,2384-2392,"['K', 'UW1', 'L']",angry,character1,big_center,cross_hands,True,green,M,L,0,1.0,False,projects/1/media/chunk_0_dipika.jpeg
2389,cool,79.48,79.74,UW1,2383,2392,2384-2392,"['K', 'UW1', 'L']",angry,character1,big_center,cross_hands,True,green,M,L,0,1.0,False,projects/1/media/chunk_0_dipika.jpeg
2390,cool,79.48,79.74,L,2383,2392,2384-2392,"['K', 'UW1', 'L']",angry,character1,big_center,cross_hands,True,green,M,L,0,1.0,False,projects/1/media/chunk_0_dipika.jpeg
2391,cool,79.48,79.74,L,2383,2392,2384-2392,"['K', 'UW1', 'L']",angry,character1,big_center,cross_hands,True,green,M,L,0,1.0,False,projects/1/media/chunk_0_dipika.jpeg
2392,cool,79.48,79.74,L,2383,2392,2384-2392,"['K', 'UW1', 'L']",angry,character1,big_center,cross_hands,True,green,M,L,0,1.0,False,projects/1/media/chunk_0_dipika.jpeg
2393,cool,79.48,79.74,B,2383,2392,,"['K', 'UW1', 'L']",angry,character1,big_center,cross_hands,True,green,M,L,0,1.0,False,projects/1/media/chunk_0_dipika.jpeg
2394,cool,79.48,79.74,B,2383,2392,,"['K', 'UW1', 'L']",angry,character1,big_center,cross_hands,True,green,M,L,0,1.0,False,projects/1/media/chunk_0_dipika.jpeg
2395,cool,79.48,79.74,B,2383,2392,,"['K', 'UW1', 'L']",angry,character1,big_center,cross_hands,True,green,M,L,0,1.0,False,projects/1/media/chunk_0_dipika.jpeg
2396,cool,79.48,79.74,B,2383,2392,,"['K', 'UW1', 'L']",angry,character1,big_center,cross_hands,True,green,M,L,0,1.0,False,projects/1/media/chunk_0_dipika.jpeg
2397,cool,79.48,79.74,B,2383,2392,,"['K', 'UW1', 'L']",angry,character1,big_center,cross_hands,True,green,M,M,0,1.0,False,projects/1/media/chunk_0_dipika.jpeg
2398,cool,79.48,79.74,B,2383,2392,,"['K', 'UW1', 'L']",angry,character1,big_center,cross_hands,True,green,M,M,0,1.0,False,projects/1/media/chunk_0_dipika.jpeg
2399,cool,79.48,79.74,B,2383,2392,,"['K', 'UW1', 'L']",angry,character1,big_center,cross_hands,True,green,M,M,0,1.0,False,projects/1/media/chunk_0_dipika.jpeg
2400,cool,79.48,79.74,B,2383,2392,,"['K', 'UW1', 'L']",angry,character1,big_center,cross_hands,True,green,M,M,0,1.0,False,projects/1/media/chunk_0_dipika.jpeg
2401,cool,79.48,79.74,B,2383,2392,,"['K', 'UW1', 'L']",angry,character1,big_center,cross_hands,True,green,M,M,0,1.0,False,projects/1/media/chunk_0_dipika.jpeg
2402,cool,79.48,79.74,B,2383,2392,,"['K', 'UW1', 'L']",angry,character1,big_center,cross_hands,True,green,M,M,0,1.0,False,projects/1/media/chunk_0_dipika.jpeg
2403,cool,79.48,79.74,B,2383,2392,,"['K', 'UW1', 'L']",angry,character1,big_center,cross_hands,True,green,M,M,0,1.0,False,projects/1/media/chunk_0_dipika.jpeg
2404,cool,79.48,79.74,B,2383,2392,,"['K', 'UW1', 'L']",angry,character1,big_center,cross_hands,True,green,M,M,0,1.0,False,projects/1/media/chunk_0_dipika.jpeg
2405,cool,79.48,79.74,B,2383,2392,,"['K', 'UW1', 'L']",angry,character1,big_center,cross_hands,True,green,M,M,0,1.0,False,projects/1/media/chunk_0_dipika.jpeg
2406,cool,79.48,79.74,B,2383,2392,,"['K', 'UW1', 'L']",angry,character1,big_center,cross_hands,True,green,M,M,0,1.0,False,projects/1/media/chunk_0_dipika.jpeg
2407,cool,79.48,79.74,B,2383,2392,,"['K', 'UW1', 'L']",angry,character1,big_center,cross_hands,True,green,M,M,0,1.0,False,projects/1/media/chunk_0_dipika.jpeg
2408,cool,79.48,79.74,B,2383,2392,,"['K', 'UW1', 'L']",angry,character1,big_center,cross_hands,True,green,M,M,0,1.0,False,projects/1/media/chunk_0_dipika.jpeg
2409,cool,79.48,79.74,B,2383,2392,,"['K', 'UW1', 'L']",angry,character1,big_center,cross_hands,True,green,M,M,0,1.0,False,projects/1/media/chunk_0_dipika.jpeg
2410,cool,79.48,79.74,B,2383,2392,,"['K', 'UW1', 'L']",angry,character1,big_center,cross_hands,True,green,M,M,0,1.0,False,projects/1/media/chunk_0_dipika.jpeg
2411,cool,79.48,79.74,B,2383,2392,,"['K', 'UW1', 'L']",angry,character1,big_center,cross_hands,True,green,M,M,0,1.0,False,projects/1/media/chunk_0_dipika.jpeg
2412,cool,79.48,79.74,B,2383,2392,,"['K', 'UW1', 'L']",angry,character1,big_center,cross_hands,True,green,M,M,0,1.0,False,projects/1/media/chunk_0_dipika.jpeg
2413,cool,79.48,79.74,B,2383,2392,,"['K', 'UW1', 'L']",angry,character1,big_center,cross_hands,True,green,M,M,0,1.0,False,projects/1/media/chunk_0_dipika.jpeg
2414,cool,79.48,79.74,B,2383,2392,,"['K', 'UW1', 'L']",angry,character1,big_center,cross_hands,True,green,M,M,0,1.0,False,projects/1/media/chunk_0_dipika.jpeg
2415,cool,79.48,79.74,B,2383,2392,,"['K', 'UW1', 'L']",angry,character1,big_center,cross_hands,True,green,M,M,0,1.0,False,projects/1/media/chunk_0_dipika.jpeg
2416,cool,79.48,79.74,B,2383,2392,,"['K', 'UW1', 'L']",angry,character1,big_center,cross_hands,True,green,L,L,0,1.0,False,projects/1/media/chunk_0_dipika.jpeg
2417,cool,79.48,79.74,B,2383,2392,,"['K', 'UW1', 'L']",angry,character1,big_center,cross_hands,True,green,L,L,0,1.0,False,projects/1/media/chunk_0_dipika.jpeg
2418,cool,79.48,79.74,B,2383,2392,,"['K', 'UW1', 'L']",angry,character1,big_center,cross_hands,True,green,L,L,0,1.0,False,projects/1/media/chunk_0_dipika.jpeg
2419,cool,79.48,79.74,B,2383,2392,,"['K', 'UW1', 'L']",angry,character1,big_center,cross_hands,True,green,L,L,0,1.0,False,projects/1/media/chunk_0_dipika.jpeg
2420,cool,79.48,79.74,B,2383,2392,,"['K', 'UW1', 'L']",angry,character1,big_center,cross_hands,True,green,L,L,0,1.0,False,projects/1/media/chunk_0_dipika.jpeg
2421,cool,79.48,79.74,B,2383,2392,,"['K', 'UW1', 'L']",angry,character1,big_center,cross_hands,True,green,L,L,0,1.0,False,projects/1/media/chunk_0_dipika.jpeg
2422,cool,79.48,79.74,B,2383,2392,,"['K', 'UW1', 'L']",angry,character1,big_center,cross_hands,True,green,L,L,0,1.0,False,projects/1/media/chunk_0_dipika.jpeg
2423,cool,79.48,79.74,B,2383,2392,,"['K', 'UW1', 'L']",angry,character1,big_center,cross_hands,True,green,L,L,0,1.0,False,projects/1/media/chunk_0_dipika.jpeg
2424,cool,79.48,79.74,B,2383,2392,,"['K', 'UW1', 'L']",angry,character1,big_center,cross_hands,True,green,L,L,0,1.0,False,projects/1/media/chunk_0_dipika.jpeg
2425,cool,79.48,79.74,B,2383,2392,,"['K', 'UW1', 'L']",angry,character1,big_center,cross_hands,True,green,L,L,0,1.0,False,projects/1/media/chunk_0_dipika.jpeg
2426,cool,79.48,79.74,B,2383,2392,,"['K', 'UW1', 'L']",angry,character1,big_center,cross_hands,True,green,L,L,0,1.0,False,projects/1/media/chunk_0_dipika.jpeg
2427,cool,79.48,79.74,B,2383,2392,,"['K', 'UW1', 'L']",angry,character1,big_center,cross_hands,True,green,L,L,0,1.0,False,projects/1/media/chunk_0_dipika.jpeg
2428,and,80.94,81.06,AH0,2428,2432,2428-2432,"['AH0', 'N', 'D']",angry,character1,big_center,cross_hands,True,green,L,L,0,1.0,False,projects/1/media/chunk_0_dipika.jpeg
2429,and,80.94,81.06,AH0,2428,2432,2428-2432,"['AH0', 'N', 'D']",angry,character1,big_center,cross_hands,True,green,L,L,0,1.0,False,projects/1/media/chunk_0_dipika.jpeg
2430,and,80.94,81.06,N,2428,2432,2428-2432,"['AH0', 'N', 'D']",angry,character1,big_center,cross_hands,True,green,L,L,0,1.0,False,projects/1/media/chunk_0_dipika.jpeg
2431,that,81.06,81.36,DH,2431,2441,2432-2441,"['DH', 'AE1', 'T']",angry,character1,big_center,cross_hands,True,green,L,L,0,1.0,False,projects/1/media/chunk_0_dipika.jpeg
2431,and,80.94,81.06,N,2428,2432,2428-2432,"['AH0', 'N', 'D']",angry,character1,big_center,cross_hands,True,green,L,L,0,1.0,False,projects/1/media/chunk_0_dipika.jpeg
2432,that,81.06,81.36,DH,2431,2441,2432-2441,"['DH', 'AE1', 'T']",angry,character1,big_center,cross_hands,True,green,L,L,0,1.0,False,projects/1/media/chunk_0_dipika.jpeg
2432,and,80.94,81.06,D,2428,2432,2428-2432,"['AH0', 'N', 'D']",angry,character1,big_center,cross_hands,True,green,L,L,0,1.0,False,projects/1/media/chunk_0_dipika.jpeg
2433,that,81.06,81.36,DH,2431,2441,2432-2441,"['DH', 'AE1', 'T']",angry,character1,big_center,cross_hands,True,green,L,L,0,1.0,False,projects/1/media/chunk_0_dipika.jpeg
2434,that,81.06,81.36,DH,2431,2441,2432-2441,"['DH', 'AE1', 'T']",angry,character1,big_center,cross_hands,True,green,L,L,0,1.0,False,projects/1/media/chunk_0_dipika.jpeg
2435,that,81.06,81.36,AE1,2431,2441,2432-2441,"['DH', 'AE1', 'T']",angry,character1,big_center,cross_hands,True,green,L,L,0,1.0,False,projects/1/media/chunk_0_dipika.jpeg
2436,that,81.06,81.36,AE1,2431,2441,2432-2441,"['DH', 'AE1', 'T']",angry,character1,big_center,cross_hands,True,green,L,L,0,1.0,False,projects/1/media/chunk_0_dipika.jpeg
2437,that,81.06,81.36,AE1,2431,2441,2432-2441,"['DH', 'AE1', 'T']",angry,character1,big_center,cross_hands,True,green,L,L,0,1.0,False,projects/1/media/chunk_0_dipika.jpeg
2438,that,81.06,81.36,AE1,2431,2441,2432-2441,"['DH', 'AE1', 'T']",angry,character1,big_center,cross_hands,True,green,L,L,0,1.0,False,projects/1/media/chunk_0_dipika.jpeg
2439,that,81.06,81.36,AE1,2431,2441,2432-2441,"['DH', 'AE1', 'T']",angry,character1,big_center,cross_hands,True,green,L,L,0,1.0,False,projects/1/media/chunk_0_dipika.jpeg
2440,dear,81.36,81.64,D,2440,2449,2441-2449,"['D', 'IH1', 'R']",angry,character1,big_center,cross_hands,True,green,L,L,0,1.0,False,projects/1/media/chunk_0_dipika.jpeg
2440,that,81.06,81.36,T,2431,2441,2432-2441,"['DH', 'AE1', 'T']",angry,character1,big_center,cross_hands,True,green,L,L,0,1.0,False,projects/1/media/chunk_0_dipika.jpeg
2441,dear,81.36,81.64,D,2440,2449,2441-2449,"['D', 'IH1', 'R']",angry,character1,big_center,cross_hands,True,green,L,L,0,1.0,False,projects/1/media/chunk_0_dipika.jpeg
2441,that,81.06,81.36,T,2431,2441,2432-2441,"['DH', 'AE1', 'T']",angry,character1,big_center,cross_hands,True,green,L,L,0,1.0,False,projects/1/media/chunk_0_dipika.jpeg
2442,dear,81.36,81.64,IH1,2440,2449,2441-2449,"['D', 'IH1', 'R']",angry,character1,big_center,cross_hands,True,green,L,L,0,1.0,False,projects/1/media/chunk_0_dipika.jpeg
2443,dear,81.36,81.64,IH1,2440,2449,2441-2449,"['D', 'IH1', 'R']",angry,character1,big_center,cross_hands,True,green,L,L,0,1.0,False,projects/1/media/chunk_0_dipika.jpeg
2444,dear,81.36,81.64,IH1,2440,2449,2441-2449,"['D', 'IH1', 'R']",angry,character1,big_center,cross_hands,True,green,L,L,0,1.0,False,projects/1/media/chunk_0_dipika.jpeg
2445,dear,81.36,81.64,IH1,2440,2449,2441-2449,"['D', 'IH1', 'R']",angry,character1,big_center,cross_hands,True,green,L,L,0,1.0,False,projects/1/media/chunk_0_dipika.jpeg
2446,dear,81.36,81.64,IH1,2440,2449,2441-2449,"['D', 'IH1', 'R']",angry,character1,big_center,cross_hands,True,green,L,L,0,1.0,False,projects/1/media/chunk_0_dipika.jpeg
2447,dear,81.36,81.64,R,2440,2449,2441-2449,"['D', 'IH1', 'R']",angry,character1,big_center,cross_hands,True,green,L,L,0,1.0,False,projects/1/media/chunk_0_dipika.jpeg
2448,dear,81.36,81.64,R,2440,2449,2441-2449,"['D', 'IH1', 'R']",angry,character1,big_center,cross_hands,True,green,L,L,0,1.0,False,projects/1/media/chunk_0_dipika.jpeg
2448,viewers,81.64,82.08,V,2448,2462,2449-2462,"['V', 'Y', 'UW1', 'ER0', 'Z']",angry,character1,big_center,cross_hands,True,green,L,L,0,1.0,False,projects/1/media/chunk_0_dipika.jpeg
2449,viewers,81.64,82.08,V,2448,2462,2449-2462,"['V', 'Y', 'UW1', 'ER0', 'Z']",angry,character1,big_center,cross_hands,True,green,L,L,0,1.0,False,projects/1/media/chunk_0_dipika.jpeg
2449,dear,81.36,81.64,R,2440,2449,2441-2449,"['D', 'IH1', 'R']",angry,character1,big_center,cross_hands,True,green,L,L,0,1.0,False,projects/1/media/chunk_0_dipika.jpeg
2450,viewers,81.64,82.08,V,2448,2462,2449-2462,"['V', 'Y', 'UW1', 'ER0', 'Z']",angry,character1,big_center,cross_hands,True,green,L,L,0,1.0,False,projects/1/media/chunk_0_dipika.jpeg
2451,viewers,81.64,82.08,Y,2448,2462,2449-2462,"['V', 'Y', 'UW1', 'ER0', 'Z']",angry,character1,big_center,cross_hands,True,green,L,L,0,1.0,False,projects/1/media/chunk_0_dipika.jpeg
2452,viewers,81.64,82.08,UW1,2448,2462,2449-2462,"['V', 'Y', 'UW1', 'ER0', 'Z']",angry,character1,big_center,cross_hands,True,green,L,L,0,1.0,False,projects/1/media/chunk_0_dipika.jpeg
2453,viewers,81.64,82.08,UW1,2448,2462,2449-2462,"['V', 'Y', 'UW1', 'ER0', 'Z']",angry,character1,big_center,cross_hands,True,green,L,L,0,1.0,False,projects/1/media/chunk_0_dipika.jpeg
2454,viewers,81.64,82.08,UW1,2448,2462,2449-2462,"['V', 'Y', 'UW1', 'ER0', 'Z']",angry,character1,big_center,cross_hands,True,green,L,L,0,1.0,False,projects/1/media/chunk_0_dipika.jpeg
2455,viewers,81.64,82.08,UW1,2448,2462,2449-2462,"['V', 'Y', 'UW1', 'ER0', 'Z']",angry,character1,big_center,cross_hands,True,green,L,L,0,1.0,False,projects/1/media/chunk_0_dipika.jpeg
2456,viewers,81.64,82.08,ER0,2448,2462,2449-2462,"['V', 'Y', 'UW1', 'ER0', 'Z']",angry,character1,big_center,cross_hands,True,green,L,L,0,1.0,False,projects/1/media/chunk_0_dipika.jpeg
2457,viewers,81.64,82.08,ER0,2448,2462,2449-2462,"['V', 'Y', 'UW1', 'ER0', 'Z']",angry,character1,big_center,cross_hands,True,green,L,L,0,1.0,False,projects/1/media/chunk_0_dipika.jpeg
2458,viewers,81.64,82.08,ER0,2448,2462,2449-2462,"['V', 'Y', 'UW1', 'ER0', 'Z']",angry,character1,big_center,cross_hands,True,green,L,L,0,1.0,False,projects/1/media/chunk_0_dipika.jpeg
2459,viewers,81.64,82.08,ER0,2448,2462,2449-2462,"['V', 'Y', 'UW1', 'ER0', 'Z']",angry,character1,big_center,cross_hands,True,green,L,L,0,1.0,False,projects/1/media/chunk_0_dipika.jpeg
2460,viewers,81.64,82.08,Z,2448,2462,2449-2462,"['V', 'Y', 'UW1', 'ER0', 'Z']",angry,character1,big_center,cross_hands,True,green,L,L,0,1.0,False,projects/1/media/chunk_0_dipika.jpeg
2461,is,82.08,82.5,IH1,2461,2475,2462-2475,"['IH1', 'Z']",angry,character1,big_center,cross_hands,True,green,L,L,0,1.0,False,projects/1/media/chunk_0_dipika.jpeg
2461,viewers,81.64,82.08,Z,2448,2462,2449-2462,"['V', 'Y', 'UW1', 'ER0', 'Z']",angry,character1,big_center,cross_hands,True,green,L,L,0,1.0,False,projects/1/media/chunk_0_dipika.jpeg
2462,is,82.08,82.5,IH1,2461,2475,2462-2475,"['IH1', 'Z']",angry,character1,big_center,cross_hands,True,green,L,L,0,1.0,False,projects/1/media/chunk_0_dipika.jpeg
2462,viewers,81.64,82.08,Z,2448,2462,2449-2462,"['V', 'Y', 'UW1', 'ER0', 'Z']",angry,character1,big_center,cross_hands,True,green,L,L,0,1.0,False,projects/1/media/chunk_0_dipika.jpeg
2463,is,82.08,82.5,IH1,2461,2475,2462-2475,"['IH1', 'Z']",angry,character1,big_center,cross_hands,True,green,L,L,0,1.0,False,projects/1/media/chunk_0_dipika.jpeg
2464,is,82.08,82.5,IH1,2461,2475,2462-2475,"['IH1', 'Z']",angry,character1,big_center,cross_hands,True,green,L,L,0,1.0,False,projects/1/media/chunk_0_dipika.jpeg
2465,is,82.08,82.5,IH1,2461,2475,2462-2475,"['IH1', 'Z']",angry,character1,big_center,cross_hands,True,green,L,L,0,1.0,False,projects/1/media/chunk_0_dipika.jpeg
2466,is,82.08,82.5,IH1,2461,2475,2462-2475,"['IH1', 'Z']",angry,character1,big_center,cross_hands,True,green,L,L,0,1.0,False,projects/1/media/chunk_0_dipika.jpeg
2467,is,82.08,82.5,IH1,2461,2475,2462-2475,"['IH1', 'Z']",angry,character1,big_center,cross_hands,True,green,L,L,0,1.0,False,projects/1/media/chunk_0_dipika.jpeg
2468,is,82.08,82.5,IH1,2461,2475,2462-2475,"['IH1', 'Z']",angry,character1,big_center,cross_hands,True,green,L,L,0,1.0,False,projects/1/media/chunk_0_dipika.jpeg
2469,is,82.08,82.5,IH1,2461,2475,2462-2475,"['IH1', 'Z']",angry,character1,big_center,cross_hands,True,green,L,L,0,1.0,False,projects/1/media/chunk_0_dipika.jpeg
2470,is,82.08,82.5,Z,2461,2475,2462-2475,"['IH1', 'Z']",angry,character1,big_center,cross_hands,True,green,L,L,0,1.0,False,projects/1/media/chunk_0_dipika.jpeg
2471,is,82.08,82.5,Z,2461,2475,2462-2475,"['IH1', 'Z']",angry,character1,big_center,cross_hands,True,green,L,L,0,1.0,False,projects/1/media/chunk_0_dipika.jpeg
2472,is,82.08,82.5,Z,2461,2475,2462-2475,"['IH1', 'Z']",angry,character1,big_center,cross_hands,True,green,L,L,0,1.0,False,projects/1/media/chunk_0_dipika.jpeg
2473,is,82.08,82.5,Z,2461,2475,2462-2475,"['IH1', 'Z']",angry,character1,big_center,cross_hands,True,green,L,L,0,1.0,False,projects/1/media/chunk_0_dipika.jpeg
2474,the,82.5,82.64,DH,2474,2479,2475-2479,"['DH', 'AH0']",angry,character1,big_center,cross_hands,True,green,L,L,0,1.0,False,projects/1/media/chunk_0_dipika.jpeg
2474,is,82.08,82.5,Z,2461,2475,2462-2475,"['IH1', 'Z']",angry,character1,big_center,cross_hands,True,green,L,L,0,1.0,False,projects/1/media/chunk_0_dipika.jpeg
2475,the,82.5,82.64,DH,2474,2479,2475-2479,"['DH', 'AH0']",angry,character1,big_center,cross_hands,True,green,L,L,0,1.0,False,projects/1/media/chunk_0_dipika.jpeg
2475,is,82.08,82.5,Z,2461,2475,2462-2475,"['IH1', 'Z']",angry,character1,big_center,cross_hands,True,green,L,L,0,1.0,False,projects/1/media/chunk_0_dipika.jpeg
2476,the,82.5,82.64,AH0,2474,2479,2475-2479,"['DH', 'AH0']",angry,character1,big_center,cross_hands,True,green,L,L,0,1.0,False,projects/1/media/chunk_0_dipika.jpeg
2477,the,82.5,82.64,AH0,2474,2479,2475-2479,"['DH', 'AH0']",angry,character1,big_center,cross_hands,True,green,L,L,0,1.0,False,projects/1/media/chunk_0_dipika.jpeg
2478,power,82.64,82.98,P,2478,2489,2479-2489,"['P', 'AW1', 'ER0']",angry,character1,big_center,cross_hands,True,green,L,L,0,1.0,False,projects/1/media/chunk_0_dipika.jpeg
2478,the,82.5,82.64,AH0,2474,2479,2475-2479,"['DH', 'AH0']",angry,character1,big_center,cross_hands,True,green,L,L,0,1.0,False,projects/1/media/chunk_0_dipika.jpeg
2479,the,82.5,82.64,AH0,2474,2479,2475-2479,"['DH', 'AH0']",angry,character1,big_center,cross_hands,True,green,M,M,0,1.0,False,projects/1/media/chunk_0_dipika.jpeg
2479,power,82.64,82.98,P,2478,2489,2479-2489,"['P', 'AW1', 'ER0']",angry,character1,big_center,cross_hands,True,green,M,M,0,1.0,False,projects/1/media/chunk_0_dipika.jpeg
2480,power,82.64,82.98,AW1,2478,2489,2479-2489,"['P', 'AW1', 'ER0']",angry,character1,big_center,cross_hands,True,green,M,M,0,1.0,False,projects/1/media/chunk_0_dipika.jpeg
2481,power,82.64,82.98,AW1,2478,2489,2479-2489,"['P', 'AW1', 'ER0']",angry,character1,big_center,cross_hands,True,green,M,M,0,1.0,False,projects/1/media/chunk_0_dipika.jpeg
2482,power,82.64,82.98,AW1,2478,2489,2479-2489,"['P', 'AW1', 'ER0']",angry,character1,big_center,cross_hands,True,green,M,M,0,1.0,False,projects/1/media/chunk_0_dipika.jpeg
2483,power,82.64,82.98,AW1,2478,2489,2479-2489,"['P', 'AW1', 'ER0']",angry,character1,big_center,cross_hands,True,green,M,M,0,1.0,False,projects/1/media/chunk_0_dipika.jpeg
2484,power,82.64,82.98,AW1,2478,2489,2479-2489,"['P', 'AW1', 'ER0']",angry,character1,big_center,cross_hands,True,green,M,M,0,1.0,False,projects/1/media/chunk_0_dipika.jpeg
2485,power,82.64,82.98,ER0,2478,2489,2479-2489,"['P', 'AW1', 'ER0']",angry,character1,big_center,cross_hands,True,green,M,M,0,1.0,False,projects/1/media/chunk_0_dipika.jpeg
2486,power,82.64,82.98,ER0,2478,2489,2479-2489,"['P', 'AW1', 'ER0']",angry,character1,big_center,cross_hands,True,green,M,M,0,1.0,False,projects/1/media/chunk_0_dipika.jpeg
2487,power,82.64,82.98,ER0,2478,2489,2479-2489,"['P', 'AW1', 'ER0']",angry,character1,big_center,cross_hands,True,green,M,M,0,1.0,False,projects/1/media/chunk_0_dipika.jpeg
2488,of,82.98,83.16,AH1,2488,2495,2489-2495,"['AH1', 'V']",angry,character1,big_center,cross_hands,True,green,M,M,0,1.0,False,projects/1/media/chunk_0_dipika.jpeg
2488,power,82.64,82.98,ER0,2478,2489,2479-2489,"['P', 'AW1', 'ER0']",angry,character1,big_center,cross_hands,True,green,M,M,0,1.0,False,projects/1/media/chunk_0_dipika.jpeg
2489,power,82.64,82.98,ER0,2478,2489,2479-2489,"['P', 'AW1', 'ER0']",angry,character1,big_center,cross_hands,True,green,M,M,0,1.0,False,projects/1/media/chunk_0_dipika.jpeg
2489,of,82.98,83.16,AH1,2488,2495,2489-2495,"['AH1', 'V']",angry,character1,big_center,cross_hands,True,green,M,M,0,1.0,False,projects/1/media/chunk_0_dipika.jpeg
2490,of,82.98,83.16,AH1,2488,2495,2489-2495,"['AH1', 'V']",angry,character1,big_center,cross_hands,True,green,M,M,0,1.0,False,projects/1/media/chunk_0_dipika.jpeg
2491,of,82.98,83.16,AH1,2488,2495,2489-2495,"['AH1', 'V']",angry,character1,big_center,cross_hands,True,green,M,M,0,1.0,False,projects/1/media/chunk_0_dipika.jpeg
2492,of,82.98,83.16,AH1,2488,2495,2489-2495,"['AH1', 'V']",angry,character1,big_center,cross_hands,True,green,M,M,0,1.0,False,projects/1/media/chunk_0_dipika.jpeg
2493,of,82.98,83.16,V,2488,2495,2489-2495,"['AH1', 'V']",angry,character1,big_center,cross_hands,True,green,M,M,0,1.0,False,projects/1/media/chunk_0_dipika.jpeg
2494,editing,83.16,83.44,EH1,2494,2503,2495-2503,"['EH1', 'D', 'AH0', 'T', 'IH0', 'NG']",angry,character1,big_center,cross_hands,True,green,M,M,0,1.0,False,projects/1/media/chunk_0_dipika.jpeg
2494,of,82.98,83.16,V,2488,2495,2489-2495,"['AH1', 'V']",angry,character1,big_center,cross_hands,True,green,M,M,0,1.0,False,projects/1/media/chunk_0_dipika.jpeg
2495,editing,83.16,83.44,EH1,2494,2503,2495-2503,"['EH1', 'D', 'AH0', 'T', 'IH0', 'NG']",angry,character1,big_center,cross_hands,True,green,M,M,0,1.0,False,projects/1/media/chunk_0_dipika.jpeg
2495,of,82.98,83.16,V,2488,2495,2489-2495,"['AH1', 'V']",angry,character1,big_center,cross_hands,True,green,M,M,0,1.0,False,projects/1/media/chunk_0_dipika.jpeg
2496,editing,83.16,83.44,D,2494,2503,2495-2503,"['EH1', 'D', 'AH0', 'T', 'IH0', 'NG']",angry,character1,big_center,cross_hands,True,green,M,M,0,1.0,False,projects/1/media/chunk_0_dipika.jpeg
2497,editing,83.16,83.44,AH0,2494,2503,2495-2503,"['EH1', 'D', 'AH0', 'T', 'IH0', 'NG']",angry,character1,big_center,cross_hands,True,green,M,M,0,1.0,False,projects/1/media/chunk_0_dipika.jpeg
2498,editing,83.16,83.44,AH0,2494,2503,2495-2503,"['EH1', 'D', 'AH0', 'T', 'IH0', 'NG']",angry,character1,big_center,cross_hands,True,green,M,M,0,1.0,False,projects/1/media/chunk_0_dipika.jpeg
2499,editing,83.16,83.44,T,2494,2503,2495-2503,"['EH1', 'D', 'AH0', 'T', 'IH0', 'NG']",angry,character1,big_center,cross_hands,True,green,M,M,0,1.0,False,projects/1/media/chunk_0_dipika.jpeg
2500,editing,83.16,83.44,IH0,2494,2503,2495-2503,"['EH1', 'D', 'AH0', 'T', 'IH0', 'NG']",angry,character1,big_center,cross_hands,True,green,M,M,0,1.0,False,projects/1/media/chunk_0_dipika.jpeg
2501,editing,83.16,83.44,IH0,2494,2503,2495-2503,"['EH1', 'D', 'AH0', 'T', 'IH0', 'NG']",angry,character1,big_center,cross_hands,True,green,M,M,0,1.0,False,projects/1/media/chunk_0_dipika.jpeg
2502,editing,83.16,83.44,NG,2494,2503,2495-2503,"['EH1', 'D', 'AH0', 'T', 'IH0', 'NG']",angry,character1,big_center,cross_hands,True,green,M,M,0,1.0,True,projects/1/media/chunk_0_dipika.jpeg
2503,editing,83.16,83.44,NG,2494,2503,2495-2503,"['EH1', 'D', 'AH0', 'T', 'IH0', 'NG']",angry,character1,big_center,cross_hands,True,green,M,M,0,1.0,True,projects/1/media/chunk_0_dipika.jpeg
2504,editing,83.16,83.44,B,2494,2503,,"['EH1', 'D', 'AH0', 'T', 'IH0', 'NG']",angry,character1,big_center,cross_hands,True,green,M,M,0,1.0,True,projects/1/media/chunk_0_dipika.jpeg
2505,editing,83.16,83.44,B,2494,2503,,"['EH1', 'D', 'AH0', 'T', 'IH0', 'NG']",angry,character1,big_center,cross_hands,True,green,M,M,0,1.0,True,projects/1/media/chunk_0_dipika.jpeg
2506,editing,83.16,83.44,B,2494,2503,,"['EH1', 'D', 'AH0', 'T', 'IH0', 'NG']",angry,character1,big_center,cross_hands,True,green,M,M,0,1.0,True,projects/1/media/chunk_0_dipika.jpeg
2507,editing,83.16,83.44,B,2494,2503,,"['EH1', 'D', 'AH0', 'T', 'IH0', 'NG']",angry,character1,big_center,cross_hands,True,green,M,M,0,1.0,False,projects/1/media/chunk_0_dipika.jpeg
2508,emotions,83.6,84.92,IH0,2508,2548,2508-2548,"['IH0', 'M', 'OW1', 'SH', 'AH0', 'N', 'Z']",angry,character1,big_center,cross_hands,True,green,M,M,0,1.0,False,projects/1/media/chunk_0_dipika.jpeg
2509,emotions,83.6,84.92,IH0,2508,2548,2508-2548,"['IH0', 'M', 'OW1', 'SH', 'AH0', 'N', 'Z']",angry,character1,big_center,cross_hands,True,green,M,M,0,1.0,False,projects/1/media/chunk_0_dipika.jpeg
2510,emotions,83.6,84.92,IH0,2508,2548,2508-2548,"['IH0', 'M', 'OW1', 'SH', 'AH0', 'N', 'Z']",angry,character1,big_center,cross_hands,True,green,M,M,0,1.0,False,projects/1/media/chunk_0_dipika.jpeg
2511,emotions,83.6,84.92,IH0,2508,2548,2508-2548,"['IH0', 'M', 'OW1', 'SH', 'AH0', 'N', 'Z']",angry,character1,big_center,cross_hands,True,green,M,M,0,1.0,False,projects/1/media/chunk_0_dipika.jpeg
2512,emotions,83.6,84.92,IH0,2508,2548,2508-2548,"['IH0', 'M', 'OW1', 'SH', 'AH0', 'N', 'Z']",angry,character1,big_center,cross_hands,True,green,M,M,0,1.0,False,projects/1/media/chunk_0_dipika.jpeg
2513,emotions,83.6,84.92,IH0,2508,2548,2508-2548,"['IH0', 'M', 'OW1', 'SH', 'AH0', 'N', 'Z']",angry,character1,big_center,cross_hands,True,green,M,M,0,1.0,False,projects/1/media/chunk_0_dipika.jpeg
2514,emotions,83.6,84.92,IH0,2508,2548,2508-2548,"['IH0', 'M', 'OW1', 'SH', 'AH0', 'N', 'Z']",angry,character1,big_center,cross_hands,True,green,M,M,0,1.0,False,projects/1/media/chunk_0_dipika.jpeg
2515,emotions,83.6,84.92,M,2508,2548,2508-2548,"['IH0', 'M', 'OW1', 'SH', 'AH0', 'N', 'Z']",angry,character1,big_center,cross_hands,True,green,M,M,0,1.0,False,projects/1/media/chunk_0_dipika.jpeg
2516,emotions,83.6,84.92,M,2508,2548,2508-2548,"['IH0', 'M', 'OW1', 'SH', 'AH0', 'N', 'Z']",angry,character1,big_center,cross_hands,True,green,M,M,0,1.0,False,projects/1/media/chunk_0_dipika.jpeg
2517,emotions,83.6,84.92,M,2508,2548,2508-2548,"['IH0', 'M', 'OW1', 'SH', 'AH0', 'N', 'Z']",angry,character1,big_center,cross_hands,True,green,M,M,0,1.0,False,projects/1/media/chunk_0_dipika.jpeg
2518,emotions,83.6,84.92,M,2508,2548,2508-2548,"['IH0', 'M', 'OW1', 'SH', 'AH0', 'N', 'Z']",angry,character1,big_center,cross_hands,True,green,M,M,0,1.0,False,projects/1/media/chunk_0_dipika.jpeg
2519,emotions,83.6,84.92,M,2508,2548,2508-2548,"['IH0', 'M', 'OW1', 'SH', 'AH0', 'N', 'Z']",angry,character1,big_center,cross_hands,True,green,M,M,0,1.0,False,projects/1/media/chunk_0_dipika.jpeg
2520,emotions,83.6,84.92,OW1,2508,2548,2508-2548,"['IH0', 'M', 'OW1', 'SH', 'AH0', 'N', 'Z']",angry,character1,big_center,cross_hands,True,green,M,M,0,1.0,False,projects/1/media/chunk_0_dipika.jpeg
2521,emotions,83.6,84.92,OW1,2508,2548,2508-2548,"['IH0', 'M', 'OW1', 'SH', 'AH0', 'N', 'Z']",angry,character1,big_center,cross_hands,True,green,M,M,0,1.0,False,projects/1/media/chunk_0_dipika.jpeg
2522,emotions,83.6,84.92,OW1,2508,2548,2508-2548,"['IH0', 'M', 'OW1', 'SH', 'AH0', 'N', 'Z']",angry,character1,big_center,cross_hands,True,green,M,M,0,1.0,False,projects/1/media/chunk_0_dipika.jpeg
2523,emotions,83.6,84.92,OW1,2508,2548,2508-2548,"['IH0', 'M', 'OW1', 'SH', 'AH0', 'N', 'Z']",angry,character1,big_center,cross_hands,True,green,M,M,0,1.0,False,projects/1/media/chunk_0_dipika.jpeg
2524,emotions,83.6,84.92,OW1,2508,2548,2508-2548,"['IH0', 'M', 'OW1', 'SH', 'AH0', 'N', 'Z']",angry,character1,big_center,cross_hands,True,green,M,M,0,1.0,False,projects/1/media/chunk_0_dipika.jpeg
2525,emotions,83.6,84.92,OW1,2508,2548,2508-2548,"['IH0', 'M', 'OW1', 'SH', 'AH0', 'N', 'Z']",angry,character1,big_center,cross_hands,True,green,M,M,0,1.0,False,projects/1/media/chunk_0_dipika.jpeg
2526,emotions,83.6,84.92,OW1,2508,2548,2508-2548,"['IH0', 'M', 'OW1', 'SH', 'AH0', 'N', 'Z']",angry,character1,big_center,cross_hands,True,green,M,M,0,1.0,False,projects/1/media/chunk_0_dipika.jpeg
2527,emotions,83.6,84.92,SH,2508,2548,2508-2548,"['IH0', 'M', 'OW1', 'SH', 'AH0', 'N', 'Z']",angry,character1,big_center,cross_hands,True,green,M,M,0,1.0,False,projects/1/media/chunk_0_dipika.jpeg
2528,emotions,83.6,84.92,SH,2508,2548,2508-2548,"['IH0', 'M', 'OW1', 'SH', 'AH0', 'N', 'Z']",angry,character1,big_center,cross_hands,True,green,M,M,0,1.0,False,projects/1/media/chunk_0_dipika.jpeg
2529,emotions,83.6,84.92,SH,2508,2548,2508-2548,"['IH0', 'M', 'OW1', 'SH', 'AH0', 'N', 'Z']",angry,character1,big_center,cross_hands,True,green,M,M,0,1.0,False,projects/1/media/chunk_0_dipika.jpeg
2530,emotions,83.6,84.92,SH,2508,2548,2508-2548,"['IH0', 'M', 'OW1', 'SH', 'AH0', 'N', 'Z']",angry,character1,big_center,cross_hands,True,green,M,M,0,1.0,False,projects/1/media/chunk_0_dipika.jpeg
2531,emotions,83.6,84.92,SH,2508,2548,2508-2548,"['IH0', 'M', 'OW1', 'SH', 'AH0', 'N', 'Z']",angry,character1,big_center,cross_hands,True,green,M,M,0,1.0,False,projects/1/media/chunk_0_dipika.jpeg
2532,emotions,83.6,84.92,AH0,2508,2548,2508-2548,"['IH0', 'M', 'OW1', 'SH', 'AH0', 'N', 'Z']",angry,character1,big_center,cross_hands,True,green,M,M,0,1.0,False,projects/1/media/chunk_0_dipika.jpeg
2533,emotions,83.6,84.92,AH0,2508,2548,2508-2548,"['IH0', 'M', 'OW1', 'SH', 'AH0', 'N', 'Z']",angry,character1,big_center,cross_hands,True,green,M,M,0,1.0,False,projects/1/media/chunk_0_dipika.jpeg
2534,emotions,83.6,84.92,AH0,2508,2548,2508-2548,"['IH0', 'M', 'OW1', 'SH', 'AH0', 'N', 'Z']",angry,character1,big_center,cross_hands,True,green,M,M,0,1.0,False,projects/1/media/chunk_0_dipika.jpeg
2535,emotions,83.6,84.92,AH0,2508,2548,2508-2548,"['IH0', 'M', 'OW1', 'SH', 'AH0', 'N', 'Z']",angry,character1,big_center,cross_hands,True,green,M,M,0,1.0,False,projects/1/media/chunk_0_dipika.jpeg
2536,emotions,83.6,84.92,AH0,2508,2548,2508-2548,"['IH0', 'M', 'OW1', 'SH', 'AH0', 'N', 'Z']",angry,character1,big_center,cross_hands,True,green,M,M,0,1.0,False,projects/1/media/chunk_0_dipika.jpeg
2537,emotions,83.6,84.92,AH0,2508,2548,2508-2548,"['IH0', 'M', 'OW1', 'SH', 'AH0', 'N', 'Z']",angry,character1,big_center,cross_hands,True,green,M,M,0,1.0,False,projects/1/media/chunk_0_dipika.jpeg
2538,emotions,83.6,84.92,AH0,2508,2548,2508-2548,"['IH0', 'M', 'OW1', 'SH', 'AH0', 'N', 'Z']",angry,character1,big_center,cross_hands,True,green,M,M,0,1.0,False,projects/1/media/chunk_0_dipika.jpeg
2539,emotions,83.6,84.92,N,2508,2548,2508-2548,"['IH0', 'M', 'OW1', 'SH', 'AH0', 'N', 'Z']",angry,character1,big_center,cross_hands,True,green,M,M,0,1.0,False,projects/1/media/chunk_0_dipika.jpeg
2540,emotions,83.6,84.92,N,2508,2548,2508-2548,"['IH0', 'M', 'OW1', 'SH', 'AH0', 'N', 'Z']",angry,character1,big_center,cross_hands,True,green,M,M,0,1.0,False,projects/1/media/chunk_0_dipika.jpeg
2541,emotions,83.6,84.92,N,2508,2548,2508-2548,"['IH0', 'M', 'OW1', 'SH', 'AH0', 'N', 'Z']",angry,character1,big_center,cross_hands,True,green,M,M,0,1.0,False,projects/1/media/chunk_0_dipika.jpeg
2542,emotions,83.6,84.92,N,2508,2548,2508-2548,"['IH0', 'M', 'OW1', 'SH', 'AH0', 'N', 'Z']",angry,character1,big_center,cross_hands,True,green,M,M,0,1.0,False,projects/1/media/chunk_0_dipika.jpeg
2543,emotions,83.6,84.92,N,2508,2548,2508-2548,"['IH0', 'M', 'OW1', 'SH', 'AH0', 'N', 'Z']",angry,character1,big_center,cross_hands,True,green,M,M,0,1.0,False,projects/1/media/chunk_0_dipika.jpeg
2544,emotions,83.6,84.92,Z,2508,2548,2508-2548,"['IH0', 'M', 'OW1', 'SH', 'AH0', 'N', 'Z']",angry,character1,big_center,cross_hands,True,green,M,M,0,1.0,False,projects/1/media/chunk_0_dipika.jpeg
2545,emotions,83.6,84.92,Z,2508,2548,2508-2548,"['IH0', 'M', 'OW1', 'SH', 'AH0', 'N', 'Z']",angry,character1,big_center,cross_hands,True,green,M,M,0,1.0,False,projects/1/media/chunk_0_dipika.jpeg
2546,emotions,83.6,84.92,Z,2508,2548,2508-2548,"['IH0', 'M', 'OW1', 'SH', 'AH0', 'N', 'Z']",angry,character1,big_center,cross_hands,True,green,M,M,0,1.0,False,projects/1/media/chunk_0_dipika.jpeg
2547,done,84.92,85.94,D,2547,2578,2548-2578,"['D', 'AH1', 'N']",angry,character1,big_center,cross_hands,True,green,M,M,0,1.0,False,projects/1/media/chunk_0_dipika.jpeg
2547,emotions,83.6,84.92,Z,2508,2548,2508-2548,"['IH0', 'M', 'OW1', 'SH', 'AH0', 'N', 'Z']",angry,character1,big_center,cross_hands,True,green,M,M,0,1.0,False,projects/1/media/chunk_0_dipika.jpeg
2548,done,84.92,85.94,D,2547,2578,2548-2578,"['D', 'AH1', 'N']",angry,character1,big_center,cross_hands,True,green,M,M,0,1.0,False,projects/1/media/chunk_0_dipika.jpeg
2548,emotions,83.6,84.92,Z,2508,2548,2508-2548,"['IH0', 'M', 'OW1', 'SH', 'AH0', 'N', 'Z']",angry,character1,big_center,cross_hands,True,green,M,M,0,1.0,False,projects/1/media/chunk_0_dipika.jpeg
2549,done,84.92,85.94,D,2547,2578,2548-2578,"['D', 'AH1', 'N']",angry,character1,big_center,cross_hands,True,green,M,M,0,1.0,False,projects/1/media/chunk_0_dipika.jpeg
2550,done,84.92,85.94,D,2547,2578,2548-2578,"['D', 'AH1', 'N']",angry,character1,big_center,cross_hands,True,green,M,M,0,1.0,False,projects/1/media/chunk_0_dipika.jpeg
2551,done,84.92,85.94,D,2547,2578,2548-2578,"['D', 'AH1', 'N']",angry,character1,big_center,cross_hands,True,green,M,M,0,1.0,False,projects/1/media/chunk_0_dipika.jpeg
2552,done,84.92,85.94,AH1,2547,2578,2548-2578,"['D', 'AH1', 'N']",angry,character1,big_center,cross_hands,True,green,M,M,0,1.0,False,projects/1/media/chunk_0_dipika.jpeg
2553,done,84.92,85.94,AH1,2547,2578,2548-2578,"['D', 'AH1', 'N']",angry,character1,big_center,cross_hands,True,green,M,M,0,1.0,False,projects/1/media/chunk_0_dipika.jpeg
2554,done,84.92,85.94,AH1,2547,2578,2548-2578,"['D', 'AH1', 'N']",angry,character1,big_center,cross_hands,True,green,M,M,0,1.0,False,projects/1/media/chunk_0_dipika.jpeg
2555,done,84.92,85.94,AH1,2547,2578,2548-2578,"['D', 'AH1', 'N']",angry,character1,big_center,cross_hands,True,green,M,M,0,1.0,False,projects/1/media/chunk_0_dipika.jpeg
2556,done,84.92,85.94,AH1,2547,2578,2548-2578,"['D', 'AH1', 'N']",angry,character1,big_center,cross_hands,True,green,M,M,0,1.0,False,projects/1/media/chunk_0_dipika.jpeg
2557,done,84.92,85.94,AH1,2547,2578,2548-2578,"['D', 'AH1', 'N']",angry,character1,big_center,cross_hands,True,green,M,M,0,1.0,False,projects/1/media/chunk_0_dipika.jpeg
2558,done,84.92,85.94,AH1,2547,2578,2548-2578,"['D', 'AH1', 'N']",angry,character1,big_center,cross_hands,True,green,M,M,0,1.0,False,projects/1/media/chunk_0_dipika.jpeg
2559,done,84.92,85.94,AH1,2547,2578,2548-2578,"['D', 'AH1', 'N']",angry,character1,big_center,cross_hands,True,green,M,M,0,1.0,False,projects/1/media/chunk_0_dipika.jpeg
2560,done,84.92,85.94,AH1,2547,2578,2548-2578,"['D', 'AH1', 'N']",angry,character1,big_center,cross_hands,True,green,M,M,0,1.0,False,projects/1/media/chunk_0_dipika.jpeg
2561,done,84.92,85.94,AH1,2547,2578,2548-2578,"['D', 'AH1', 'N']",angry,character1,big_center,cross_hands,True,green,M,L,0,1.0,False,projects/1/media/chunk_0_dipika.jpeg
2562,done,84.92,85.94,AH1,2547,2578,2548-2578,"['D', 'AH1', 'N']",angry,character1,big_center,cross_hands,True,green,M,L,0,1.0,False,projects/1/media/chunk_0_dipika.jpeg
2563,done,84.92,85.94,AH1,2547,2578,2548-2578,"['D', 'AH1', 'N']",angry,character1,big_center,cross_hands,True,green,M,L,0,1.0,False,projects/1/media/chunk_0_dipika.jpeg
2564,done,84.92,85.94,AH1,2547,2578,2548-2578,"['D', 'AH1', 'N']",angry,character1,big_center,cross_hands,True,green,M,L,0,1.0,False,projects/1/media/chunk_0_dipika.jpeg
2565,done,84.92,85.94,AH1,2547,2578,2548-2578,"['D', 'AH1', 'N']",angry,character1,big_center,cross_hands,True,green,M,L,0,1.0,False,projects/1/media/chunk_0_dipika.jpeg
2566,done,84.92,85.94,AH1,2547,2578,2548-2578,"['D', 'AH1', 'N']",angry,character1,big_center,cross_hands,True,green,M,L,0,1.0,False,projects/1/media/chunk_0_dipika.jpeg
2567,done,84.92,85.94,AH1,2547,2578,2548-2578,"['D', 'AH1', 'N']",angry,character1,big_center,cross_hands,True,green,M,L,0,1.0,False,projects/1/media/chunk_0_dipika.jpeg
2568,done,84.92,85.94,N,2547,2578,2548-2578,"['D', 'AH1', 'N']",angry,character1,big_center,cross_hands,True,green,M,L,0,1.0,False,projects/1/media/chunk_0_dipika.jpeg
2569,done,84.92,85.94,N,2547,2578,2548-2578,"['D', 'AH1', 'N']",angry,character1,big_center,cross_hands,True,green,M,L,0,1.0,False,projects/1/media/chunk_0_dipika.jpeg
2570,done,84.92,85.94,N,2547,2578,2548-2578,"['D', 'AH1', 'N']",angry,character1,big_center,cross_hands,True,green,M,L,0,1.0,False,projects/1/media/chunk_0_dipika.jpeg
2571,done,84.92,85.94,N,2547,2578,2548-2578,"['D', 'AH1', 'N']",angry,character1,big_center,cross_hands,True,green,M,L,0,1.0,False,projects/1/media/chunk_0_dipika.jpeg
2572,done,84.92,85.94,N,2547,2578,2548-2578,"['D', 'AH1', 'N']",angry,character1,big_center,cross_hands,True,green,M,L,0,1.0,False,projects/1/media/chunk_0_dipika.jpeg
2573,done,84.92,85.94,N,2547,2578,2548-2578,"['D', 'AH1', 'N']",angry,character1,big_center,cross_hands,True,green,M,L,0,1.0,False,projects/1/media/chunk_0_dipika.jpeg
2574,done,84.92,85.94,N,2547,2578,2548-2578,"['D', 'AH1', 'N']",angry,character1,big_center,cross_hands,True,green,M,L,0,1.0,False,projects/1/media/chunk_0_dipika.jpeg
2575,done,84.92,85.94,N,2547,2578,2548-2578,"['D', 'AH1', 'N']",angry,character1,big_center,cross_hands,True,green,M,L,0,1.0,False,projects/1/media/chunk_0_dipika.jpeg
2576,done,84.92,85.94,N,2547,2578,2548-2578,"['D', 'AH1', 'N']",angry,character1,big_center,cross_hands,True,green,M,M,0,1.0,False,projects/1/media/chunk_0_dipika.jpeg
2577,done,84.92,85.94,N,2547,2578,2548-2578,"['D', 'AH1', 'N']",angry,character1,big_center,cross_hands,True,green,M,M,0,1.0,False,projects/1/media/chunk_0_dipika.jpeg
2578,done,84.92,85.94,N,2547,2578,2548-2578,"['D', 'AH1', 'N']",angry,character1,big_center,cross_hands,True,green,M,M,0,1.0,False,projects/1/media/chunk_0_dipika.jpeg
2579,done,84.92,85.94,B,2547,2578,,"['D', 'AH1', 'N']",angry,character1,big_center,cross_hands,True,green,M,M,0,1.0,False,projects/1/media/chunk_0_dipika.jpeg
2580,done,84.92,85.94,B,2547,2578,,"['D', 'AH1', 'N']",angry,character1,big_center,cross_hands,True,green,M,M,0,1.0,False,projects/1/media/chunk_0_dipika.jpeg
2581,done,84.92,85.94,B,2547,2578,,"['D', 'AH1', 'N']",angry,character1,big_center,cross_hands,True,green,M,M,0,1.0,False,projects/1/media/chunk_0_dipika.jpeg
2582,done,84.92,85.94,B,2547,2578,,"['D', 'AH1', 'N']",angry,character1,big_center,cross_hands,True,green,M,M,0,1.0,False,projects/1/media/chunk_0_dipika.jpeg
2583,done,84.92,85.94,B,2547,2578,,"['D', 'AH1', 'N']",angry,character1,big_center,cross_hands,True,green,M,M,0,1.0,False,projects/1/media/chunk_0_dipika.jpeg
2584,done,84.92,85.94,B,2547,2578,,"['D', 'AH1', 'N']",angry,character1,big_center,cross_hands,True,green,M,M,0,1.0,False,projects/1/media/chunk_0_dipika.jpeg
2585,done,84.92,85.94,B,2547,2578,,"['D', 'AH1', 'N']",angry,character1,big_center,cross_hands,True,green,M,M,0,1.0,False,projects/1/media/chunk_0_dipika.jpeg
2586,done,84.92,85.94,B,2547,2578,,"['D', 'AH1', 'N']",angry,character1,big_center,cross_hands,True,green,M,M,0,1.0,False,projects/1/media/chunk_0_dipika.jpeg
2587,done,84.92,85.94,B,2547,2578,,"['D', 'AH1', 'N']",angry,character1,big_center,cross_hands,True,green,M,M,0,1.0,False,projects/1/media/chunk_0_dipika.jpeg
2588,done,84.92,85.94,B,2547,2578,,"['D', 'AH1', 'N']",angry,character1,big_center,cross_hands,True,green,M,M,0,1.0,False,projects/1/media/chunk_0_dipika.jpeg
2589,done,84.92,85.94,B,2547,2578,,"['D', 'AH1', 'N']",angry,character1,big_center,cross_hands,True,green,M,M,0,1.0,False,projects/1/media/chunk_0_dipika.jpeg
2590,done,84.92,85.94,B,2547,2578,,"['D', 'AH1', 'N']",angry,character1,big_center,cross_hands,True,green,M,M,0,1.0,False,projects/1/media/chunk_0_dipika.jpeg
2591,done,84.92,85.94,B,2547,2578,,"['D', 'AH1', 'N']",angry,character1,big_center,cross_hands,True,green,M,M,0,1.0,False,projects/1/media/chunk_0_dipika.jpeg
2592,done,84.92,85.94,B,2547,2578,,"['D', 'AH1', 'N']",angry,character1,big_center,cross_hands,True,green,M,M,0,1.0,False,projects/1/media/chunk_0_dipika.jpeg
2593,done,84.92,85.94,B,2547,2578,,"['D', 'AH1', 'N']",angry,character1,big_center,cross_hands,True,green,M,M,0,1.0,False,projects/1/media/chunk_0_dipika.jpeg
2594,done,84.92,85.94,B,2547,2578,,"['D', 'AH1', 'N']",angry,character1,big_center,cross_hands,True,green,M,M,0,1.0,False,projects/1/media/chunk_0_dipika.jpeg
2595,done,84.92,85.94,B,2547,2578,,"['D', 'AH1', 'N']",angry,character1,big_center,cross_hands,True,green,M,M,0,1.0,False,projects/1/media/chunk_0_dipika.jpeg
2596,done,84.92,85.94,B,2547,2578,,"['D', 'AH1', 'N']",angry,character1,big_center,cross_hands,True,green,M,M,0,1.0,False,projects/1/media/chunk_0_dipika.jpeg
2597,done,84.92,85.94,B,2547,2578,,"['D', 'AH1', 'N']",angry,character1,big_center,cross_hands,True,green,M,M,0,1.0,False,projects/1/media/chunk_0_dipika.jpeg
2598,done,84.92,85.94,B,2547,2578,,"['D', 'AH1', 'N']",angry,character1,big_center,cross_hands,True,green,M,M,0,1.0,False,projects/1/media/chunk_0_dipika.jpeg
2599,done,84.92,85.94,B,2547,2578,,"['D', 'AH1', 'N']",angry,character1,big_center,cross_hands,True,green,M,M,0,1.0,False,projects/1/media/chunk_0_dipika.jpeg
2600,done,84.92,85.94,B,2547,2578,,"['D', 'AH1', 'N']",angry,character1,big_center,cross_hands,True,green,M,M,0,1.0,False,projects/1/media/chunk_0_dipika.jpeg
2601,done,84.92,85.94,B,2547,2578,,"['D', 'AH1', 'N']",angry,character1,big_center,cross_hands,True,green,M,M,0,1.0,False,projects/1/media/chunk_0_dipika.jpeg
2602,done,84.92,85.94,B,2547,2578,,"['D', 'AH1', 'N']",angry,character1,big_center,cross_hands,True,green,M,M,0,1.0,False,projects/1/media/chunk_0_dipika.jpeg
2603,done,84.92,85.94,B,2547,2578,,"['D', 'AH1', 'N']",angry,character1,big_center,cross_hands,True,green,M,M,0,1.0,False,projects/1/media/chunk_0_dipika.jpeg
2604,done,84.92,85.94,B,2547,2578,,"['D', 'AH1', 'N']",angry,character1,big_center,cross_hands,True,green,M,M,0,1.0,False,projects/1/media/chunk_0_dipika.jpeg
2605,done,84.92,85.94,B,2547,2578,,"['D', 'AH1', 'N']",angry,character1,big_center,cross_hands,True,green,M,M,0,1.0,False,projects/1/media/chunk_0_dipika.jpeg
2606,done,84.92,85.94,B,2547,2578,,"['D', 'AH1', 'N']",angry,character1,big_center,cross_hands,True,green,M,M,0,1.0,False,projects/1/media/chunk_0_dipika.jpeg
2607,done,84.92,85.94,B,2547,2578,,"['D', 'AH1', 'N']",angry,character1,big_center,cross_hands,True,green,M,M,0,1.0,False,projects/1/media/chunk_0_dipika.jpeg
2608,done,84.92,85.94,B,2547,2578,,"['D', 'AH1', 'N']",angry,character1,big_center,cross_hands,True,green,M,M,0,1.0,False,projects/1/media/chunk_0_dipika.jpeg
2609,done,84.92,85.94,B,2547,2578,,"['D', 'AH1', 'N']",angry,character1,big_center,cross_hands,True,green,M,M,0,1.0,False,projects/1/media/chunk_0_dipika.jpeg
2610,done,84.92,85.94,B,2547,2578,,"['D', 'AH1', 'N']",angry,character1,big_center,cross_hands,True,green,M,M,0,1.0,False,projects/1/media/chunk_0_dipika.jpeg
2611,done,84.92,85.94,B,2547,2578,,"['D', 'AH1', 'N']",angry,character1,big_center,cross_hands,True,green,M,M,0,1.0,False,projects/1/media/chunk_0_dipika.jpeg
2612,done,84.92,85.94,B,2547,2578,,"['D', 'AH1', 'N']",angry,character1,big_center,cross_hands,True,green,M,M,0,1.0,False,projects/1/media/chunk_0_dipika.jpeg
2613,done,84.92,85.94,B,2547,2578,,"['D', 'AH1', 'N']",angry,character1,big_center,cross_hands,True,green,M,M,0,1.0,False,projects/1/media/chunk_0_dipika.jpeg
2614,done,84.92,85.94,B,2547,2578,,"['D', 'AH1', 'N']",angry,character1,big_center,cross_hands,True,green,M,M,0,1.0,False,projects/1/media/chunk_0_dipika.jpeg
2615,done,84.92,85.94,B,2547,2578,,"['D', 'AH1', 'N']",angry,character1,big_center,cross_hands,True,green,M,M,0,1.0,False,projects/1/media/chunk_0_dipika.jpeg
2616,done,84.92,85.94,B,2547,2578,,"['D', 'AH1', 'N']",angry,character1,big_center,cross_hands,True,green,M,M,0,1.0,False,projects/1/media/chunk_0_dipika.jpeg
2617,done,84.92,85.94,B,2547,2578,,"['D', 'AH1', 'N']",angry,character1,big_center,cross_hands,True,green,M,M,0,1.0,False,projects/1/media/chunk_0_dipika.jpeg
2618,done,84.92,85.94,B,2547,2578,,"['D', 'AH1', 'N']",angry,character1,big_center,cross_hands,True,green,M,M,0,1.0,False,projects/1/media/chunk_0_dipika.jpeg
2619,done,84.92,85.94,B,2547,2578,,"['D', 'AH1', 'N']",angry,character1,big_center,cross_hands,True,green,M,M,0,1.0,False,projects/1/media/chunk_0_dipika.jpeg
2620,done,84.92,85.94,B,2547,2578,,"['D', 'AH1', 'N']",angry,character1,big_center,cross_hands,True,green,M,M,0,1.0,False,projects/1/media/chunk_0_dipika.jpeg
2621,done,84.92,85.94,B,2547,2578,,"['D', 'AH1', 'N']",angry,character1,big_center,cross_hands,True,green,M,M,0,1.0,False,projects/1/media/chunk_0_dipika.jpeg
2622,done,84.92,85.94,B,2547,2578,,"['D', 'AH1', 'N']",angry,character1,big_center,cross_hands,True,green,M,M,0,1.0,False,projects/1/media/chunk_0_dipika.jpeg
2623,done,84.92,85.94,B,2547,2578,,"['D', 'AH1', 'N']",angry,character1,big_center,cross_hands,True,green,M,M,0,1.0,False,projects/1/media/chunk_0_dipika.jpeg
2624,done,84.92,85.94,B,2547,2578,,"['D', 'AH1', 'N']",angry,character1,big_center,cross_hands,True,green,M,M,0,1.0,False,projects/1/media/chunk_0_dipika.jpeg
2625,done,84.92,85.94,B,2547,2578,,"['D', 'AH1', 'N']",angry,character1,big_center,cross_hands,True,green,M,M,0,1.0,False,projects/1/media/chunk_0_dipika.jpeg
2626,done,84.92,85.94,B,2547,2578,,"['D', 'AH1', 'N']",angry,character1,big_center,cross_hands,True,green,M,M,0,1.0,False,projects/1/media/chunk_0_dipika.jpeg
2627,done,84.92,85.94,B,2547,2578,,"['D', 'AH1', 'N']",angry,character1,big_center,cross_hands,True,green,M,M,5,1.0,False,projects/1/media/chunk_0_dipika.jpeg
2628,postures,87.6,88.08,P,2628,2642,2628-2642,"['P', 'AA1', 'S', 'CH', 'ER0', 'Z']",angry,character1,big_center,cross_hands,True,green,M,M,5,1.0,False,projects/1/media/chunk_0_dipika.jpeg
2629,postures,87.6,88.08,AA1,2628,2642,2628-2642,"['P', 'AA1', 'S', 'CH', 'ER0', 'Z']",angry,character1,big_center,cross_hands,True,green,M,M,5,1.0,False,projects/1/media/chunk_0_dipika.jpeg
2630,postures,87.6,88.08,AA1,2628,2642,2628-2642,"['P', 'AA1', 'S', 'CH', 'ER0', 'Z']",angry,character1,big_center,cross_hands,True,green,M,M,5,1.0,False,projects/1/media/chunk_0_dipika.jpeg
2631,postures,87.6,88.08,AA1,2628,2642,2628-2642,"['P', 'AA1', 'S', 'CH', 'ER0', 'Z']",angry,character1,big_center,cross_hands,True,green,M,M,5,1.0,False,projects/1/media/chunk_0_dipika.jpeg
2632,postures,87.6,88.08,AA1,2628,2642,2628-2642,"['P', 'AA1', 'S', 'CH', 'ER0', 'Z']",angry,character1,big_center,cross_hands,True,green,M,M,5,1.0,False,projects/1/media/chunk_0_dipika.jpeg
2633,postures,87.6,88.08,AA1,2628,2642,2628-2642,"['P', 'AA1', 'S', 'CH', 'ER0', 'Z']",angry,character1,big_center,cross_hands,True,green,M,M,5,1.0,False,projects/1/media/chunk_0_dipika.jpeg
2634,postures,87.6,88.08,S,2628,2642,2628-2642,"['P', 'AA1', 'S', 'CH', 'ER0', 'Z']",angry,character1,big_center,cross_hands,True,green,M,M,5,1.0,False,projects/1/media/chunk_0_dipika.jpeg
2635,postures,87.6,88.08,S,2628,2642,2628-2642,"['P', 'AA1', 'S', 'CH', 'ER0', 'Z']",angry,character1,big_center,cross_hands,True,green,M,M,5,1.0,False,projects/1/media/chunk_0_dipika.jpeg
2636,postures,87.6,88.08,CH,2628,2642,2628-2642,"['P', 'AA1', 'S', 'CH', 'ER0', 'Z']",angry,character1,big_center,cross_hands,True,green,M,M,5,1.0,False,projects/1/media/chunk_0_dipika.jpeg
2637,postures,87.6,88.08,CH,2628,2642,2628-2642,"['P', 'AA1', 'S', 'CH', 'ER0', 'Z']",angry,character1,big_center,cross_hands,True,green,M,M,5,1.0,False,projects/1/media/chunk_0_dipika.jpeg
2638,postures,87.6,88.08,ER0,2628,2642,2628-2642,"['P', 'AA1', 'S', 'CH', 'ER0', 'Z']",angry,character1,big_center,cross_hands,True,green,M,M,5,1.0,False,projects/1/media/chunk_0_dipika.jpeg
2639,postures,87.6,88.08,ER0,2628,2642,2628-2642,"['P', 'AA1', 'S', 'CH', 'ER0', 'Z']",angry,character1,big_center,cross_hands,True,green,M,M,5,1.0,False,projects/1/media/chunk_0_dipika.jpeg
2640,postures,87.6,88.08,ER0,2628,2642,2628-2642,"['P', 'AA1', 'S', 'CH', 'ER0', 'Z']",angry,character1,big_center,cross_hands,True,green,M,M,5,1.0,False,projects/1/media/chunk_0_dipika.jpeg
2641,postures,87.6,88.08,Z,2628,2642,2628-2642,"['P', 'AA1', 'S', 'CH', 'ER0', 'Z']",angry,character1,big_center,cross_hands,True,green,M,M,5,1.0,False,projects/1/media/chunk_0_dipika.jpeg
2641,done,88.08,88.94,D,2641,2668,2642-2668,"['D', 'AH1', 'N']",angry,character1,big_center,cross_hands,True,green,M,M,5,1.0,False,projects/1/media/chunk_0_dipika.jpeg
2642,postures,87.6,88.08,Z,2628,2642,2628-2642,"['P', 'AA1', 'S', 'CH', 'ER0', 'Z']",angry,character1,big_center,cross_hands,True,green,M,M,5,1.0,False,projects/1/media/chunk_0_dipika.jpeg
2642,done,88.08,88.94,D,2641,2668,2642-2668,"['D', 'AH1', 'N']",angry,character1,big_center,cross_hands,True,green,M,M,5,1.0,False,projects/1/media/chunk_0_dipika.jpeg
2643,done,88.08,88.94,D,2641,2668,2642-2668,"['D', 'AH1', 'N']",angry,character1,big_center,cross_hands,True,green,M,M,5,1.0,False,projects/1/media/chunk_0_dipika.jpeg
2644,done,88.08,88.94,D,2641,2668,2642-2668,"['D', 'AH1', 'N']",angry,character1,big_center,cross_hands,True,green,M,M,5,1.0,False,projects/1/media/chunk_0_dipika.jpeg
2645,done,88.08,88.94,D,2641,2668,2642-2668,"['D', 'AH1', 'N']",angry,character1,big_center,cross_hands,True,green,M,M,5,1.0,False,projects/1/media/chunk_0_dipika.jpeg
2646,done,88.08,88.94,AH1,2641,2668,2642-2668,"['D', 'AH1', 'N']",angry,character1,big_center,cross_hands,True,green,M,M,5,1.0,False,projects/1/media/chunk_0_dipika.jpeg
2647,done,88.08,88.94,AH1,2641,2668,2642-2668,"['D', 'AH1', 'N']",angry,character1,big_center,cross_hands,True,green,M,M,5,1.0,False,projects/1/media/chunk_0_dipika.jpeg
2648,done,88.08,88.94,AH1,2641,2668,2642-2668,"['D', 'AH1', 'N']",angry,character1,big_center,cross_hands,True,green,M,R,5,1.0,False,projects/1/media/chunk_0_dipika.jpeg
2649,done,88.08,88.94,AH1,2641,2668,2642-2668,"['D', 'AH1', 'N']",angry,character1,big_center,cross_hands,True,green,M,R,5,1.0,False,projects/1/media/chunk_0_dipika.jpeg
2650,done,88.08,88.94,AH1,2641,2668,2642-2668,"['D', 'AH1', 'N']",angry,character1,big_center,cross_hands,True,green,M,R,5,1.0,False,projects/1/media/chunk_0_dipika.jpeg
2651,done,88.08,88.94,AH1,2641,2668,2642-2668,"['D', 'AH1', 'N']",angry,character1,big_center,cross_hands,True,green,M,R,5,1.0,False,projects/1/media/chunk_0_dipika.jpeg
2652,done,88.08,88.94,AH1,2641,2668,2642-2668,"['D', 'AH1', 'N']",angry,character1,big_center,cross_hands,True,green,M,R,5,1.0,False,projects/1/media/chunk_0_dipika.jpeg
2653,done,88.08,88.94,AH1,2641,2668,2642-2668,"['D', 'AH1', 'N']",angry,character1,big_center,cross_hands,True,green,M,R,5,1.0,False,projects/1/media/chunk_0_dipika.jpeg
2654,done,88.08,88.94,AH1,2641,2668,2642-2668,"['D', 'AH1', 'N']",angry,character1,big_center,cross_hands,True,green,M,R,5,1.0,False,projects/1/media/chunk_0_dipika.jpeg
2655,done,88.08,88.94,AH1,2641,2668,2642-2668,"['D', 'AH1', 'N']",angry,character1,big_center,cross_hands,True,green,M,R,5,1.0,False,projects/1/media/chunk_0_dipika.jpeg
2656,done,88.08,88.94,AH1,2641,2668,2642-2668,"['D', 'AH1', 'N']",angry,character1,big_center,cross_hands,True,green,M,R,5,1.0,False,projects/1/media/chunk_0_dipika.jpeg
2657,done,88.08,88.94,AH1,2641,2668,2642-2668,"['D', 'AH1', 'N']",angry,character1,big_center,cross_hands,True,green,M,R,5,1.0,False,projects/1/media/chunk_0_dipika.jpeg
2658,done,88.08,88.94,AH1,2641,2668,2642-2668,"['D', 'AH1', 'N']",angry,character1,big_center,cross_hands,True,green,M,R,5,1.0,False,projects/1/media/chunk_0_dipika.jpeg
2659,done,88.08,88.94,AH1,2641,2668,2642-2668,"['D', 'AH1', 'N']",angry,character1,big_center,cross_hands,True,green,M,R,5,1.0,False,projects/1/media/chunk_0_dipika.jpeg
2660,done,88.08,88.94,N,2641,2668,2642-2668,"['D', 'AH1', 'N']",angry,character1,big_center,cross_hands,True,green,M,R,5,1.0,False,projects/1/media/chunk_0_dipika.jpeg
2661,done,88.08,88.94,N,2641,2668,2642-2668,"['D', 'AH1', 'N']",angry,character1,big_center,cross_hands,True,green,M,R,5,1.0,True,projects/1/media/chunk_0_dipika.jpeg
2662,done,88.08,88.94,N,2641,2668,2642-2668,"['D', 'AH1', 'N']",angry,character1,big_center,cross_hands,True,green,M,R,5,1.0,True,projects/1/media/chunk_0_dipika.jpeg
2663,done,88.08,88.94,N,2641,2668,2642-2668,"['D', 'AH1', 'N']",angry,character1,big_center,cross_hands,True,green,M,M,5,1.0,True,projects/1/media/chunk_0_dipika.jpeg
2664,done,88.08,88.94,N,2641,2668,2642-2668,"['D', 'AH1', 'N']",angry,character1,big_center,cross_hands,True,green,M,M,5,1.0,True,projects/1/media/chunk_0_dipika.jpeg
2665,done,88.08,88.94,N,2641,2668,2642-2668,"['D', 'AH1', 'N']",angry,character1,big_center,cross_hands,True,green,M,M,5,1.0,True,projects/1/media/chunk_0_dipika.jpeg
2666,done,88.08,88.94,N,2641,2668,2642-2668,"['D', 'AH1', 'N']",angry,character1,big_center,cross_hands,True,green,M,M,5,1.0,False,projects/1/media/chunk_0_dipika.jpeg
2667,done,88.08,88.94,N,2641,2668,2642-2668,"['D', 'AH1', 'N']",angry,character1,big_center,cross_hands,True,green,M,M,5,1.0,False,projects/1/media/chunk_0_dipika.jpeg
2668,done,88.08,88.94,N,2641,2668,2642-2668,"['D', 'AH1', 'N']",angry,character1,big_center,cross_hands,True,green,M,M,5,1.0,False,projects/1/media/chunk_0_dipika.jpeg
2669,done,88.08,88.94,B,2641,2668,,"['D', 'AH1', 'N']",angry,character1,big_center,cross_hands,True,green,M,M,5,1.0,False,projects/1/media/chunk_0_dipika.jpeg
2670,done,88.08,88.94,B,2641,2668,,"['D', 'AH1', 'N']",angry,character1,big_center,cross_hands,True,green,M,M,5,1.0,False,projects/1/media/chunk_0_dipika.jpeg
2671,done,88.08,88.94,B,2641,2668,,"['D', 'AH1', 'N']",angry,character1,big_center,cross_hands,True,green,M,M,5,1.0,False,projects/1/media/chunk_0_dipika.jpeg
2672,done,88.08,88.94,B,2641,2668,,"['D', 'AH1', 'N']",angry,character1,big_center,cross_hands,True,green,M,M,0,1.0,False,projects/1/media/chunk_0_dipika.jpeg
2673,done,88.08,88.94,B,2641,2668,,"['D', 'AH1', 'N']",angry,character1,big_center,cross_hands,True,green,M,M,0,1.0,False,projects/1/media/chunk_0_dipika.jpeg
2674,done,88.08,88.94,B,2641,2668,,"['D', 'AH1', 'N']",angry,character1,big_center,cross_hands,True,green,M,M,0,1.0,False,projects/1/media/chunk_0_dipika.jpeg
2675,done,88.08,88.94,B,2641,2668,,"['D', 'AH1', 'N']",angry,character1,big_center,cross_hands,True,green,M,M,0,1.0,False,projects/1/media/chunk_0_dipika.jpeg
2676,done,88.08,88.94,B,2641,2668,,"['D', 'AH1', 'N']",angry,character1,big_center,cross_hands,True,green,M,M,0,1.0,False,projects/1/media/chunk_0_dipika.jpeg
2677,done,88.08,88.94,B,2641,2668,,"['D', 'AH1', 'N']",angry,character1,big_center,cross_hands,True,green,M,M,0,1.0,False,projects/1/media/chunk_0_dipika.jpeg
2678,done,88.08,88.94,B,2641,2668,,"['D', 'AH1', 'N']",angry,character1,big_center,cross_hands,True,green,M,M,0,1.0,False,projects/1/media/chunk_0_dipika.jpeg
2679,done,88.08,88.94,B,2641,2668,,"['D', 'AH1', 'N']",angry,character1,big_center,cross_hands,True,green,M,M,0,1.0,False,projects/1/media/chunk_0_dipika.jpeg
2680,done,88.08,88.94,B,2641,2668,,"['D', 'AH1', 'N']",angry,character1,big_center,cross_hands,True,green,M,M,0,1.0,False,projects/1/media/chunk_0_dipika.jpeg
2681,done,88.08,88.94,B,2641,2668,,"['D', 'AH1', 'N']",angry,character1,big_center,cross_hands,True,green,M,M,0,1.0,False,projects/1/media/chunk_0_dipika.jpeg
2682,done,88.08,88.94,B,2641,2668,,"['D', 'AH1', 'N']",angry,character1,big_center,cross_hands,True,green,M,M,0,1.0,False,projects/1/media/chunk_0_dipika.jpeg
2683,done,88.08,88.94,B,2641,2668,,"['D', 'AH1', 'N']",angry,character1,big_center,cross_hands,True,green,M,M,0,1.0,False,projects/1/media/chunk_0_dipika.jpeg
2684,done,88.08,88.94,B,2641,2668,,"['D', 'AH1', 'N']",angry,character1,big_center,cross_hands,True,green,M,M,0,1.0,False,projects/1/media/chunk_0_dipika.jpeg
2685,done,88.08,88.94,B,2641,2668,,"['D', 'AH1', 'N']",angry,character1,big_center,cross_hands,True,green,M,M,0,1.0,False,projects/1/media/chunk_0_dipika.jpeg
2686,done,88.08,88.94,B,2641,2668,,"['D', 'AH1', 'N']",angry,character1,big_center,cross_hands,True,green,M,M,0,1.0,False,projects/1/media/chunk_0_dipika.jpeg
2687,done,88.08,88.94,B,2641,2668,,"['D', 'AH1', 'N']",angry,character1,big_center,cross_hands,True,green,M,M,0,1.0,False,projects/1/media/chunk_0_dipika.jpeg
2688,done,88.08,88.94,B,2641,2668,,"['D', 'AH1', 'N']",angry,character1,big_center,cross_hands,True,green,M,M,0,1.0,False,projects/1/media/chunk_0_dipika.jpeg
2689,done,88.08,88.94,B,2641,2668,,"['D', 'AH1', 'N']",angry,character1,big_center,cross_hands,True,green,M,M,0,1.0,False,projects/1/media/chunk_0_dipika.jpeg
2690,done,88.08,88.94,B,2641,2668,,"['D', 'AH1', 'N']",angry,character1,big_center,cross_hands,True,green,M,M,0,1.0,False,projects/1/media/chunk_0_dipika.jpeg
2691,done,88.08,88.94,B,2641,2668,,"['D', 'AH1', 'N']",angry,character1,big_center,cross_hands,True,green,M,M,0,1.0,False,projects/1/media/chunk_0_dipika.jpeg
2692,done,88.08,88.94,B,2641,2668,,"['D', 'AH1', 'N']",angry,character1,big_center,cross_hands,True,green,M,M,0,1.0,False,projects/1/media/chunk_0_dipika.jpeg
2693,done,88.08,88.94,B,2641,2668,,"['D', 'AH1', 'N']",angry,character1,big_center,cross_hands,True,green,M,M,0,1.0,False,projects/1/media/chunk_0_dipika.jpeg
2694,done,88.08,88.94,B,2641,2668,,"['D', 'AH1', 'N']",angry,character1,big_center,cross_hands,True,green,M,M,0,1.0,False,projects/1/media/chunk_0_dipika.jpeg
2695,done,88.08,88.94,B,2641,2668,,"['D', 'AH1', 'N']",angry,character1,big_center,cross_hands,True,green,M,M,0,1.0,False,projects/1/media/chunk_0_dipika.jpeg
2696,done,88.08,88.94,B,2641,2668,,"['D', 'AH1', 'N']",angry,character1,big_center,cross_hands,True,green,M,M,0,1.0,False,projects/1/media/chunk_0_dipika.jpeg
2697,done,88.08,88.94,B,2641,2668,,"['D', 'AH1', 'N']",angry,character1,big_center,cross_hands,True,green,M,M,0,1.0,False,projects/1/media/chunk_0_dipika.jpeg
2698,done,88.08,88.94,B,2641,2668,,"['D', 'AH1', 'N']",angry,character1,big_center,cross_hands,True,green,M,M,0,1.0,False,projects/1/media/chunk_0_dipika.jpeg
2699,done,88.08,88.94,B,2641,2668,,"['D', 'AH1', 'N']",angry,character1,big_center,cross_hands,True,green,M,M,0,1.0,False,projects/1/media/chunk_0_dipika.jpeg
2700,done,88.08,88.94,B,2641,2668,,"['D', 'AH1', 'N']",angry,character1,big_center,cross_hands,True,green,M,M,0,1.0,False,projects/1/media/chunk_0_dipika.jpeg
2701,done,88.08,88.94,B,2641,2668,,"['D', 'AH1', 'N']",angry,character1,big_center,cross_hands,True,green,M,M,0,1.0,False,projects/1/media/chunk_0_dipika.jpeg
2702,done,88.08,88.94,B,2641,2668,,"['D', 'AH1', 'N']",angry,character1,big_center,cross_hands,True,green,M,M,0,1.0,False,projects/1/media/chunk_0_dipika.jpeg
2703,done,88.08,88.94,B,2641,2668,,"['D', 'AH1', 'N']",angry,character1,big_center,cross_hands,True,green,M,M,0,1.0,False,projects/1/media/chunk_0_dipika.jpeg
2704,done,88.08,88.94,B,2641,2668,,"['D', 'AH1', 'N']",angry,character1,big_center,cross_hands,True,green,M,M,0,1.0,False,projects/1/media/chunk_0_dipika.jpeg
2705,done,88.08,88.94,B,2641,2668,,"['D', 'AH1', 'N']",angry,character1,big_center,cross_hands,True,green,M,M,0,1.0,False,projects/1/media/chunk_0_dipika.jpeg
2706,done,88.08,88.94,B,2641,2668,,"['D', 'AH1', 'N']",angry,character1,big_center,cross_hands,True,green,M,M,0,1.0,False,projects/1/media/chunk_0_dipika.jpeg
2707,done,88.08,88.94,B,2641,2668,,"['D', 'AH1', 'N']",angry,character1,big_center,cross_hands,True,green,R,R,0,1.0,False,projects/1/media/chunk_0_dipika.jpeg
2708,done,88.08,88.94,B,2641,2668,,"['D', 'AH1', 'N']",angry,character1,big_center,cross_hands,True,green,R,R,0,1.0,False,projects/1/media/chunk_0_dipika.jpeg
2709,done,88.08,88.94,B,2641,2668,,"['D', 'AH1', 'N']",angry,character1,big_center,cross_hands,True,green,R,R,0,1.0,False,projects/1/media/chunk_0_dipika.jpeg
2710,done,88.08,88.94,B,2641,2668,,"['D', 'AH1', 'N']",angry,character1,big_center,cross_hands,True,green,R,R,0,1.0,False,projects/1/media/chunk_0_dipika.jpeg
2711,done,88.08,88.94,B,2641,2668,,"['D', 'AH1', 'N']",angry,character1,big_center,cross_hands,True,green,R,R,0,1.0,False,projects/1/media/chunk_0_dipika.jpeg
2712,done,88.08,88.94,B,2641,2668,,"['D', 'AH1', 'N']",angry,character1,big_center,cross_hands,True,green,R,R,0,1.0,False,projects/1/media/chunk_0_dipika.jpeg
2713,done,88.08,88.94,B,2641,2668,,"['D', 'AH1', 'N']",angry,character1,big_center,cross_hands,True,green,R,R,0,1.0,False,projects/1/media/chunk_0_dipika.jpeg
2714,done,88.08,88.94,B,2641,2668,,"['D', 'AH1', 'N']",angry,character1,big_center,cross_hands,True,green,R,R,0,1.0,False,projects/1/media/chunk_0_dipika.jpeg
2715,random,90.5,90.82,R,2715,2725,2715-2725,"['R', 'AE1', 'N', 'D', 'AH0', 'M']",angry,character1,big_center,cross_hands,True,green,R,R,0,1.0,False,projects/1/media/chunk_0_dipika.jpeg
2716,random,90.5,90.82,R,2715,2725,2715-2725,"['R', 'AE1', 'N', 'D', 'AH0', 'M']",angry,character1,big_center,cross_hands,True,green,R,R,0,1.0,False,projects/1/media/chunk_0_dipika.jpeg
2717,random,90.5,90.82,AE1,2715,2725,2715-2725,"['R', 'AE1', 'N', 'D', 'AH0', 'M']",angry,character1,big_center,cross_hands,True,green,R,R,0,1.0,False,projects/1/media/chunk_0_dipika.jpeg
2718,random,90.5,90.82,N,2715,2725,2715-2725,"['R', 'AE1', 'N', 'D', 'AH0', 'M']",angry,character1,big_center,cross_hands,True,green,R,R,0,1.0,False,projects/1/media/chunk_0_dipika.jpeg
2719,random,90.5,90.82,N,2715,2725,2715-2725,"['R', 'AE1', 'N', 'D', 'AH0', 'M']",angry,character1,big_center,cross_hands,True,green,R,R,0,1.0,False,projects/1/media/chunk_0_dipika.jpeg
2720,random,90.5,90.82,D,2715,2725,2715-2725,"['R', 'AE1', 'N', 'D', 'AH0', 'M']",angry,character1,big_center,cross_hands,True,green,R,R,0,1.0,False,projects/1/media/chunk_0_dipika.jpeg
2721,random,90.5,90.82,AH0,2715,2725,2715-2725,"['R', 'AE1', 'N', 'D', 'AH0', 'M']",angry,character1,big_center,cross_hands,True,green,R,R,0,1.0,False,projects/1/media/chunk_0_dipika.jpeg
2722,random,90.5,90.82,AH0,2715,2725,2715-2725,"['R', 'AE1', 'N', 'D', 'AH0', 'M']",angry,character1,big_center,cross_hands,True,green,R,R,0,1.0,False,projects/1/media/chunk_0_dipika.jpeg
2723,random,90.5,90.82,AH0,2715,2725,2715-2725,"['R', 'AE1', 'N', 'D', 'AH0', 'M']",angry,character1,big_center,cross_hands,True,green,R,R,0,1.0,False,projects/1/media/chunk_0_dipika.jpeg
2724,random,90.5,90.82,M,2715,2725,2715-2725,"['R', 'AE1', 'N', 'D', 'AH0', 'M']",angry,character1,big_center,cross_hands,True,green,R,R,0,1.0,False,projects/1/media/chunk_0_dipika.jpeg
2724,potato,90.82,91.28,P,2724,2738,2725-2738,"['P', 'AH0', 'T', 'EY1', 'T', 'OW2']",angry,character1,big_center,cross_hands,True,green,R,R,0,1.0,False,projects/1/media/chunk_0_dipika.jpeg
2725,random,90.5,90.82,M,2715,2725,2715-2725,"['R', 'AE1', 'N', 'D', 'AH0', 'M']",angry,character1,big_center,cross_hands,True,green,R,R,0,1.0,False,projects/1/media/chunk_0_dipika.jpeg
2725,potato,90.82,91.28,AH0,2724,2738,2725-2738,"['P', 'AH0', 'T', 'EY1', 'T', 'OW2']",angry,character1,big_center,cross_hands,True,green,R,R,0,1.0,False,projects/1/media/chunk_0_dipika.jpeg
2726,potato,90.82,91.28,AH0,2724,2738,2725-2738,"['P', 'AH0', 'T', 'EY1', 'T', 'OW2']",angry,character1,big_center,cross_hands,True,green,R,R,0,1.0,False,projects/1/media/chunk_0_dipika.jpeg
2727,potato,90.82,91.28,AH0,2724,2738,2725-2738,"['P', 'AH0', 'T', 'EY1', 'T', 'OW2']",angry,character1,big_center,cross_hands,True,green,R,R,0,1.0,False,projects/1/media/chunk_0_dipika.jpeg
2728,potato,90.82,91.28,AH0,2724,2738,2725-2738,"['P', 'AH0', 'T', 'EY1', 'T', 'OW2']",angry,character1,big_center,cross_hands,True,green,R,R,0,1.0,False,projects/1/media/chunk_0_dipika.jpeg
2729,potato,90.82,91.28,T,2724,2738,2725-2738,"['P', 'AH0', 'T', 'EY1', 'T', 'OW2']",angry,character1,big_center,cross_hands,True,green,R,R,0,1.0,False,projects/1/media/chunk_0_dipika.jpeg
2730,potato,90.82,91.28,EY1,2724,2738,2725-2738,"['P', 'AH0', 'T', 'EY1', 'T', 'OW2']",angry,character1,big_center,cross_hands,True,green,R,R,0,1.0,False,projects/1/media/chunk_0_dipika.jpeg
2731,potato,90.82,91.28,EY1,2724,2738,2725-2738,"['P', 'AH0', 'T', 'EY1', 'T', 'OW2']",angry,character1,big_center,cross_hands,True,green,R,R,0,1.0,False,projects/1/media/chunk_0_dipika.jpeg
2732,potato,90.82,91.28,EY1,2724,2738,2725-2738,"['P', 'AH0', 'T', 'EY1', 'T', 'OW2']",angry,character1,big_center,cross_hands,True,green,R,R,0,1.0,False,projects/1/media/chunk_0_dipika.jpeg
2733,potato,90.82,91.28,EY1,2724,2738,2725-2738,"['P', 'AH0', 'T', 'EY1', 'T', 'OW2']",angry,character1,big_center,cross_hands,True,green,R,R,0,1.0,False,projects/1/media/chunk_0_dipika.jpeg
2734,potato,90.82,91.28,T,2724,2738,2725-2738,"['P', 'AH0', 'T', 'EY1', 'T', 'OW2']",angry,character1,big_center,cross_hands,True,green,R,R,0,1.0,False,projects/1/media/chunk_0_dipika.jpeg
2735,potato,90.82,91.28,OW2,2724,2738,2725-2738,"['P', 'AH0', 'T', 'EY1', 'T', 'OW2']",angry,character1,big_center,cross_hands,True,green,R,R,0,1.0,False,projects/1/media/chunk_0_dipika.jpeg
2736,potato,90.82,91.28,OW2,2724,2738,2725-2738,"['P', 'AH0', 'T', 'EY1', 'T', 'OW2']",angry,character1,big_center,cross_hands,True,green,R,R,0,1.0,False,projects/1/media/chunk_0_dipika.jpeg
2737,cameo,91.28,91.9,K,2737,2757,2738-2757,"['K', 'AE1', 'M', 'IY0', 'OW2']",angry,character1,big_center,cross_hands,True,green,R,R,0,1.0,False,projects/1/media/chunk_0_dipika.jpeg
2737,potato,90.82,91.28,OW2,2724,2738,2725-2738,"['P', 'AH0', 'T', 'EY1', 'T', 'OW2']",angry,character1,big_center,cross_hands,True,green,R,R,0,1.0,False,projects/1/media/chunk_0_dipika.jpeg
2738,cameo,91.28,91.9,K,2737,2757,2738-2757,"['K', 'AE1', 'M', 'IY0', 'OW2']",angry,character1,big_center,cross_hands,True,green,R,R,0,1.0,False,projects/1/media/chunk_0_dipika.jpeg
2738,potato,90.82,91.28,OW2,2724,2738,2725-2738,"['P', 'AH0', 'T', 'EY1', 'T', 'OW2']",angry,character1,big_center,cross_hands,True,green,R,R,0,1.0,False,projects/1/media/chunk_0_dipika.jpeg
2739,cameo,91.28,91.9,AE1,2737,2757,2738-2757,"['K', 'AE1', 'M', 'IY0', 'OW2']",angry,character1,big_center,cross_hands,True,green,R,R,0,1.0,False,projects/1/media/chunk_0_dipika.jpeg
2740,cameo,91.28,91.9,AE1,2737,2757,2738-2757,"['K', 'AE1', 'M', 'IY0', 'OW2']",angry,character1,big_center,cross_hands,True,green,R,R,0,1.0,False,projects/1/media/chunk_0_dipika.jpeg
2741,cameo,91.28,91.9,AE1,2737,2757,2738-2757,"['K', 'AE1', 'M', 'IY0', 'OW2']",angry,character1,big_center,cross_hands,True,green,R,R,0,1.0,False,projects/1/media/chunk_0_dipika.jpeg
2742,cameo,91.28,91.9,AE1,2737,2757,2738-2757,"['K', 'AE1', 'M', 'IY0', 'OW2']",angry,character1,big_center,cross_hands,True,green,R,R,0,1.0,False,projects/1/media/chunk_0_dipika.jpeg
2743,cameo,91.28,91.9,AE1,2737,2757,2738-2757,"['K', 'AE1', 'M', 'IY0', 'OW2']",angry,character1,big_center,cross_hands,True,green,R,R,0,1.0,False,projects/1/media/chunk_0_dipika.jpeg
2744,cameo,91.28,91.9,M,2737,2757,2738-2757,"['K', 'AE1', 'M', 'IY0', 'OW2']",angry,character1,big_center,cross_hands,True,green,R,R,0,1.0,False,projects/1/media/chunk_0_dipika.jpeg
2745,cameo,91.28,91.9,M,2737,2757,2738-2757,"['K', 'AE1', 'M', 'IY0', 'OW2']",angry,character1,big_center,cross_hands,True,green,R,R,0,1.0,False,projects/1/media/chunk_0_dipika.jpeg
2746,cameo,91.28,91.9,M,2737,2757,2738-2757,"['K', 'AE1', 'M', 'IY0', 'OW2']",angry,character1,big_center,cross_hands,True,green,R,R,0,1.0,False,projects/1/media/chunk_0_dipika.jpeg
2747,cameo,91.28,91.9,M,2737,2757,2738-2757,"['K', 'AE1', 'M', 'IY0', 'OW2']",angry,character1,big_center,cross_hands,True,green,R,R,0,1.0,False,projects/1/media/chunk_0_dipika.jpeg
2748,cameo,91.28,91.9,IY0,2737,2757,2738-2757,"['K', 'AE1', 'M', 'IY0', 'OW2']",angry,character1,big_center,cross_hands,True,green,R,R,0,1.0,False,projects/1/media/chunk_0_dipika.jpeg
2749,cameo,91.28,91.9,IY0,2737,2757,2738-2757,"['K', 'AE1', 'M', 'IY0', 'OW2']",angry,character1,big_center,cross_hands,True,green,R,R,0,1.0,False,projects/1/media/chunk_0_dipika.jpeg
2750,cameo,91.28,91.9,IY0,2737,2757,2738-2757,"['K', 'AE1', 'M', 'IY0', 'OW2']",angry,character1,big_center,cross_hands,True,green,R,R,0,1.0,False,projects/1/media/chunk_0_dipika.jpeg
2751,cameo,91.28,91.9,IY0,2737,2757,2738-2757,"['K', 'AE1', 'M', 'IY0', 'OW2']",angry,character1,big_center,cross_hands,True,green,R,R,0,1.0,False,projects/1/media/chunk_0_dipika.jpeg
2752,cameo,91.28,91.9,IY0,2737,2757,2738-2757,"['K', 'AE1', 'M', 'IY0', 'OW2']",angry,character1,big_center,cross_hands,True,green,R,R,0,1.0,False,projects/1/media/chunk_0_dipika.jpeg
2753,cameo,91.28,91.9,OW2,2737,2757,2738-2757,"['K', 'AE1', 'M', 'IY0', 'OW2']",angry,character1,big_center,cross_hands,True,green,R,R,0,1.0,False,projects/1/media/chunk_0_dipika.jpeg
2754,cameo,91.28,91.9,OW2,2737,2757,2738-2757,"['K', 'AE1', 'M', 'IY0', 'OW2']",angry,character1,big_center,cross_hands,True,green,R,R,0,1.0,False,projects/1/media/chunk_0_dipika.jpeg
2755,cameo,91.28,91.9,OW2,2737,2757,2738-2757,"['K', 'AE1', 'M', 'IY0', 'OW2']",angry,character1,big_center,cross_hands,True,green,R,R,0,1.0,False,projects/1/media/chunk_0_dipika.jpeg
2756,cameo,91.28,91.9,OW2,2737,2757,2738-2757,"['K', 'AE1', 'M', 'IY0', 'OW2']",angry,character1,big_center,cross_hands,True,green,R,R,0,1.0,False,projects/1/media/chunk_0_dipika.jpeg
2757,cameo,91.28,91.9,OW2,2737,2757,2738-2757,"['K', 'AE1', 'M', 'IY0', 'OW2']",angry,character1,big_center,cross_hands,True,green,R,R,0,1.0,False,projects/1/media/chunk_0_dipika.jpeg
2758,cameo,91.28,91.9,B,2737,2757,,"['K', 'AE1', 'M', 'IY0', 'OW2']",angry,character1,big_center,cross_hands,True,green,R,R,0,1.0,False,projects/1/media/chunk_0_dipika.jpeg
2759,cameo,91.28,91.9,B,2737,2757,,"['K', 'AE1', 'M', 'IY0', 'OW2']",angry,character1,big_center,cross_hands,True,green,R,R,0,1.0,False,projects/1/media/chunk_0_dipika.jpeg
2760,cameo,91.28,91.9,B,2737,2757,,"['K', 'AE1', 'M', 'IY0', 'OW2']",angry,character1,big_center,cross_hands,True,green,R,R,0,1.0,False,projects/1/media/chunk_0_dipika.jpeg
2761,cameo,91.28,91.9,B,2737,2757,,"['K', 'AE1', 'M', 'IY0', 'OW2']",angry,character1,big_center,cross_hands,True,green,R,R,0,1.0,False,projects/1/media/chunk_0_dipika.jpeg
2762,cameo,91.28,91.9,B,2737,2757,,"['K', 'AE1', 'M', 'IY0', 'OW2']",angry,character1,big_center,cross_hands,True,green,R,R,0,1.0,False,projects/1/media/chunk_0_dipika.jpeg
2763,cameo,91.28,91.9,B,2737,2757,,"['K', 'AE1', 'M', 'IY0', 'OW2']",angry,character1,big_center,cross_hands,True,green,R,R,0,1.0,False,projects/1/media/chunk_0_dipika.jpeg
2764,cameo,91.28,91.9,B,2737,2757,,"['K', 'AE1', 'M', 'IY0', 'OW2']",angry,character1,big_center,cross_hands,True,green,R,R,0,1.0,False,projects/1/media/chunk_0_dipika.jpeg
2765,cameo,91.28,91.9,B,2737,2757,,"['K', 'AE1', 'M', 'IY0', 'OW2']",angry,character1,big_center,cross_hands,True,green,R,R,0,1.0,False,projects/1/media/chunk_0_dipika.jpeg
2766,cameo,91.28,91.9,B,2737,2757,,"['K', 'AE1', 'M', 'IY0', 'OW2']",angry,character1,big_center,cross_hands,True,green,R,R,0,1.0,False,projects/1/media/chunk_0_dipika.jpeg
2767,cameo,91.28,91.9,B,2737,2757,,"['K', 'AE1', 'M', 'IY0', 'OW2']",angry,character1,big_center,cross_hands,True,green,M,M,0,1.0,False,projects/1/media/chunk_0_dipika.jpeg
2768,cameo,91.28,91.9,B,2737,2757,,"['K', 'AE1', 'M', 'IY0', 'OW2']",angry,character1,big_center,cross_hands,True,green,M,M,0,1.0,False,projects/1/media/chunk_0_dipika.jpeg
2769,cameo,91.28,91.9,B,2737,2757,,"['K', 'AE1', 'M', 'IY0', 'OW2']",angry,character1,big_center,cross_hands,True,green,M,M,0,1.0,False,projects/1/media/chunk_0_dipika.jpeg
2770,cameo,91.28,91.9,B,2737,2757,,"['K', 'AE1', 'M', 'IY0', 'OW2']",angry,character1,big_center,cross_hands,True,green,M,M,0,1.0,False,projects/1/media/chunk_0_dipika.jpeg
2771,cameo,91.28,91.9,B,2737,2757,,"['K', 'AE1', 'M', 'IY0', 'OW2']",angry,character1,big_center,cross_hands,True,green,M,M,0,1.0,False,projects/1/media/chunk_0_dipika.jpeg
2772,cameo,91.28,91.9,B,2737,2757,,"['K', 'AE1', 'M', 'IY0', 'OW2']",angry,character1,big_center,cross_hands,True,green,M,M,0,1.0,False,projects/1/media/chunk_0_dipika.jpeg
2773,cameo,91.28,91.9,B,2737,2757,,"['K', 'AE1', 'M', 'IY0', 'OW2']",angry,character1,big_center,cross_hands,True,green,M,M,0,1.0,False,projects/1/media/chunk_0_dipika.jpeg
2774,cameo,91.28,91.9,B,2737,2757,,"['K', 'AE1', 'M', 'IY0', 'OW2']",angry,character1,big_center,cross_hands,True,green,M,M,0,1.0,False,projects/1/media/chunk_0_dipika.jpeg
2775,cameo,91.28,91.9,B,2737,2757,,"['K', 'AE1', 'M', 'IY0', 'OW2']",angry,character1,big_center,cross_hands,True,green,M,M,0,1.0,False,projects/1/media/chunk_0_dipika.jpeg
2776,cameo,91.28,91.9,B,2737,2757,,"['K', 'AE1', 'M', 'IY0', 'OW2']",angry,character1,big_center,cross_hands,True,green,M,M,0,1.0,False,projects/1/media/chunk_0_dipika.jpeg
2777,cameo,91.28,91.9,B,2737,2757,,"['K', 'AE1', 'M', 'IY0', 'OW2']",angry,character1,big_center,cross_hands,True,green,M,M,0,1.0,False,projects/1/media/chunk_0_dipika.jpeg
2778,cameo,91.28,91.9,B,2737,2757,,"['K', 'AE1', 'M', 'IY0', 'OW2']",angry,character1,big_center,cross_hands,True,green,M,M,0,1.0,False,projects/1/media/chunk_0_dipika.jpeg
2779,cameo,91.28,91.9,B,2737,2757,,"['K', 'AE1', 'M', 'IY0', 'OW2']",angry,character1,big_center,cross_hands,True,green,M,M,0,1.0,False,projects/1/media/chunk_0_dipika.jpeg
2780,cameo,91.28,91.9,B,2737,2757,,"['K', 'AE1', 'M', 'IY0', 'OW2']",angry,character1,big_center,cross_hands,True,green,M,M,0,1.0,False,projects/1/media/chunk_0_dipika.jpeg
2781,cameo,91.28,91.9,B,2737,2757,,"['K', 'AE1', 'M', 'IY0', 'OW2']",angry,character1,big_center,cross_hands,True,green,M,M,0,1.0,False,projects/1/media/chunk_0_dipika.jpeg
2782,cameo,91.28,91.9,B,2737,2757,,"['K', 'AE1', 'M', 'IY0', 'OW2']",angry,character1,big_center,cross_hands,True,green,M,M,0,1.0,False,projects/1/media/chunk_0_dipika.jpeg
2783,cameo,91.28,91.9,B,2737,2757,,"['K', 'AE1', 'M', 'IY0', 'OW2']",angry,character1,big_center,cross_hands,True,green,M,M,0,1.0,False,projects/1/media/chunk_0_dipika.jpeg
2784,cameo,91.28,91.9,B,2737,2757,,"['K', 'AE1', 'M', 'IY0', 'OW2']",angry,character1,big_center,cross_hands,True,green,M,M,0,1.0,False,projects/1/media/chunk_0_dipika.jpeg
2785,cameo,91.28,91.9,B,2737,2757,,"['K', 'AE1', 'M', 'IY0', 'OW2']",angry,character1,big_center,cross_hands,True,green,M,M,0,1.0,False,projects/1/media/chunk_0_dipika.jpeg
2786,cameo,91.28,91.9,B,2737,2757,,"['K', 'AE1', 'M', 'IY0', 'OW2']",angry,character1,big_center,cross_hands,True,green,M,M,0,1.0,False,projects/1/media/chunk_0_dipika.jpeg
2787,cameo,91.28,91.9,B,2737,2757,,"['K', 'AE1', 'M', 'IY0', 'OW2']",angry,character1,big_center,cross_hands,True,green,M,M,0,1.0,False,projects/1/media/chunk_0_dipika.jpeg
2788,cameo,91.28,91.9,B,2737,2757,,"['K', 'AE1', 'M', 'IY0', 'OW2']",angry,character1,big_center,cross_hands,True,green,M,M,0,1.0,False,projects/1/media/chunk_0_dipika.jpeg
2789,extremely,92.96,93.4,IH0,2789,2802,2789-2802,"['IH0', 'K', 'S', 'T', 'R', 'IY1', 'M', 'L', 'IY0']",angry,character1,big_center,cross_hands,True,green,M,M,0,1.0,False,projects/1/media/chunk_0_dipika.jpeg
2790,extremely,92.96,93.4,IH0,2789,2802,2789-2802,"['IH0', 'K', 'S', 'T', 'R', 'IY1', 'M', 'L', 'IY0']",angry,character1,big_center,cross_hands,True,green,M,M,0,1.0,False,projects/1/media/chunk_0_dipika.jpeg
2791,extremely,92.96,93.4,IH0,2789,2802,2789-2802,"['IH0', 'K', 'S', 'T', 'R', 'IY1', 'M', 'L', 'IY0']",angry,character1,big_center,cross_hands,True,green,M,M,0,1.0,False,projects/1/media/chunk_0_dipika.jpeg
2792,extremely,92.96,93.4,IH0,2789,2802,2789-2802,"['IH0', 'K', 'S', 'T', 'R', 'IY1', 'M', 'L', 'IY0']",angry,character1,big_center,cross_hands,True,green,M,M,0,1.0,False,projects/1/media/chunk_0_dipika.jpeg
2793,extremely,92.96,93.4,K,2789,2802,2789-2802,"['IH0', 'K', 'S', 'T', 'R', 'IY1', 'M', 'L', 'IY0']",angry,character1,big_center,cross_hands,True,green,M,M,0,1.0,False,projects/1/media/chunk_0_dipika.jpeg
2794,extremely,92.96,93.4,S,2789,2802,2789-2802,"['IH0', 'K', 'S', 'T', 'R', 'IY1', 'M', 'L', 'IY0']",angry,character1,big_center,cross_hands,True,green,M,M,0,1.0,False,projects/1/media/chunk_0_dipika.jpeg
2795,extremely,92.96,93.4,T,2789,2802,2789-2802,"['IH0', 'K', 'S', 'T', 'R', 'IY1', 'M', 'L', 'IY0']",angry,character1,big_center,cross_hands,True,green,M,M,0,1.0,False,projects/1/media/chunk_0_dipika.jpeg
2796,extremely,92.96,93.4,R,2789,2802,2789-2802,"['IH0', 'K', 'S', 'T', 'R', 'IY1', 'M', 'L', 'IY0']",angry,character1,big_center,cross_hands,True,green,M,M,0,1.0,False,projects/1/media/chunk_0_dipika.jpeg
2797,extremely,92.96,93.4,IY1,2789,2802,2789-2802,"['IH0', 'K', 'S', 'T', 'R', 'IY1', 'M', 'L', 'IY0']",angry,character1,big_center,cross_hands,True,green,M,M,0,1.0,False,projects/1/media/chunk_0_dipika.jpeg
2798,extremely,92.96,93.4,IY1,2789,2802,2789-2802,"['IH0', 'K', 'S', 'T', 'R', 'IY1', 'M', 'L', 'IY0']",angry,character1,big_center,cross_hands,True,green,M,M,0,1.0,False,projects/1/media/chunk_0_dipika.jpeg
2799,extremely,92.96,93.4,M,2789,2802,2789-2802,"['IH0', 'K', 'S', 'T', 'R', 'IY1', 'M', 'L', 'IY0']",angry,character1,big_center,cross_hands,True,green,M,M,0,1.0,False,projects/1/media/chunk_0_dipika.jpeg
2800,extremely,92.96,93.4,L,2789,2802,2789-2802,"['IH0', 'K', 'S', 'T', 'R', 'IY1', 'M', 'L', 'IY0']",angry,character1,big_center,cross_hands,True,green,M,M,0,1.0,False,projects/1/media/chunk_0_dipika.jpeg
2801,extremely,92.96,93.4,IY0,2789,2802,2789-2802,"['IH0', 'K', 'S', 'T', 'R', 'IY1', 'M', 'L', 'IY0']",angry,character1,big_center,cross_hands,True,green,M,M,0,1.0,False,projects/1/media/chunk_0_dipika.jpeg
2801,done,93.4,93.8,D,2801,2814,2802-2814,"['D', 'AH1', 'N']",angry,character1,big_center,cross_hands,True,green,M,M,0,1.0,False,projects/1/media/chunk_0_dipika.jpeg
2802,extremely,92.96,93.4,IY0,2789,2802,2789-2802,"['IH0', 'K', 'S', 'T', 'R', 'IY1', 'M', 'L', 'IY0']",angry,character1,big_center,cross_hands,True,green,M,M,0,1.0,False,projects/1/media/chunk_0_dipika.jpeg
2802,done,93.4,93.8,D,2801,2814,2802-2814,"['D', 'AH1', 'N']",angry,character1,big_center,cross_hands,True,green,M,M,0,1.0,False,projects/1/media/chunk_0_dipika.jpeg
2803,done,93.4,93.8,AH1,2801,2814,2802-2814,"['D', 'AH1', 'N']",angry,character1,big_center,cross_hands,True,green,M,M,0,1.0,False,projects/1/media/chunk_0_dipika.jpeg
2804,done,93.4,93.8,AH1,2801,2814,2802-2814,"['D', 'AH1', 'N']",angry,character1,big_center,cross_hands,True,green,M,M,0,1.0,False,projects/1/media/chunk_0_dipika.jpeg
2805,done,93.4,93.8,AH1,2801,2814,2802-2814,"['D', 'AH1', 'N']",angry,character1,big_center,cross_hands,True,green,M,M,0,1.0,False,projects/1/media/chunk_0_dipika.jpeg
2806,done,93.4,93.8,AH1,2801,2814,2802-2814,"['D', 'AH1', 'N']",angry,character1,big_center,cross_hands,True,green,M,M,0,1.0,False,projects/1/media/chunk_0_dipika.jpeg
2807,done,93.4,93.8,AH1,2801,2814,2802-2814,"['D', 'AH1', 'N']",angry,character1,big_center,cross_hands,True,green,M,M,0,1.0,False,projects/1/media/chunk_0_dipika.jpeg
2808,done,93.4,93.8,AH1,2801,2814,2802-2814,"['D', 'AH1', 'N']",angry,character1,big_center,cross_hands,True,green,M,M,0,1.0,False,projects/1/media/chunk_0_dipika.jpeg
2809,done,93.4,93.8,AH1,2801,2814,2802-2814,"['D', 'AH1', 'N']",angry,character1,big_center,cross_hands,True,green,M,M,0,1.0,False,projects/1/media/chunk_0_dipika.jpeg
2810,done,93.4,93.8,N,2801,2814,2802-2814,"['D', 'AH1', 'N']",angry,character1,big_center,cross_hands,True,green,M,M,0,1.0,False,projects/1/media/chunk_0_dipika.jpeg
2811,done,93.4,93.8,N,2801,2814,2802-2814,"['D', 'AH1', 'N']",angry,character1,big_center,cross_hands,True,green,M,M,0,1.0,False,projects/1/media/chunk_0_dipika.jpeg
2812,done,93.4,93.8,N,2801,2814,2802-2814,"['D', 'AH1', 'N']",angry,character1,big_center,cross_hands,True,green,M,M,0,1.0,False,projects/1/media/chunk_0_dipika.jpeg
2813,done,93.4,93.8,N,2801,2814,2802-2814,"['D', 'AH1', 'N']",angry,character1,big_center,cross_hands,True,green,M,M,0,1.0,False,projects/1/media/chunk_0_dipika.jpeg
2814,done,93.4,93.8,N,2801,2814,2802-2814,"['D', 'AH1', 'N']",angry,character1,big_center,cross_hands,True,green,M,M,0,1.0,False,projects/1/media/chunk_0_dipika.jpeg
2815,done,93.4,93.8,B,2801,2814,,"['D', 'AH1', 'N']",angry,character1,big_center,cross_hands,True,green,M,M,0,1.0,False,projects/1/media/chunk_0_dipika.jpeg
2816,done,93.4,93.8,B,2801,2814,,"['D', 'AH1', 'N']",angry,character1,big_center,cross_hands,True,green,M,M,0,1.0,False,projects/1/media/chunk_0_dipika.jpeg
2817,done,93.4,93.8,B,2801,2814,,"['D', 'AH1', 'N']",angry,character1,big_center,cross_hands,True,green,M,M,0,1.0,False,projects/1/media/chunk_0_dipika.jpeg
2818,done,93.4,93.8,B,2801,2814,,"['D', 'AH1', 'N']",angry,character1,big_center,cross_hands,True,green,M,M,0,1.0,False,projects/1/media/chunk_0_dipika.jpeg
2819,done,93.4,93.8,B,2801,2814,,"['D', 'AH1', 'N']",angry,character1,big_center,cross_hands,True,green,M,M,0,1.0,False,projects/1/media/chunk_0_dipika.jpeg
2820,done,93.4,93.8,B,2801,2814,,"['D', 'AH1', 'N']",angry,character1,big_center,cross_hands,True,green,M,M,0,1.0,False,projects/1/media/chunk_0_dipika.jpeg
2821,done,93.4,93.8,B,2801,2814,,"['D', 'AH1', 'N']",angry,character1,big_center,cross_hands,True,green,M,M,0,1.0,False,projects/1/media/chunk_0_dipika.jpeg
2822,done,93.4,93.8,B,2801,2814,,"['D', 'AH1', 'N']",angry,character1,big_center,cross_hands,True,green,M,M,0,1.0,False,projects/1/media/chunk_0_dipika.jpeg
2823,done,93.4,93.8,B,2801,2814,,"['D', 'AH1', 'N']",angry,character1,big_center,cross_hands,True,green,M,M,0,1.0,False,projects/1/media/chunk_0_dipika.jpeg
2824,done,93.4,93.8,B,2801,2814,,"['D', 'AH1', 'N']",angry,character1,big_center,cross_hands,True,green,M,M,0,1.0,False,projects/1/media/chunk_0_dipika.jpeg
2825,done,93.4,93.8,B,2801,2814,,"['D', 'AH1', 'N']",angry,character1,big_center,cross_hands,True,green,M,M,0,1.0,False,projects/1/media/chunk_0_dipika.jpeg
2826,done,93.4,93.8,B,2801,2814,,"['D', 'AH1', 'N']",angry,character1,big_center,cross_hands,True,green,M,M,0,1.0,True,projects/1/media/chunk_0_dipika.jpeg
2827,done,93.4,93.8,B,2801,2814,,"['D', 'AH1', 'N']",angry,character1,big_center,cross_hands,True,green,M,M,0,1.0,True,projects/1/media/chunk_0_dipika.jpeg
2828,done,93.4,93.8,B,2801,2814,,"['D', 'AH1', 'N']",angry,character1,big_center,cross_hands,True,green,M,M,0,1.0,True,projects/1/media/chunk_0_dipika.jpeg
2829,done,93.4,93.8,B,2801,2814,,"['D', 'AH1', 'N']",angry,character1,big_center,cross_hands,True,green,M,M,0,1.0,True,projects/1/media/chunk_0_dipika.jpeg
2830,done,93.4,93.8,B,2801,2814,,"['D', 'AH1', 'N']",angry,character1,big_center,cross_hands,True,green,M,M,0,1.0,True,projects/1/media/chunk_0_dipika.jpeg
2831,done,93.4,93.8,B,2801,2814,,"['D', 'AH1', 'N']",angry,character1,big_center,cross_hands,True,green,M,M,0,1.0,False,projects/1/media/chunk_0_dipika.jpeg
2832,done,93.4,93.8,B,2801,2814,,"['D', 'AH1', 'N']",angry,character1,big_center,cross_hands,True,green,M,M,0,1.0,False,projects/1/media/chunk_0_dipika.jpeg
2833,done,93.4,93.8,B,2801,2814,,"['D', 'AH1', 'N']",angry,character1,big_center,cross_hands,True,green,M,M,0,1.0,False,projects/1/media/chunk_0_dipika.jpeg
2834,done,93.4,93.8,B,2801,2814,,"['D', 'AH1', 'N']",angry,character1,big_center,cross_hands,True,green,M,M,0,1.0,False,projects/1/media/chunk_0_dipika.jpeg
2835,done,93.4,93.8,B,2801,2814,,"['D', 'AH1', 'N']",angry,character1,big_center,cross_hands,True,green,M,M,0,1.0,False,projects/1/media/chunk_0_dipika.jpeg
2836,done,93.4,93.8,B,2801,2814,,"['D', 'AH1', 'N']",angry,character1,big_center,cross_hands,True,green,M,M,0,1.0,False,projects/1/media/chunk_0_dipika.jpeg
2837,done,93.4,93.8,B,2801,2814,,"['D', 'AH1', 'N']",angry,character1,big_center,cross_hands,True,green,M,M,0,1.0,False,projects/1/media/chunk_0_dipika.jpeg
2838,done,93.4,93.8,B,2801,2814,,"['D', 'AH1', 'N']",angry,character1,big_center,cross_hands,True,green,M,M,0,1.0,False,projects/1/media/chunk_0_dipika.jpeg
2839,done,93.4,93.8,B,2801,2814,,"['D', 'AH1', 'N']",angry,character1,big_center,cross_hands,True,green,M,M,0,1.0,False,projects/1/media/chunk_0_dipika.jpeg
2840,done,93.4,93.8,B,2801,2814,,"['D', 'AH1', 'N']",angry,character1,big_center,cross_hands,True,green,M,M,0,1.0,False,projects/1/media/chunk_0_dipika.jpeg
2841,done,93.4,93.8,B,2801,2814,,"['D', 'AH1', 'N']",angry,character1,big_center,cross_hands,True,green,M,M,0,1.0,False,projects/1/media/chunk_0_dipika.jpeg
2842,done,93.4,93.8,B,2801,2814,,"['D', 'AH1', 'N']",angry,character1,big_center,cross_hands,True,green,M,M,0,1.0,False,projects/1/media/chunk_0_dipika.jpeg
2843,done,93.4,93.8,B,2801,2814,,"['D', 'AH1', 'N']",angry,character1,big_center,cross_hands,True,green,M,M,0,1.0,False,projects/1/media/chunk_0_dipika.jpeg
2844,done,93.4,93.8,B,2801,2814,,"['D', 'AH1', 'N']",angry,character1,big_center,cross_hands,True,green,M,M,0,1.0,False,projects/1/media/chunk_0_dipika.jpeg
2845,done,93.4,93.8,B,2801,2814,,"['D', 'AH1', 'N']",angry,character1,big_center,cross_hands,True,green,M,M,0,1.0,False,projects/1/media/chunk_0_dipika.jpeg
2846,done,93.4,93.8,B,2801,2814,,"['D', 'AH1', 'N']",angry,character1,big_center,cross_hands,True,green,M,M,0,1.0,False,projects/1/media/chunk_0_dipika.jpeg
2847,done,93.4,93.8,B,2801,2814,,"['D', 'AH1', 'N']",angry,character1,big_center,cross_hands,True,green,M,M,0,1.0,False,projects/1/media/chunk_0_dipika.jpeg
2848,if,94.92,95.02,IH1,2848,2851,2848-2851,"['IH1', 'F']",angry,character1,big_center,cross_hands,True,green,M,M,0,1.0,False,projects/1/media/chunk_0_dipika.jpeg
2849,if,94.92,95.02,IH1,2848,2851,2848-2851,"['IH1', 'F']",angry,character1,big_center,cross_hands,True,green,M,M,0,1.0,False,projects/1/media/chunk_0_dipika.jpeg
2850,if,94.92,95.02,F,2848,2851,2848-2851,"['IH1', 'F']",angry,character1,big_center,cross_hands,True,green,M,M,0,1.0,False,projects/1/media/chunk_0_dipika.jpeg
2850,you,95.02,95.18,Y,2850,2855,2851-2855,"['Y', 'UW1']",angry,character1,big_center,cross_hands,True,green,M,M,0,1.0,False,projects/1/media/chunk_0_dipika.jpeg
2851,you,95.02,95.18,Y,2850,2855,2851-2855,"['Y', 'UW1']",angry,character1,big_center,cross_hands,True,green,M,M,0,1.0,False,projects/1/media/chunk_0_dipika.jpeg
2851,if,94.92,95.02,F,2848,2851,2848-2851,"['IH1', 'F']",angry,character1,big_center,cross_hands,True,green,M,M,0,1.0,False,projects/1/media/chunk_0_dipika.jpeg
2852,you,95.02,95.18,UW1,2850,2855,2851-2855,"['Y', 'UW1']",angry,character1,big_center,cross_hands,True,green,M,M,0,1.0,False,projects/1/media/chunk_0_dipika.jpeg
2853,you,95.02,95.18,UW1,2850,2855,2851-2855,"['Y', 'UW1']",angry,character1,big_center,cross_hands,True,green,M,R,0,1.0,False,projects/1/media/chunk_0_dipika.jpeg
2854,you,95.02,95.18,UW1,2850,2855,2851-2855,"['Y', 'UW1']",angry,character1,big_center,cross_hands,True,green,M,R,0,1.0,False,projects/1/media/chunk_0_dipika.jpeg
2854,still,95.18,95.44,S,2854,2863,2855-2863,"['S', 'T', 'IH1', 'L']",angry,character1,big_center,cross_hands,True,green,M,R,0,1.0,False,projects/1/media/chunk_0_dipika.jpeg
2855,you,95.02,95.18,UW1,2850,2855,2851-2855,"['Y', 'UW1']",angry,character1,big_center,cross_hands,True,green,M,R,0,1.0,False,projects/1/media/chunk_0_dipika.jpeg
2855,still,95.18,95.44,S,2854,2863,2855-2863,"['S', 'T', 'IH1', 'L']",angry,character1,big_center,cross_hands,True,green,M,R,0,1.0,False,projects/1/media/chunk_0_dipika.jpeg
2856,still,95.18,95.44,T,2854,2863,2855-2863,"['S', 'T', 'IH1', 'L']",angry,character1,big_center,cross_hands,True,green,M,R,0,1.0,False,projects/1/media/chunk_0_dipika.jpeg
2857,still,95.18,95.44,IH1,2854,2863,2855-2863,"['S', 'T', 'IH1', 'L']",angry,character1,big_center,cross_hands,True,green,M,R,0,1.0,False,projects/1/media/chunk_0_dipika.jpeg
2858,still,95.18,95.44,IH1,2854,2863,2855-2863,"['S', 'T', 'IH1', 'L']",angry,character1,big_center,cross_hands,True,green,M,R,0,1.0,False,projects/1/media/chunk_0_dipika.jpeg
2859,still,95.18,95.44,IH1,2854,2863,2855-2863,"['S', 'T', 'IH1', 'L']",angry,character1,big_center,cross_hands,True,green,M,R,0,1.0,False,projects/1/media/chunk_0_dipika.jpeg
2860,still,95.18,95.44,IH1,2854,2863,2855-2863,"['S', 'T', 'IH1', 'L']",angry,character1,big_center,cross_hands,True,green,M,R,0,1.0,False,projects/1/media/chunk_0_dipika.jpeg
2861,still,95.18,95.44,IH1,2854,2863,2855-2863,"['S', 'T', 'IH1', 'L']",angry,character1,big_center,cross_hands,True,green,M,R,0,1.0,False,projects/1/media/chunk_0_dipika.jpeg
2862,didn't,95.44,95.82,D,2862,2875,2863-2875,"['D', 'IH1', 'D', 'AH0', 'N', 'T']",angry,character1,big_center,cross_hands,True,green,M,R,0,1.0,False,projects/1/media/chunk_0_dipika.jpeg
2862,still,95.18,95.44,L,2854,2863,2855-2863,"['S', 'T', 'IH1', 'L']",angry,character1,big_center,cross_hands,True,green,M,R,0,1.0,False,projects/1/media/chunk_0_dipika.jpeg
2863,still,95.18,95.44,L,2854,2863,2855-2863,"['S', 'T', 'IH1', 'L']",angry,character1,big_center,cross_hands,True,green,M,R,0,1.0,False,projects/1/media/chunk_0_dipika.jpeg
2863,didn't,95.44,95.82,IH1,2862,2875,2863-2875,"['D', 'IH1', 'D', 'AH0', 'N', 'T']",angry,character1,big_center,cross_hands,True,green,M,R,0,1.0,False,projects/1/media/chunk_0_dipika.jpeg
2864,didn't,95.44,95.82,IH1,2862,2875,2863-2875,"['D', 'IH1', 'D', 'AH0', 'N', 'T']",angry,character1,big_center,cross_hands,True,green,M,M,0,1.0,False,projects/1/media/chunk_0_dipika.jpeg
2865,didn't,95.44,95.82,IH1,2862,2875,2863-2875,"['D', 'IH1', 'D', 'AH0', 'N', 'T']",angry,character1,big_center,cross_hands,True,green,M,M,0,1.0,False,projects/1/media/chunk_0_dipika.jpeg
2866,didn't,95.44,95.82,IH1,2862,2875,2863-2875,"['D', 'IH1', 'D', 'AH0', 'N', 'T']",angry,character1,big_center,cross_hands,True,green,M,M,0,1.0,False,projects/1/media/chunk_0_dipika.jpeg
2867,didn't,95.44,95.82,D,2862,2875,2863-2875,"['D', 'IH1', 'D', 'AH0', 'N', 'T']",angry,character1,big_center,cross_hands,True,green,M,M,0,1.0,False,projects/1/media/chunk_0_dipika.jpeg
2868,didn't,95.44,95.82,AH0,2862,2875,2863-2875,"['D', 'IH1', 'D', 'AH0', 'N', 'T']",angry,character1,big_center,cross_hands,True,green,M,M,0,1.0,False,projects/1/media/chunk_0_dipika.jpeg
2869,didn't,95.44,95.82,AH0,2862,2875,2863-2875,"['D', 'IH1', 'D', 'AH0', 'N', 'T']",angry,character1,big_center,cross_hands,True,green,M,M,0,1.0,False,projects/1/media/chunk_0_dipika.jpeg
2870,didn't,95.44,95.82,AH0,2862,2875,2863-2875,"['D', 'IH1', 'D', 'AH0', 'N', 'T']",angry,character1,big_center,cross_hands,True,green,M,M,0,1.0,False,projects/1/media/chunk_0_dipika.jpeg
2871,didn't,95.44,95.82,AH0,2862,2875,2863-2875,"['D', 'IH1', 'D', 'AH0', 'N', 'T']",angry,character1,big_center,cross_hands,True,green,M,M,0,1.0,False,projects/1/media/chunk_0_dipika.jpeg
2872,didn't,95.44,95.82,N,2862,2875,2863-2875,"['D', 'IH1', 'D', 'AH0', 'N', 'T']",angry,character1,big_center,cross_hands,True,green,M,M,0,1.0,False,projects/1/media/chunk_0_dipika.jpeg
2873,didn't,95.44,95.82,N,2862,2875,2863-2875,"['D', 'IH1', 'D', 'AH0', 'N', 'T']",angry,character1,big_center,cross_hands,True,green,M,M,0,1.0,False,projects/1/media/chunk_0_dipika.jpeg
2874,didn't,95.44,95.82,N,2862,2875,2863-2875,"['D', 'IH1', 'D', 'AH0', 'N', 'T']",angry,character1,big_center,cross_hands,True,green,M,M,0,1.0,False,projects/1/media/chunk_0_dipika.jpeg
2874,hire,95.82,96.02,HH,2874,2881,2875-2881,"['HH', 'AY1', 'ER0']",angry,character1,big_center,cross_hands,True,green,M,M,0,1.0,False,projects/1/media/chunk_0_dipika.jpeg
2875,hire,95.82,96.02,HH,2874,2881,2875-2881,"['HH', 'AY1', 'ER0']",angry,character1,big_center,cross_hands,True,green,M,M,0,1.0,False,projects/1/media/chunk_0_dipika.jpeg
2875,didn't,95.44,95.82,T,2862,2875,2863-2875,"['D', 'IH1', 'D', 'AH0', 'N', 'T']",angry,character1,big_center,cross_hands,True,green,M,M,0,1.0,False,projects/1/media/chunk_0_dipika.jpeg
2876,hire,95.82,96.02,AY1,2874,2881,2875-2881,"['HH', 'AY1', 'ER0']",angry,character1,big_center,cross_hands,True,green,M,M,0,1.0,False,projects/1/media/chunk_0_dipika.jpeg
2877,hire,95.82,96.02,AY1,2874,2881,2875-2881,"['HH', 'AY1', 'ER0']",angry,character1,big_center,cross_hands,True,green,M,M,0,1.0,False,projects/1/media/chunk_0_dipika.jpeg
2878,hire,95.82,96.02,AY1,2874,2881,2875-2881,"['HH', 'AY1', 'ER0']",angry,character1,big_center,cross_hands,True,green,M,M,0,1.0,False,projects/1/media/chunk_0_dipika.jpeg
2879,hire,95.82,96.02,ER0,2874,2881,2875-2881,"['HH', 'AY1', 'ER0']",angry,character1,big_center,cross_hands,True,green,M,M,0,1.0,False,projects/1/media/chunk_0_dipika.jpeg
2880,this,96.02,96.26,DH,2880,2888,2881-2888,"['DH', 'IH1', 'S']",angry,character1,big_center,cross_hands,True,green,M,M,0,1.0,False,projects/1/media/chunk_0_dipika.jpeg
2880,hire,95.82,96.02,ER0,2874,2881,2875-2881,"['HH', 'AY1', 'ER0']",angry,character1,big_center,cross_hands,True,green,M,M,0,1.0,False,projects/1/media/chunk_0_dipika.jpeg
2881,this,96.02,96.26,DH,2880,2888,2881-2888,"['DH', 'IH1', 'S']",angry,character1,big_center,cross_hands,True,green,M,M,0,1.0,False,projects/1/media/chunk_0_dipika.jpeg
2881,hire,95.82,96.02,ER0,2874,2881,2875-2881,"['HH', 'AY1', 'ER0']",angry,character1,big_center,cross_hands,True,green,M,M,0,1.0,False,projects/1/media/chunk_0_dipika.jpeg
2882,this,96.02,96.26,DH,2880,2888,2881-2888,"['DH', 'IH1', 'S']",angry,character1,big_center,cross_hands,True,green,M,M,0,1.0,False,projects/1/media/chunk_0_dipika.jpeg
2883,this,96.02,96.26,IH1,2880,2888,2881-2888,"['DH', 'IH1', 'S']",angry,character1,big_center,cross_hands,True,green,M,M,0,1.0,False,projects/1/media/chunk_0_dipika.jpeg
2884,this,96.02,96.26,IH1,2880,2888,2881-2888,"['DH', 'IH1', 'S']",angry,character1,big_center,cross_hands,True,green,M,M,0,1.0,False,projects/1/media/chunk_0_dipika.jpeg
2885,this,96.02,96.26,IH1,2880,2888,2881-2888,"['DH', 'IH1', 'S']",angry,character1,big_center,cross_hands,True,green,M,M,0,1.0,False,projects/1/media/chunk_0_dipika.jpeg
2886,this,96.02,96.26,S,2880,2888,2881-2888,"['DH', 'IH1', 'S']",angry,character1,big_center,cross_hands,True,green,M,M,0,1.0,False,projects/1/media/chunk_0_dipika.jpeg
2887,this,96.02,96.26,S,2880,2888,2881-2888,"['DH', 'IH1', 'S']",angry,character1,big_center,cross_hands,True,green,M,M,0,1.0,False,projects/1/media/chunk_0_dipika.jpeg
2887,editor,96.26,96.54,EH1,2887,2896,2888-2896,"['EH1', 'D', 'AH0', 'T', 'ER0']",angry,character1,big_center,cross_hands,True,green,M,M,0,1.0,False,projects/1/media/chunk_0_dipika.jpeg
2888,this,96.02,96.26,S,2880,2888,2881-2888,"['DH', 'IH1', 'S']",angry,character1,big_center,cross_hands,True,green,M,M,0,1.0,False,projects/1/media/chunk_0_dipika.jpeg
2888,editor,96.26,96.54,EH1,2887,2896,2888-2896,"['EH1', 'D', 'AH0', 'T', 'ER0']",angry,character1,big_center,cross_hands,True,green,M,M,0,1.0,False,projects/1/media/chunk_0_dipika.jpeg
2889,editor,96.26,96.54,D,2887,2896,2888-2896,"['EH1', 'D', 'AH0', 'T', 'ER0']",angry,character1,big_center,cross_hands,True,green,M,M,0,1.0,False,projects/1/media/chunk_0_dipika.jpeg
2890,editor,96.26,96.54,AH0,2887,2896,2888-2896,"['EH1', 'D', 'AH0', 'T', 'ER0']",angry,character1,big_center,cross_hands,True,green,M,M,0,1.0,False,projects/1/media/chunk_0_dipika.jpeg
2891,editor,96.26,96.54,AH0,2887,2896,2888-2896,"['EH1', 'D', 'AH0', 'T', 'ER0']",angry,character1,big_center,cross_hands,True,green,M,M,0,1.0,False,projects/1/media/chunk_0_dipika.jpeg
2892,editor,96.26,96.54,AH0,2887,2896,2888-2896,"['EH1', 'D', 'AH0', 'T', 'ER0']",angry,character1,big_center,cross_hands,True,green,M,M,0,1.0,False,projects/1/media/chunk_0_dipika.jpeg
2893,editor,96.26,96.54,T,2887,2896,2888-2896,"['EH1', 'D', 'AH0', 'T', 'ER0']",angry,character1,big_center,cross_hands,True,green,M,M,0,1.0,False,projects/1/media/chunk_0_dipika.jpeg
2894,editor,96.26,96.54,ER0,2887,2896,2888-2896,"['EH1', 'D', 'AH0', 'T', 'ER0']",angry,character1,big_center,cross_hands,True,green,M,M,0,1.0,False,projects/1/media/chunk_0_dipika.jpeg
2895,editor,96.26,96.54,ER0,2887,2896,2888-2896,"['EH1', 'D', 'AH0', 'T', 'ER0']",angry,character1,big_center,cross_hands,True,green,M,M,0,1.0,False,projects/1/media/chunk_0_dipika.jpeg
2896,editor,96.26,96.54,ER0,2887,2896,2888-2896,"['EH1', 'D', 'AH0', 'T', 'ER0']",angry,character1,big_center,cross_hands,True,green,M,M,0,1.0,False,projects/1/media/chunk_0_dipika.jpeg
2897,you're,96.58,97.0,Y,2897,2910,2897-2910,"['Y', 'UH1', 'R']",angry,character1,big_center,cross_hands,True,green,M,M,0,1.0,False,projects/1/media/chunk_0_dipika.jpeg
2898,you're,96.58,97.0,Y,2897,2910,2897-2910,"['Y', 'UH1', 'R']",angry,character1,big_center,cross_hands,True,green,M,M,0,1.0,False,projects/1/media/chunk_0_dipika.jpeg
2899,you're,96.58,97.0,UH1,2897,2910,2897-2910,"['Y', 'UH1', 'R']",angry,character1,big_center,cross_hands,True,green,M,M,0,1.0,False,projects/1/media/chunk_0_dipika.jpeg
2900,you're,96.58,97.0,UH1,2897,2910,2897-2910,"['Y', 'UH1', 'R']",angry,character1,big_center,cross_hands,True,green,M,M,0,1.0,False,projects/1/media/chunk_0_dipika.jpeg
2901,you're,96.58,97.0,UH1,2897,2910,2897-2910,"['Y', 'UH1', 'R']",angry,character1,big_center,cross_hands,True,green,M,M,0,1.0,False,projects/1/media/chunk_0_dipika.jpeg
2902,you're,96.58,97.0,UH1,2897,2910,2897-2910,"['Y', 'UH1', 'R']",angry,character1,big_center,cross_hands,True,green,M,M,0,1.0,False,projects/1/media/chunk_0_dipika.jpeg
2903,you're,96.58,97.0,UH1,2897,2910,2897-2910,"['Y', 'UH1', 'R']",angry,character1,big_center,cross_hands,True,green,M,M,0,1.0,False,projects/1/media/chunk_0_dipika.jpeg
2904,you're,96.58,97.0,UH1,2897,2910,2897-2910,"['Y', 'UH1', 'R']",angry,character1,big_center,cross_hands,True,green,M,M,0,1.0,False,projects/1/media/chunk_0_dipika.jpeg
2905,you're,96.58,97.0,UH1,2897,2910,2897-2910,"['Y', 'UH1', 'R']",angry,character1,big_center,cross_hands,True,green,M,M,0,1.0,False,projects/1/media/chunk_0_dipika.jpeg
2906,you're,96.58,97.0,R,2897,2910,2897-2910,"['Y', 'UH1', 'R']",angry,character1,big_center,cross_hands,True,green,M,M,0,1.0,False,projects/1/media/chunk_0_dipika.jpeg
2907,you're,96.58,97.0,R,2897,2910,2897-2910,"['Y', 'UH1', 'R']",angry,character1,big_center,cross_hands,True,green,M,M,0,1.0,False,projects/1/media/chunk_0_dipika.jpeg
2908,you're,96.58,97.0,R,2897,2910,2897-2910,"['Y', 'UH1', 'R']",angry,character1,big_center,cross_hands,True,green,M,M,0,1.0,False,projects/1/media/chunk_0_dipika.jpeg
2909,probably,97.0,97.32,P,2909,2920,2910-2920,"['P', 'R', 'AA1', 'B', 'AH0', 'B', 'L', 'IY0']",angry,character1,big_center,cross_hands,True,green,M,M,0,1.0,False,projects/1/media/chunk_0_dipika.jpeg
2909,you're,96.58,97.0,R,2897,2910,2897-2910,"['Y', 'UH1', 'R']",angry,character1,big_center,cross_hands,True,green,M,M,0,1.0,False,projects/1/media/chunk_0_dipika.jpeg
2910,you're,96.58,97.0,R,2897,2910,2897-2910,"['Y', 'UH1', 'R']",angry,character1,big_center,cross_hands,True,green,M,M,0,1.0,False,projects/1/media/chunk_0_dipika.jpeg
2910,probably,97.0,97.32,R,2909,2920,2910-2920,"['P', 'R', 'AA1', 'B', 'AH0', 'B', 'L', 'IY0']",angry,character1,big_center,cross_hands,True,green,M,M,0,1.0,False,projects/1/media/chunk_0_dipika.jpeg
2911,probably,97.0,97.32,R,2909,2920,2910-2920,"['P', 'R', 'AA1', 'B', 'AH0', 'B', 'L', 'IY0']",angry,character1,big_center,cross_hands,True,green,M,M,0,1.0,False,projects/1/media/chunk_0_dipika.jpeg
2912,probably,97.0,97.32,AA1,2909,2920,2910-2920,"['P', 'R', 'AA1', 'B', 'AH0', 'B', 'L', 'IY0']",angry,character1,big_center,cross_hands,True,green,M,M,0,1.0,False,projects/1/media/chunk_0_dipika.jpeg
2913,probably,97.0,97.32,B,2909,2920,2910-2920,"['P', 'R', 'AA1', 'B', 'AH0', 'B', 'L', 'IY0']",angry,character1,big_center,cross_hands,True,green,M,M,0,1.0,False,projects/1/media/chunk_0_dipika.jpeg
2914,probably,97.0,97.32,AH0,2909,2920,2910-2920,"['P', 'R', 'AA1', 'B', 'AH0', 'B', 'L', 'IY0']",angry,character1,big_center,cross_hands,True,green,M,M,0,1.0,False,projects/1/media/chunk_0_dipika.jpeg
2915,probably,97.0,97.32,AH0,2909,2920,2910-2920,"['P', 'R', 'AA1', 'B', 'AH0', 'B', 'L', 'IY0']",angry,character1,big_center,cross_hands,True,green,M,M,0,1.0,False,projects/1/media/chunk_0_dipika.jpeg
2916,probably,97.0,97.32,B,2909,2920,2910-2920,"['P', 'R', 'AA1', 'B', 'AH0', 'B', 'L', 'IY0']",angry,character1,big_center,cross_hands,True,green,M,M,0,1.0,False,projects/1/media/chunk_0_dipika.jpeg
2917,probably,97.0,97.32,L,2909,2920,2910-2920,"['P', 'R', 'AA1', 'B', 'AH0', 'B', 'L', 'IY0']",angry,character1,big_center,cross_hands,True,green,M,M,0,1.0,False,projects/1/media/chunk_0_dipika.jpeg
2918,probably,97.0,97.32,L,2909,2920,2910-2920,"['P', 'R', 'AA1', 'B', 'AH0', 'B', 'L', 'IY0']",angry,character1,big_center,cross_hands,True,green,M,M,0,1.0,False,projects/1/media/chunk_0_dipika.jpeg
2919,probably,97.0,97.32,IY0,2909,2920,2910-2920,"['P', 'R', 'AA1', 'B', 'AH0', 'B', 'L', 'IY0']",angry,character1,big_center,cross_hands,True,green,M,R,0,1.0,False,projects/1/media/chunk_0_dipika.jpeg
2919,the,97.32,97.56,DH,2919,2927,2920-2927,"['DH', 'AH0']",angry,character1,big_center,cross_hands,True,green,M,R,0,1.0,False,projects/1/media/chunk_0_dipika.jpeg
2920,probably,97.0,97.32,IY0,2909,2920,2910-2920,"['P', 'R', 'AA1', 'B', 'AH0', 'B', 'L', 'IY0']",angry,character1,big_center,cross_hands,True,green,M,R,0,1.0,False,projects/1/media/chunk_0_dipika.jpeg
2920,the,97.32,97.56,DH,2919,2927,2920-2927,"['DH', 'AH0']",angry,character1,big_center,cross_hands,True,green,M,R,0,1.0,False,projects/1/media/chunk_0_dipika.jpeg
2921,the,97.32,97.56,DH,2919,2927,2920-2927,"['DH', 'AH0']",angry,character1,big_center,cross_hands,True,green,M,R,0,1.0,False,projects/1/media/chunk_0_dipika.jpeg
2922,the,97.32,97.56,DH,2919,2927,2920-2927,"['DH', 'AH0']",angry,character1,big_center,cross_hands,True,green,M,R,0,1.0,False,projects/1/media/chunk_0_dipika.jpeg
2923,the,97.32,97.56,AH0,2919,2927,2920-2927,"['DH', 'AH0']",angry,character1,big_center,cross_hands,True,green,M,R,0,1.0,False,projects/1/media/chunk_0_dipika.jpeg
2924,the,97.32,97.56,AH0,2919,2927,2920-2927,"['DH', 'AH0']",angry,character1,big_center,cross_hands,True,green,M,R,0,1.0,False,projects/1/media/chunk_0_dipika.jpeg
2925,the,97.32,97.56,AH0,2919,2927,2920-2927,"['DH', 'AH0']",angry,character1,big_center,cross_hands,True,green,M,R,0,1.0,False,projects/1/media/chunk_0_dipika.jpeg
2926,potato,97.56,97.86,P,2926,2936,2927-2936,"['P', 'AH0', 'T', 'EY1', 'T', 'OW2']",angry,character1,big_center,cross_hands,True,green,M,R,0,1.0,False,projects/1/media/chunk_0_dipika.jpeg
2926,the,97.32,97.56,AH0,2919,2927,2920-2927,"['DH', 'AH0']",angry,character1,big_center,cross_hands,True,green,M,R,0,1.0,False,projects/1/media/chunk_0_dipika.jpeg
2927,the,97.32,97.56,AH0,2919,2927,2920-2927,"['DH', 'AH0']",angry,character1,big_center,cross_hands,True,green,M,R,0,1.0,False,projects/1/media/chunk_0_dipika.jpeg
2927,potato,97.56,97.86,AH0,2926,2936,2927-2936,"['P', 'AH0', 'T', 'EY1', 'T', 'OW2']",angry,character1,big_center,cross_hands,True,green,M,R,0,1.0,False,projects/1/media/chunk_0_dipika.jpeg
2928,potato,97.56,97.86,AH0,2926,2936,2927-2936,"['P', 'AH0', 'T', 'EY1', 'T', 'OW2']",angry,character1,big_center,cross_hands,True,green,M,R,0,1.0,False,projects/1/media/chunk_0_dipika.jpeg
2929,potato,97.56,97.86,T,2926,2936,2927-2936,"['P', 'AH0', 'T', 'EY1', 'T', 'OW2']",angry,character1,big_center,cross_hands,True,green,M,R,0,1.0,False,projects/1/media/chunk_0_dipika.jpeg
2930,potato,97.56,97.86,EY1,2926,2936,2927-2936,"['P', 'AH0', 'T', 'EY1', 'T', 'OW2']",angry,character1,big_center,cross_hands,True,green,M,M,0,1.0,False,projects/1/media/chunk_0_dipika.jpeg
2931,potato,97.56,97.86,EY1,2926,2936,2927-2936,"['P', 'AH0', 'T', 'EY1', 'T', 'OW2']",angry,character1,big_center,cross_hands,True,green,M,M,0,1.0,False,projects/1/media/chunk_0_dipika.jpeg
2932,potato,97.56,97.86,EY1,2926,2936,2927-2936,"['P', 'AH0', 'T', 'EY1', 'T', 'OW2']",angry,character1,big_center,cross_hands,True,green,M,M,0,1.0,False,projects/1/media/chunk_0_dipika.jpeg
2933,potato,97.56,97.86,T,2926,2936,2927-2936,"['P', 'AH0', 'T', 'EY1', 'T', 'OW2']",angry,character1,big_center,cross_hands,True,green,M,M,0,1.0,False,projects/1/media/chunk_0_dipika.jpeg
2934,potato,97.56,97.86,OW2,2926,2936,2927-2936,"['P', 'AH0', 'T', 'EY1', 'T', 'OW2']",angry,character1,big_center,cross_hands,True,green,M,M,0,1.0,False,projects/1/media/chunk_0_dipika.jpeg
2935,potato,97.56,97.86,OW2,2926,2936,2927-2936,"['P', 'AH0', 'T', 'EY1', 'T', 'OW2']",angry,character1,big_center,cross_hands,True,green,M,M,0,1.0,False,projects/1/media/chunk_0_dipika.jpeg
2936,potato,97.56,97.86,OW2,2926,2936,2927-2936,"['P', 'AH0', 'T', 'EY1', 'T', 'OW2']",angry,character1,big_center,cross_hands,True,green,M,M,0,1.0,False,
2937,,0.0,0.0,B,0,0,,[],angry,character1,big_center,cross_hands,False,,M,M,0,1.0,False,
2938,,0.0,0.0,B,0,0,,[],angry,character1,big_center,cross_hands,False,,M,M,0,1.0,False,
2939,,0.0,0.0,B,0,0,,[],angry,character1,big_center,cross_hands,False,,M,M,0,1.0,False,
2940,,0.0,0.0,B,0,0,,[],angry,character1,big_center,cross_hands,False,,M,M,0,1.0,False,
2941,,0.0,0.0,B,0,0,,[],angry,character1,big_center,cross_hands,False,,M,M,0,1.0,False,
2942,,0.0,0.0,B,0,0,,[],angry,character1,big_center,cross_hands,False,,M,M,0,1.0,False,
2943,,0.0,0.0,B,0,0,,[],angry,character1,big_center,cross_hands,False,,M,M,0,1.0,False,
2944,,0.0,0.0,B,0,0,,[],angry,character1,big_center,cross_hands,False,,M,M,0,1.0,False,
2945,,0.0,0.0,B,0,0,,[],angry,character1,big_center,cross_hands,False,,M,M,0,1.0,False,
2946,,0.0,0.0,B,0,0,,[],angry,character1,big_center,cross_hands,False,,M,M,0,1.0,False,
2947,,0.0,0.0,B,0,0,,[],angry,character1,big_center,cross_hands,False,,M,M,0,1.0,False,
2948,,0.0,0.0,B,0,0,,[],angry,character1,big_center,cross_hands,False,,M,M,0,1.0,False,
2949,,0.0,0.0,B,0,0,,[],angry,character1,big_center,cross_hands,False,,M,M,0,1.0,False,
2950,,0.0,0.0,B,0,0,,[],angry,character1,big_center,cross_hands,False,,M,M,0,1.0,False,
2951,,0.0,0.0,B,0,0,,[],angry,character1,big_center,cross_hands,False,,M,M,0,1.0,False,
2952,,0.0,0.0,B,0,0,,[],angry,character1,big_center,cross_hands,False,,M,M,0,1.0,False,
2953,,0.0,0.0,B,0,0,,[],angry,character1,big_center,cross_hands,False,,M,M,0,1.0,False,
2954,,0.0,0.0,B,0,0,,[],angry,character1,big_center,cross_hands,False,,M,M,0,1.0,False,
2955,,0.0,0.0,B,0,0,,[],angry,character1,big_center,cross_hands,False,,M,M,0,1.0,False,
2956,,0.0,0.0,B,0,0,,[],angry,character1,big_center,cross_hands,False,,M,M,0,1.0,False,
2957,,0.0,0.0,B,0,0,,[],angry,character1,big_center,cross_hands,False,,M,M,0,1.0,False,
2958,,0.0,0.0,B,0,0,,[],angry,character1,big_center,cross_hands,False,,M,M,0,1.0,False,
2959,,0.0,0.0,B,0,0,,[],angry,character1,big_center,cross_hands,False,,M,M,0,1.0,False,
2960,,0.0,0.0,B,0,0,,[],angry,character1,big_center,cross_hands,False,,M,M,0,1.0,False,
2961,,0.0,0.0,B,0,0,,[],angry,character1,big_center,cross_hands,False,,M,M,0,1.0,False,
2962,,0.0,0.0,B,0,0,,[],angry,character1,big_center,cross_hands,False,,M,M,0,1.0,False,
2963,,0.0,0.0,B,0,0,,[],angry,character1,big_center,cross_hands,False,,M,M,0,1.0,False,
2964,,0.0,0.0,B,0,0,,[],angry,character1,big_center,cross_hands,False,,M,M,0,1.0,False,
2965,,0.0,0.0,B,0,0,,[],angry,character1,big_center,cross_hands,False,,M,M,0,1.0,False,
2966,,0.0,0.0,B,0,0,,[],angry,character1,big_center,cross_hands,False,,M,M,0,1.0,False,
2967,,0.0,0.0,B,0,0,,[],angry,character1,big_center,cross_hands,False,,M,M,0,1.0,False,
2968,,0.0,0.0,B,0,0,,[],angry,character1,big_center,cross_hands,False,,M,M,0,1.0,False,
2969,,0.0,0.0,B,0,0,,[],angry,character1,big_center,cross_hands,False,,M,M,0,1.0,False,
2970,,0.0,0.0,B,0,0,,[],angry,character1,big_center,cross_hands,False,,M,M,0,1.0,False,
2971,,0.0,0.0,B,0,0,,[],angry,character1,big_center,cross_hands,False,,M,M,0,1.0,False,
2972,,0.0,0.0,B,0,0,,[],angry,character1,big_center,cross_hands,False,,M,M,0,1.0,False,
2973,,0.0,0.0,B,0,0,,[],angry,character1,big_center,cross_hands,False,,M,M,0,1.0,False,
2974,,0.0,0.0,B,0,0,,[],angry,character1,big_center,cross_hands,False,,M,M,0,1.0,False,
